mode: set
github.com/auucoder/gptgrok2api-go/internal/accounts/pool.go:48.59,52.2 3 1
github.com/auucoder/gptgrok2api-go/internal/accounts/pool.go:54.41,62.2 1 1
github.com/auucoder/gptgrok2api-go/internal/accounts/pool.go:64.103,66.2 1 1
github.com/auucoder/gptgrok2api-go/internal/accounts/pool.go:71.137,73.2 1 1
github.com/auucoder/gptgrok2api-go/internal/accounts/pool.go:77.159,78.6 1 1
github.com/auucoder/gptgrok2api-go/internal/accounts/pool.go:78.6,79.35 1 1
github.com/auucoder/gptgrok2api-go/internal/accounts/pool.go:79.35,81.4 1 0
github.com/auucoder/gptgrok2api-go/internal/accounts/pool.go:82.3,83.17 2 1
github.com/auucoder/gptgrok2api-go/internal/accounts/pool.go:83.17,85.4 1 0
github.com/auucoder/gptgrok2api-go/internal/accounts/pool.go:87.3,89.29 3 1
github.com/auucoder/gptgrok2api-go/internal/accounts/pool.go:89.29,92.4 2 1
github.com/auucoder/gptgrok2api-go/internal/accounts/pool.go:93.3,98.26 6 1
github.com/auucoder/gptgrok2api-go/internal/accounts/pool.go:98.26,100.4 1 1
github.com/auucoder/gptgrok2api-go/internal/accounts/pool.go:101.3,101.55 1 1
github.com/auucoder/gptgrok2api-go/internal/accounts/pool.go:101.55,103.105 2 1
github.com/auucoder/gptgrok2api-go/internal/accounts/pool.go:103.105,104.13 1 1
github.com/auucoder/gptgrok2api-go/internal/accounts/pool.go:106.4,107.50 2 1
github.com/auucoder/gptgrok2api-go/internal/accounts/pool.go:107.50,109.13 2 1
github.com/auucoder/gptgrok2api-go/internal/accounts/pool.go:111.4,111.30 1 1
github.com/auucoder/gptgrok2api-go/internal/accounts/pool.go:111.30,115.5 3 1
github.com/auucoder/gptgrok2api-go/internal/accounts/pool.go:117.3,117.13 1 1
github.com/auucoder/gptgrok2api-go/internal/accounts/pool.go:117.13,120.24 3 1
github.com/auucoder/gptgrok2api-go/internal/accounts/pool.go:120.24,122.5 1 0
github.com/auucoder/gptgrok2api-go/internal/accounts/pool.go:123.4,123.11 1 1
github.com/auucoder/gptgrok2api-go/internal/accounts/pool.go:124.22,125.26 1 0
github.com/auucoder/gptgrok2api-go/internal/accounts/pool.go:126.16,127.13 1 1
github.com/auucoder/gptgrok2api-go/internal/accounts/pool.go:133.3,136.49 4 1
github.com/auucoder/gptgrok2api-go/internal/accounts/pool.go:140.38,141.37 1 1
github.com/auucoder/gptgrok2api-go/internal/accounts/pool.go:141.37,143.3 1 0
github.com/auucoder/gptgrok2api-go/internal/accounts/pool.go:144.2,144.23 1 1
github.com/auucoder/gptgrok2api-go/internal/accounts/pool.go:144.23,147.43 3 1
github.com/auucoder/gptgrok2api-go/internal/accounts/pool.go:147.43,149.4 1 1
github.com/auucoder/gptgrok2api-go/internal/accounts/pool.go:149.9,151.4 1 0
github.com/auucoder/gptgrok2api-go/internal/accounts/pool.go:152.3,152.19 1 1
github.com/auucoder/gptgrok2api-go/internal/accounts/pool.go:156.31,159.2 2 1
github.com/auucoder/gptgrok2api-go/internal/accounts/pool.go:161.65,162.25 1 1
github.com/auucoder/gptgrok2api-go/internal/accounts/pool.go:162.25,164.3 1 0
github.com/auucoder/gptgrok2api-go/internal/accounts/pool.go:165.2,166.35 2 1
github.com/auucoder/gptgrok2api-go/internal/accounts/pool.go:166.35,172.45 4 1
github.com/auucoder/gptgrok2api-go/internal/accounts/pool.go:172.45,182.47 2 1
github.com/auucoder/gptgrok2api-go/internal/accounts/pool.go:182.47,184.5 1 1
github.com/auucoder/gptgrok2api-go/internal/accounts/pool.go:185.4,185.68 1 1
github.com/auucoder/gptgrok2api-go/internal/accounts/pool.go:187.3,187.9 1 1
github.com/auucoder/gptgrok2api-go/internal/accounts/pool.go:189.2,192.19 4 1
github.com/auucoder/gptgrok2api-go/internal/accounts/pool.go:192.19,194.3 1 1
github.com/auucoder/gptgrok2api-go/internal/accounts/pool.go:194.8,194.26 1 1
github.com/auucoder/gptgrok2api-go/internal/accounts/pool.go:194.26,195.52 1 1
github.com/auucoder/gptgrok2api-go/internal/accounts/pool.go:195.52,197.4 1 1
github.com/auucoder/gptgrok2api-go/internal/accounts/pool.go:199.2,207.19 4 1
github.com/auucoder/gptgrok2api-go/internal/accounts/pool.go:207.19,211.3 3 1
github.com/auucoder/gptgrok2api-go/internal/accounts/pool.go:211.8,211.26 1 1
github.com/auucoder/gptgrok2api-go/internal/accounts/pool.go:211.26,215.3 3 1
github.com/auucoder/gptgrok2api-go/internal/accounts/pool.go:216.2,216.16 1 1
github.com/auucoder/gptgrok2api-go/internal/accounts/pool.go:216.16,218.3 1 1
github.com/auucoder/gptgrok2api-go/internal/accounts/pool.go:219.2,220.19 2 1
github.com/auucoder/gptgrok2api-go/internal/accounts/pool.go:220.19,224.22 4 1
github.com/auucoder/gptgrok2api-go/internal/accounts/pool.go:224.22,226.4 1 1
github.com/auucoder/gptgrok2api-go/internal/accounts/pool.go:230.57,231.19 1 1
github.com/auucoder/gptgrok2api-go/internal/accounts/pool.go:231.19,233.3 1 0
github.com/auucoder/gptgrok2api-go/internal/accounts/pool.go:234.2,234.150 1 1
github.com/auucoder/gptgrok2api-go/internal/accounts/pool.go:234.150,235.77 1 1
github.com/auucoder/gptgrok2api-go/internal/accounts/pool.go:235.77,237.4 1 1
github.com/auucoder/gptgrok2api-go/internal/accounts/pool.go:239.2,239.46 1 0
github.com/auucoder/gptgrok2api-go/internal/accounts/pool.go:242.58,248.2 4 1
github.com/auucoder/gptgrok2api-go/internal/accounts/pool.go:250.50,251.16 1 1
github.com/auucoder/gptgrok2api-go/internal/accounts/pool.go:251.16,253.3 1 1
github.com/auucoder/gptgrok2api-go/internal/accounts/pool.go:254.2,255.23 2 1
github.com/auucoder/gptgrok2api-go/internal/accounts/pool.go:255.23,257.3 1 0
github.com/auucoder/gptgrok2api-go/internal/accounts/pool.go:258.2,259.36 2 1
github.com/auucoder/gptgrok2api-go/internal/accounts/pool.go:259.36,261.3 1 0
github.com/auucoder/gptgrok2api-go/internal/accounts/pool.go:262.2,263.104 2 1
github.com/auucoder/gptgrok2api-go/internal/accounts/pool.go:263.104,265.3 1 1
github.com/auucoder/gptgrok2api-go/internal/accounts/pool.go:266.2,266.44 1 0
github.com/auucoder/gptgrok2api-go/internal/accounts/pool.go:269.79,270.39 1 1
github.com/auucoder/gptgrok2api-go/internal/accounts/pool.go:270.39,272.3 1 0
github.com/auucoder/gptgrok2api-go/internal/accounts/pool.go:273.2,273.59 1 1
github.com/auucoder/gptgrok2api-go/internal/accounts/pool.go:273.59,275.3 1 1
github.com/auucoder/gptgrok2api-go/internal/accounts/pool.go:276.2,277.49 2 1
github.com/auucoder/gptgrok2api-go/internal/accounts/pool.go:277.49,279.3 1 0
github.com/auucoder/gptgrok2api-go/internal/accounts/pool.go:280.2,280.16 1 1
github.com/auucoder/gptgrok2api-go/internal/accounts/pool.go:281.128,282.37 1 0
github.com/auucoder/gptgrok2api-go/internal/accounts/pool.go:282.37,283.9 1 0
github.com/auucoder/gptgrok2api-go/internal/accounts/pool.go:285.3,285.15 1 0
github.com/auucoder/gptgrok2api-go/internal/accounts/pool.go:286.65,287.15 1 0
github.com/auucoder/gptgrok2api-go/internal/accounts/pool.go:289.2,289.114 1 1
github.com/auucoder/gptgrok2api-go/internal/accounts/pool.go:289.114,291.3 1 0
github.com/auucoder/gptgrok2api-go/internal/accounts/pool.go:292.2,292.13 1 1
github.com/auucoder/gptgrok2api-go/internal/accounts/pool.go:295.49,296.83 1 0
github.com/auucoder/gptgrok2api-go/internal/accounts/pool.go:296.83,298.3 1 0
github.com/auucoder/gptgrok2api-go/internal/accounts/pool.go:299.2,299.43 1 0
github.com/auucoder/gptgrok2api-go/internal/accounts/pool.go:299.43,301.3 1 0
github.com/auucoder/gptgrok2api-go/internal/accounts/pool.go:302.2,302.103 1 0
github.com/auucoder/gptgrok2api-go/internal/accounts/pool.go:302.103,303.37 1 0
github.com/auucoder/gptgrok2api-go/internal/accounts/pool.go:303.37,305.4 1 0
github.com/auucoder/gptgrok2api-go/internal/accounts/pool.go:307.2,307.84 1 0
github.com/auucoder/gptgrok2api-go/internal/accounts/pool.go:308.57,309.15 1 0
github.com/auucoder/gptgrok2api-go/internal/accounts/pool.go:311.2,311.87 1 0
github.com/auucoder/gptgrok2api-go/internal/accounts/pool.go:312.85,313.15 1 0
github.com/auucoder/gptgrok2api-go/internal/accounts/pool.go:315.2,315.13 1 0
github.com/auucoder/gptgrok2api-go/internal/accounts/pool.go:318.53,321.17 3 1
github.com/auucoder/gptgrok2api-go/internal/accounts/pool.go:321.17,323.3 1 0
github.com/auucoder/gptgrok2api-go/internal/accounts/pool.go:324.2,325.14 2 1
github.com/auucoder/gptgrok2api-go/internal/accounts/pool.go:326.27,327.17 1 0
github.com/auucoder/gptgrok2api-go/internal/accounts/pool.go:328.27,329.17 1 0
github.com/auucoder/gptgrok2api-go/internal/accounts/pool.go:330.10,331.17 1 1
github.com/auucoder/gptgrok2api-go/internal/accounts/pool.go:333.2,333.62 1 1
github.com/auucoder/gptgrok2api-go/internal/accounts/pool.go:336.58,338.29 2 1
github.com/auucoder/gptgrok2api-go/internal/accounts/pool.go:338.29,339.41 1 1
github.com/auucoder/gptgrok2api-go/internal/accounts/pool.go:339.41,341.4 1 1
github.com/auucoder/gptgrok2api-go/internal/accounts/pool.go:343.2,343.17 1 1
github.com/auucoder/gptgrok2api-go/internal/accounts/pool.go:346.59,347.29 1 1
github.com/auucoder/gptgrok2api-go/internal/accounts/pool.go:347.29,348.43 1 1
github.com/auucoder/gptgrok2api-go/internal/accounts/pool.go:348.43,350.4 1 1
github.com/auucoder/gptgrok2api-go/internal/accounts/pool.go:352.2,352.14 1 0
github.com/auucoder/gptgrok2api-go/internal/accounts/pool.go:355.62,356.27 1 1
github.com/auucoder/gptgrok2api-go/internal/accounts/pool.go:356.27,357.51 1 1
github.com/auucoder/gptgrok2api-go/internal/accounts/pool.go:357.51,359.4 1 1
github.com/auucoder/gptgrok2api-go/internal/accounts/pool.go:361.2,361.11 1 0
github.com/auucoder/gptgrok2api-go/internal/accounts/pool.go:364.36,365.18 1 1
github.com/auucoder/gptgrok2api-go/internal/accounts/pool.go:365.18,367.3 1 1
github.com/auucoder/gptgrok2api-go/internal/accounts/pool.go:368.2,368.37 1 1
github.com/auucoder/gptgrok2api-go/internal/accounts/pool.go:368.37,370.3 1 1
github.com/auucoder/gptgrok2api-go/internal/accounts/pool.go:371.2,371.45 1 0
github.com/auucoder/gptgrok2api-go/internal/accounts/pool.go:374.30,375.31 1 1
github.com/auucoder/gptgrok2api-go/internal/accounts/pool.go:376.11,377.15 1 0
github.com/auucoder/gptgrok2api-go/internal/accounts/pool.go:378.13,379.20 1 0
github.com/auucoder/gptgrok2api-go/internal/accounts/pool.go:380.15,381.20 1 1
github.com/auucoder/gptgrok2api-go/internal/accounts/pool.go:382.10,385.16 3 0
github.com/auucoder/gptgrok2api-go/internal/accounts/pool.go:389.47,390.31 1 1
github.com/auucoder/gptgrok2api-go/internal/accounts/pool.go:391.12,392.15 1 1
github.com/auucoder/gptgrok2api-go/internal/accounts/pool.go:393.14,394.52 1 0
github.com/auucoder/gptgrok2api-go/internal/accounts/pool.go:395.34,396.16 1 0
github.com/auucoder/gptgrok2api-go/internal/accounts/pool.go:397.33,398.15 1 0
github.com/auucoder/gptgrok2api-go/internal/accounts/pool.go:401.2,401.17 1 0
github.com/auucoder/gptgrok2api-go/internal/accounts/pool.go:404.63,405.27 1 1
github.com/auucoder/gptgrok2api-go/internal/accounts/pool.go:405.27,407.32 2 1
github.com/auucoder/gptgrok2api-go/internal/accounts/pool.go:408.16,409.20 1 0
github.com/auucoder/gptgrok2api-go/internal/accounts/pool.go:409.20,411.5 1 0
github.com/auucoder/gptgrok2api-go/internal/accounts/pool.go:412.4,412.17 1 0
github.com/auucoder/gptgrok2api-go/internal/accounts/pool.go:412.17,414.5 1 0
github.com/auucoder/gptgrok2api-go/internal/accounts/pool.go:415.14,416.30 1 0
github.com/auucoder/gptgrok2api-go/internal/accounts/pool.go:417.15,418.85 1 0
github.com/auucoder/gptgrok2api-go/internal/accounts/pool.go:418.85,420.5 1 0
github.com/auucoder/gptgrok2api-go/internal/accounts/pool.go:423.2,423.20 1 1
github.com/auucoder/gptgrok2api-go/internal/accounts/pool.go:426.47,427.25 1 1
github.com/auucoder/gptgrok2api-go/internal/accounts/pool.go:427.25,429.3 1 1
github.com/auucoder/gptgrok2api-go/internal/accounts/pool.go:430.2,430.22 1 0
github.com/auucoder/gptgrok2api-go/internal/accounts/pool.go:433.24,434.11 1 1
github.com/auucoder/gptgrok2api-go/internal/accounts/pool.go:434.11,436.3 1 1
github.com/auucoder/gptgrok2api-go/internal/accounts/pool.go:437.2,437.10 1 0
github.com/auucoder/gptgrok2api-go/internal/agentidentity/store.go:41.72,42.19 1 1
github.com/auucoder/gptgrok2api-go/internal/agentidentity/store.go:42.19,44.3 1 0
github.com/auucoder/gptgrok2api-go/internal/agentidentity/store.go:45.2,45.210 1 1
github.com/auucoder/gptgrok2api-go/internal/agentidentity/store.go:48.93,52.18 4 1
github.com/auucoder/gptgrok2api-go/internal/agentidentity/store.go:52.18,54.3 1 0
github.com/auucoder/gptgrok2api-go/internal/agentidentity/store.go:55.2,56.16 2 1
github.com/auucoder/gptgrok2api-go/internal/agentidentity/store.go:56.16,58.3 1 0
github.com/auucoder/gptgrok2api-go/internal/agentidentity/store.go:59.2,63.37 5 1
github.com/auucoder/gptgrok2api-go/internal/agentidentity/store.go:63.37,65.3 1 0
github.com/auucoder/gptgrok2api-go/internal/agentidentity/store.go:66.2,67.16 2 1
github.com/auucoder/gptgrok2api-go/internal/agentidentity/store.go:67.16,69.3 1 0
github.com/auucoder/gptgrok2api-go/internal/agentidentity/store.go:70.2,70.29 1 1
github.com/auucoder/gptgrok2api-go/internal/agentidentity/store.go:70.29,71.34 1 1
github.com/auucoder/gptgrok2api-go/internal/agentidentity/store.go:71.34,73.4 1 1
github.com/auucoder/gptgrok2api-go/internal/agentidentity/store.go:75.2,76.16 2 1
github.com/auucoder/gptgrok2api-go/internal/agentidentity/store.go:76.16,78.3 1 0
github.com/auucoder/gptgrok2api-go/internal/agentidentity/store.go:79.2,84.16 6 1
github.com/auucoder/gptgrok2api-go/internal/agentidentity/store.go:84.16,86.3 1 0
github.com/auucoder/gptgrok2api-go/internal/agentidentity/store.go:87.2,90.16 4 1
github.com/auucoder/gptgrok2api-go/internal/agentidentity/store.go:90.16,92.3 1 0
github.com/auucoder/gptgrok2api-go/internal/agentidentity/store.go:93.2,98.72 6 1
github.com/auucoder/gptgrok2api-go/internal/agentidentity/store.go:98.72,100.19 2 0
github.com/auucoder/gptgrok2api-go/internal/agentidentity/store.go:100.19,102.4 1 0
github.com/auucoder/gptgrok2api-go/internal/agentidentity/store.go:103.3,103.105 1 0
github.com/auucoder/gptgrok2api-go/internal/agentidentity/store.go:105.2,108.38 4 1
github.com/auucoder/gptgrok2api-go/internal/agentidentity/store.go:108.38,110.3 1 0
github.com/auucoder/gptgrok2api-go/internal/agentidentity/store.go:111.2,111.26 1 1
github.com/auucoder/gptgrok2api-go/internal/agentidentity/store.go:114.53,118.16 4 1
github.com/auucoder/gptgrok2api-go/internal/agentidentity/store.go:118.16,120.3 1 0
github.com/auucoder/gptgrok2api-go/internal/agentidentity/store.go:121.2,122.29 2 1
github.com/auucoder/gptgrok2api-go/internal/agentidentity/store.go:122.29,124.3 1 1
github.com/auucoder/gptgrok2api-go/internal/agentidentity/store.go:125.2,125.20 1 1
github.com/auucoder/gptgrok2api-go/internal/agentidentity/store.go:128.68,132.16 4 0
github.com/auucoder/gptgrok2api-go/internal/agentidentity/store.go:132.16,134.3 1 0
github.com/auucoder/gptgrok2api-go/internal/agentidentity/store.go:135.2,135.29 1 0
github.com/auucoder/gptgrok2api-go/internal/agentidentity/store.go:135.29,136.53 1 0
github.com/auucoder/gptgrok2api-go/internal/agentidentity/store.go:136.53,138.4 1 0
github.com/auucoder/gptgrok2api-go/internal/agentidentity/store.go:140.2,140.28 1 0
github.com/auucoder/gptgrok2api-go/internal/agentidentity/store.go:143.52,145.2 1 1
github.com/auucoder/gptgrok2api-go/internal/agentidentity/store.go:146.50,152.2 5 1
github.com/auucoder/gptgrok2api-go/internal/agentidentity/store.go:154.42,156.24 2 1
github.com/auucoder/gptgrok2api-go/internal/agentidentity/store.go:156.24,158.3 1 1
github.com/auucoder/gptgrok2api-go/internal/agentidentity/store.go:159.2,159.16 1 1
github.com/auucoder/gptgrok2api-go/internal/agentidentity/store.go:159.16,161.3 1 0
github.com/auucoder/gptgrok2api-go/internal/agentidentity/store.go:162.2,163.16 2 1
github.com/auucoder/gptgrok2api-go/internal/agentidentity/store.go:163.16,165.3 1 0
github.com/auucoder/gptgrok2api-go/internal/agentidentity/store.go:166.2,167.54 2 1
github.com/auucoder/gptgrok2api-go/internal/agentidentity/store.go:167.54,169.3 1 0
github.com/auucoder/gptgrok2api-go/internal/agentidentity/store.go:170.2,170.19 1 1
github.com/auucoder/gptgrok2api-go/internal/agentidentity/store.go:172.44,173.69 1 1
github.com/auucoder/gptgrok2api-go/internal/agentidentity/store.go:173.69,175.3 1 0
github.com/auucoder/gptgrok2api-go/internal/agentidentity/store.go:176.2,178.16 3 1
github.com/auucoder/gptgrok2api-go/internal/agentidentity/store.go:178.16,180.3 1 0
github.com/auucoder/gptgrok2api-go/internal/agentidentity/store.go:181.2,182.16 2 1
github.com/auucoder/gptgrok2api-go/internal/agentidentity/store.go:182.16,184.3 1 0
github.com/auucoder/gptgrok2api-go/internal/agentidentity/store.go:185.2,187.40 3 1
github.com/auucoder/gptgrok2api-go/internal/agentidentity/store.go:187.40,189.3 1 1
github.com/auucoder/gptgrok2api-go/internal/agentidentity/store.go:190.2,190.41 1 1
github.com/auucoder/gptgrok2api-go/internal/agentidentity/store.go:190.41,192.3 1 1
github.com/auucoder/gptgrok2api-go/internal/agentidentity/store.go:193.2,193.16 1 1
github.com/auucoder/gptgrok2api-go/internal/agentidentity/store.go:193.16,195.3 1 0
github.com/auucoder/gptgrok2api-go/internal/agentidentity/store.go:196.2,196.36 1 1
github.com/auucoder/gptgrok2api-go/internal/agentidentity/store.go:198.47,199.68 1 1
github.com/auucoder/gptgrok2api-go/internal/agentidentity/store.go:199.68,201.3 1 0
github.com/auucoder/gptgrok2api-go/internal/agentidentity/store.go:202.2,203.24 2 1
github.com/auucoder/gptgrok2api-go/internal/agentidentity/store.go:203.24,205.42 2 1
github.com/auucoder/gptgrok2api-go/internal/agentidentity/store.go:205.42,207.4 1 0
github.com/auucoder/gptgrok2api-go/internal/agentidentity/store.go:208.3,208.60 1 1
github.com/auucoder/gptgrok2api-go/internal/agentidentity/store.go:208.60,210.4 1 0
github.com/auucoder/gptgrok2api-go/internal/agentidentity/store.go:211.8,211.23 1 1
github.com/auucoder/gptgrok2api-go/internal/agentidentity/store.go:211.23,213.3 1 0
github.com/auucoder/gptgrok2api-go/internal/agentidentity/store.go:214.2,215.16 2 1
github.com/auucoder/gptgrok2api-go/internal/agentidentity/store.go:215.16,217.3 1 0
github.com/auucoder/gptgrok2api-go/internal/agentidentity/store.go:218.2,218.29 1 1
github.com/auucoder/gptgrok2api-go/internal/agentidentity/store.go:220.55,222.16 2 1
github.com/auucoder/gptgrok2api-go/internal/agentidentity/store.go:222.16,224.3 1 0
github.com/auucoder/gptgrok2api-go/internal/agentidentity/store.go:225.2,226.43 2 1
github.com/auucoder/gptgrok2api-go/internal/agentidentity/store.go:226.43,228.3 1 0
github.com/auucoder/gptgrok2api-go/internal/agentidentity/store.go:229.2,229.49 1 1
github.com/auucoder/gptgrok2api-go/internal/agentidentity/store.go:231.53,233.16 2 1
github.com/auucoder/gptgrok2api-go/internal/agentidentity/store.go:233.16,235.3 1 0
github.com/auucoder/gptgrok2api-go/internal/agentidentity/store.go:236.2,236.33 1 1
github.com/auucoder/gptgrok2api-go/internal/agentidentity/store.go:236.33,238.3 1 0
github.com/auucoder/gptgrok2api-go/internal/agentidentity/store.go:239.2,240.47 2 1
github.com/auucoder/gptgrok2api-go/internal/agentidentity/store.go:243.55,245.21 2 1
github.com/auucoder/gptgrok2api-go/internal/agentidentity/store.go:245.21,247.3 1 0
github.com/auucoder/gptgrok2api-go/internal/agentidentity/store.go:248.2,249.16 2 1
github.com/auucoder/gptgrok2api-go/internal/agentidentity/store.go:249.16,251.3 1 0
github.com/auucoder/gptgrok2api-go/internal/agentidentity/store.go:252.2,253.51 2 1
github.com/auucoder/gptgrok2api-go/internal/agentidentity/store.go:253.51,255.3 1 0
github.com/auucoder/gptgrok2api-go/internal/agentidentity/store.go:256.2,256.19 1 1
github.com/auucoder/gptgrok2api-go/internal/agentidentity/store.go:258.62,261.2 2 1
github.com/auucoder/gptgrok2api-go/internal/agentidentity/store.go:262.57,263.27 1 1
github.com/auucoder/gptgrok2api-go/internal/agentidentity/store.go:263.27,264.75 1 1
github.com/auucoder/gptgrok2api-go/internal/agentidentity/store.go:264.75,266.4 1 1
github.com/auucoder/gptgrok2api-go/internal/agentidentity/store.go:268.2,268.11 1 1
github.com/auucoder/gptgrok2api-go/internal/agentidentity/store.go:270.37,271.31 1 1
github.com/auucoder/gptgrok2api-go/internal/agentidentity/store.go:271.31,272.37 1 1
github.com/auucoder/gptgrok2api-go/internal/agentidentity/store.go:272.37,274.4 1 1
github.com/auucoder/gptgrok2api-go/internal/agentidentity/store.go:276.2,276.11 1 0
github.com/auucoder/gptgrok2api-go/internal/agentidentity/store.go:278.24,279.11 1 0
github.com/auucoder/gptgrok2api-go/internal/agentidentity/store.go:279.11,281.3 1 0
github.com/auucoder/gptgrok2api-go/internal/agentidentity/store.go:282.2,282.10 1 0
github.com/auucoder/gptgrok2api-go/internal/agentidentity/store.go:284.49,292.2 7 1
github.com/auucoder/gptgrok2api-go/cmd/gptgrok2api/main.go:19.13,21.16 2 0
github.com/auucoder/gptgrok2api-go/cmd/gptgrok2api/main.go:21.16,23.3 1 0
github.com/auucoder/gptgrok2api-go/cmd/gptgrok2api/main.go:24.2,25.19 2 0
github.com/auucoder/gptgrok2api-go/cmd/gptgrok2api/main.go:25.19,28.3 2 0
github.com/auucoder/gptgrok2api-go/cmd/gptgrok2api/main.go:28.8,30.3 1 0
github.com/auucoder/gptgrok2api-go/cmd/gptgrok2api/main.go:32.2,44.12 2 0
github.com/auucoder/gptgrok2api-go/cmd/gptgrok2api/main.go:44.12,46.90 2 0
github.com/auucoder/gptgrok2api-go/cmd/gptgrok2api/main.go:46.90,48.4 1 0
github.com/auucoder/gptgrok2api-go/cmd/gptgrok2api/main.go:51.2,57.45 6 0
github.com/auucoder/gptgrok2api-go/cmd/gptgrok2api/main.go:57.45,59.3 1 0
github.com/auucoder/gptgrok2api-go/internal/config/config.go:35.40,36.17 1 1
github.com/auucoder/gptgrok2api-go/internal/config/config.go:36.17,38.3 1 1
github.com/auucoder/gptgrok2api-go/internal/config/config.go:39.2,39.17 1 1
github.com/auucoder/gptgrok2api-go/internal/config/config.go:39.17,41.3 1 1
github.com/auucoder/gptgrok2api-go/internal/config/config.go:42.2,42.14 1 1
github.com/auucoder/gptgrok2api-go/internal/config/config.go:132.40,133.35 1 1
github.com/auucoder/gptgrok2api-go/internal/config/config.go:133.35,135.3 1 1
github.com/auucoder/gptgrok2api-go/internal/config/config.go:136.2,136.35 1 1
github.com/auucoder/gptgrok2api-go/internal/config/config.go:136.35,138.3 1 1
github.com/auucoder/gptgrok2api-go/internal/config/config.go:139.2,140.16 2 1
github.com/auucoder/gptgrok2api-go/internal/config/config.go:140.16,142.3 1 0
github.com/auucoder/gptgrok2api-go/internal/config/config.go:144.2,216.112 9 1
github.com/auucoder/gptgrok2api-go/internal/config/config.go:216.112,220.72 2 1
github.com/auucoder/gptgrok2api-go/internal/config/config.go:220.72,222.55 2 1
github.com/auucoder/gptgrok2api-go/internal/config/config.go:222.55,224.86 2 1
github.com/auucoder/gptgrok2api-go/internal/config/config.go:224.86,226.6 1 1
github.com/auucoder/gptgrok2api-go/internal/config/config.go:227.5,227.14 1 1
github.com/auucoder/gptgrok2api-go/internal/config/config.go:231.2,231.39 1 1
github.com/auucoder/gptgrok2api-go/internal/config/config.go:231.39,233.3 1 1
github.com/auucoder/gptgrok2api-go/internal/config/config.go:234.2,234.22 1 1
github.com/auucoder/gptgrok2api-go/internal/config/config.go:234.22,236.3 1 1
github.com/auucoder/gptgrok2api-go/internal/config/config.go:237.2,237.24 1 1
github.com/auucoder/gptgrok2api-go/internal/config/config.go:237.24,239.3 1 1
github.com/auucoder/gptgrok2api-go/internal/config/config.go:240.2,240.24 1 1
github.com/auucoder/gptgrok2api-go/internal/config/config.go:240.24,242.3 1 1
github.com/auucoder/gptgrok2api-go/internal/config/config.go:243.2,243.44 1 1
github.com/auucoder/gptgrok2api-go/internal/config/config.go:243.44,245.3 1 1
github.com/auucoder/gptgrok2api-go/internal/config/config.go:246.2,248.17 2 1
github.com/auucoder/gptgrok2api-go/internal/config/config.go:251.59,254.50 3 1
github.com/auucoder/gptgrok2api-go/internal/config/config.go:254.50,255.25 1 1
github.com/auucoder/gptgrok2api-go/internal/config/config.go:255.25,257.4 1 1
github.com/auucoder/gptgrok2api-go/internal/config/config.go:258.3,258.9 1 1
github.com/auucoder/gptgrok2api-go/internal/config/config.go:260.2,261.23 2 1
github.com/auucoder/gptgrok2api-go/internal/config/config.go:261.23,263.3 1 1
github.com/auucoder/gptgrok2api-go/internal/config/config.go:264.2,264.23 1 1
github.com/auucoder/gptgrok2api-go/internal/config/config.go:264.23,266.3 1 1
github.com/auucoder/gptgrok2api-go/internal/config/config.go:267.2,267.24 1 1
github.com/auucoder/gptgrok2api-go/internal/config/config.go:267.24,269.3 1 1
github.com/auucoder/gptgrok2api-go/internal/config/config.go:270.2,270.29 1 1
github.com/auucoder/gptgrok2api-go/internal/config/config.go:270.29,272.3 1 1
github.com/auucoder/gptgrok2api-go/internal/config/config.go:273.2,273.32 1 1
github.com/auucoder/gptgrok2api-go/internal/config/config.go:273.32,275.3 1 1
github.com/auucoder/gptgrok2api-go/internal/config/config.go:276.2,276.37 1 1
github.com/auucoder/gptgrok2api-go/internal/config/config.go:276.37,278.3 1 1
github.com/auucoder/gptgrok2api-go/internal/config/config.go:284.59,285.16 1 1
github.com/auucoder/gptgrok2api-go/internal/config/config.go:285.16,287.3 1 1
github.com/auucoder/gptgrok2api-go/internal/config/config.go:288.2,288.31 1 0
github.com/auucoder/gptgrok2api-go/internal/config/config.go:291.47,294.37 3 1
github.com/auucoder/gptgrok2api-go/internal/config/config.go:294.37,296.22 2 1
github.com/auucoder/gptgrok2api-go/internal/config/config.go:296.22,297.12 1 1
github.com/auucoder/gptgrok2api-go/internal/config/config.go:299.3,304.36 3 1
github.com/auucoder/gptgrok2api-go/internal/config/config.go:304.36,306.22 2 1
github.com/auucoder/gptgrok2api-go/internal/config/config.go:306.22,307.13 1 0
github.com/auucoder/gptgrok2api-go/internal/config/config.go:309.4,317.38 2 1
github.com/auucoder/gptgrok2api-go/internal/config/config.go:317.38,319.5 1 1
github.com/auucoder/gptgrok2api-go/internal/config/config.go:320.4,320.43 1 1
github.com/auucoder/gptgrok2api-go/internal/config/config.go:322.3,322.33 1 1
github.com/auucoder/gptgrok2api-go/internal/config/config.go:324.2,324.15 1 1
github.com/auucoder/gptgrok2api-go/internal/config/config.go:327.48,328.36 1 1
github.com/auucoder/gptgrok2api-go/internal/config/config.go:328.36,330.3 1 1
github.com/auucoder/gptgrok2api-go/internal/config/config.go:331.2,331.17 1 1
github.com/auucoder/gptgrok2api-go/internal/config/config.go:334.31,335.31 1 1
github.com/auucoder/gptgrok2api-go/internal/config/config.go:336.15,337.20 1 1
github.com/auucoder/gptgrok2api-go/internal/config/config.go:338.11,339.15 1 1
github.com/auucoder/gptgrok2api-go/internal/config/config.go:340.19,342.16 2 1
github.com/auucoder/gptgrok2api-go/internal/config/config.go:343.10,345.16 2 1
github.com/auucoder/gptgrok2api-go/internal/config/config.go:349.50,351.49 2 1
github.com/auucoder/gptgrok2api-go/internal/config/config.go:351.49,353.47 2 1
github.com/auucoder/gptgrok2api-go/internal/config/config.go:353.47,355.4 1 1
github.com/auucoder/gptgrok2api-go/internal/config/config.go:357.2,357.15 1 1
github.com/auucoder/gptgrok2api-go/internal/config/config.go:360.50,362.2 1 1
github.com/auucoder/gptgrok2api-go/internal/config/config.go:364.40,365.62 1 1
github.com/auucoder/gptgrok2api-go/internal/config/config.go:365.62,367.3 1 1
github.com/auucoder/gptgrok2api-go/internal/config/config.go:368.2,368.17 1 1
github.com/auucoder/gptgrok2api-go/internal/config/config.go:371.47,373.17 2 1
github.com/auucoder/gptgrok2api-go/internal/config/config.go:373.17,375.3 1 1
github.com/auucoder/gptgrok2api-go/internal/config/config.go:376.2,376.75 1 1
github.com/auucoder/gptgrok2api-go/internal/config/config.go:379.44,381.29 2 1
github.com/auucoder/gptgrok2api-go/internal/config/config.go:381.29,383.3 1 1
github.com/auucoder/gptgrok2api-go/internal/config/config.go:384.2,384.14 1 1
github.com/auucoder/gptgrok2api-go/internal/config/config.go:387.53,389.29 2 1
github.com/auucoder/gptgrok2api-go/internal/config/config.go:389.29,391.3 1 1
github.com/auucoder/gptgrok2api-go/internal/config/config.go:392.2,392.14 1 1
github.com/auucoder/gptgrok2api-go/internal/config/config.go:395.45,396.27 1 1
github.com/auucoder/gptgrok2api-go/internal/config/config.go:396.27,398.3 1 1
github.com/auucoder/gptgrok2api-go/internal/config/config.go:399.2,399.35 1 1
github.com/auucoder/gptgrok2api-go/internal/config/config.go:402.51,404.16 2 1
github.com/auucoder/gptgrok2api-go/internal/config/config.go:404.16,406.3 1 1
github.com/auucoder/gptgrok2api-go/internal/config/config.go:407.2,408.52 2 1
github.com/auucoder/gptgrok2api-go/internal/config/config.go:408.52,410.3 1 1
github.com/auucoder/gptgrok2api-go/internal/config/config.go:411.2,411.19 1 1
github.com/auucoder/gptgrok2api-go/internal/config/config.go:414.64,415.27 1 1
github.com/auucoder/gptgrok2api-go/internal/config/config.go:415.27,416.35 1 1
github.com/auucoder/gptgrok2api-go/internal/config/config.go:416.35,417.71 1 1
github.com/auucoder/gptgrok2api-go/internal/config/config.go:417.71,419.5 1 1
github.com/auucoder/gptgrok2api-go/internal/config/config.go:422.2,422.11 1 1
github.com/auucoder/gptgrok2api-go/internal/config/config.go:425.39,427.67 2 1
github.com/auucoder/gptgrok2api-go/internal/config/config.go:427.67,427.112 1 1
github.com/auucoder/gptgrok2api-go/internal/config/config.go:427.114,428.49 1 1
github.com/auucoder/gptgrok2api-go/internal/config/config.go:428.49,430.4 1 1
github.com/auucoder/gptgrok2api-go/internal/config/config.go:432.2,432.15 1 1
github.com/auucoder/gptgrok2api-go/internal/config/config.go:435.40,437.31 2 1
github.com/auucoder/gptgrok2api-go/internal/config/config.go:438.13,439.30 1 1
github.com/auucoder/gptgrok2api-go/internal/config/config.go:439.30,440.63 1 1
github.com/auucoder/gptgrok2api-go/internal/config/config.go:440.63,442.5 1 1
github.com/auucoder/gptgrok2api-go/internal/config/config.go:444.16,445.30 1 1
github.com/auucoder/gptgrok2api-go/internal/config/config.go:445.30,446.51 1 1
github.com/auucoder/gptgrok2api-go/internal/config/config.go:446.51,448.5 1 1
github.com/auucoder/gptgrok2api-go/internal/config/config.go:450.14,451.26 1 1
github.com/auucoder/gptgrok2api-go/internal/config/config.go:453.2,453.15 1 1
github.com/auucoder/gptgrok2api-go/internal/auth/auth.go:27.106,29.2 1 1
github.com/auucoder/gptgrok2api-go/internal/auth/auth.go:35.131,44.2 1 1
github.com/auucoder/gptgrok2api-go/internal/auth/auth.go:46.52,47.76 1 1
github.com/auucoder/gptgrok2api-go/internal/auth/auth.go:47.76,49.67 2 1
github.com/auucoder/gptgrok2api-go/internal/auth/auth.go:49.67,51.4 1 1
github.com/auucoder/gptgrok2api-go/internal/auth/auth.go:53.2,53.53 1 1
github.com/auucoder/gptgrok2api-go/internal/auth/auth.go:56.54,57.39 1 1
github.com/auucoder/gptgrok2api-go/internal/auth/auth.go:57.39,59.3 1 1
github.com/auucoder/gptgrok2api-go/internal/auth/auth.go:60.2,60.23 1 1
github.com/auucoder/gptgrok2api-go/internal/auth/auth.go:60.23,62.3 1 1
github.com/auucoder/gptgrok2api-go/internal/auth/auth.go:63.2,63.11 1 1
github.com/auucoder/gptgrok2api-go/internal/auth/auth.go:66.59,68.17 2 1
github.com/auucoder/gptgrok2api-go/internal/auth/auth.go:68.17,70.3 1 1
github.com/auucoder/gptgrok2api-go/internal/auth/auth.go:71.2,71.64 1 1
github.com/auucoder/gptgrok2api-go/internal/auth/auth.go:71.64,73.3 1 1
github.com/auucoder/gptgrok2api-go/internal/auth/auth.go:74.2,74.25 1 1
github.com/auucoder/gptgrok2api-go/internal/auth/auth.go:74.25,75.52 1 1
github.com/auucoder/gptgrok2api-go/internal/auth/auth.go:75.52,77.4 1 1
github.com/auucoder/gptgrok2api-go/internal/auth/auth.go:79.2,79.35 1 1
github.com/auucoder/gptgrok2api-go/internal/auth/auth.go:82.61,84.17 2 1
github.com/auucoder/gptgrok2api-go/internal/auth/auth.go:84.17,86.3 1 1
github.com/auucoder/gptgrok2api-go/internal/auth/auth.go:87.2,87.86 1 1
github.com/auucoder/gptgrok2api-go/internal/auth/auth.go:87.86,89.3 1 1
github.com/auucoder/gptgrok2api-go/internal/auth/auth.go:90.2,90.25 1 1
github.com/auucoder/gptgrok2api-go/internal/auth/auth.go:90.25,93.3 2 1
github.com/auucoder/gptgrok2api-go/internal/auth/auth.go:94.2,94.14 1 1
github.com/auucoder/gptgrok2api-go/internal/auth/auth.go:97.67,99.17 2 1
github.com/auucoder/gptgrok2api-go/internal/auth/auth.go:99.17,101.3 1 1
github.com/auucoder/gptgrok2api-go/internal/auth/auth.go:102.2,102.34 1 1
github.com/auucoder/gptgrok2api-go/internal/auth/auth.go:102.34,104.3 1 1
github.com/auucoder/gptgrok2api-go/internal/auth/auth.go:105.2,105.32 1 1
github.com/auucoder/gptgrok2api-go/internal/auth/auth.go:105.32,106.58 1 1
github.com/auucoder/gptgrok2api-go/internal/auth/auth.go:106.58,108.4 1 1
github.com/auucoder/gptgrok2api-go/internal/auth/auth.go:109.3,109.83 1 1
github.com/auucoder/gptgrok2api-go/internal/auth/auth.go:111.2,111.25 1 1
github.com/auucoder/gptgrok2api-go/internal/auth/auth.go:111.25,113.3 1 0
github.com/auucoder/gptgrok2api-go/internal/auth/auth.go:114.2,114.32 1 1
github.com/auucoder/gptgrok2api-go/internal/auth/auth.go:117.45,119.2 1 1
github.com/auucoder/gptgrok2api-go/internal/auth/auth.go:121.62,122.39 1 1
github.com/auucoder/gptgrok2api-go/internal/auth/auth.go:122.39,124.3 1 1
github.com/auucoder/gptgrok2api-go/internal/auth/auth.go:125.2,125.77 1 1
github.com/auucoder/gptgrok2api-go/internal/auth/auth.go:128.58,130.16 2 1
github.com/auucoder/gptgrok2api-go/internal/auth/auth.go:130.16,132.3 1 1
github.com/auucoder/gptgrok2api-go/internal/auth/auth.go:133.2,134.43 2 1
github.com/auucoder/gptgrok2api-go/internal/auth/auth.go:134.43,136.3 1 1
github.com/auucoder/gptgrok2api-go/internal/auth/auth.go:137.2,140.29 4 1
github.com/auucoder/gptgrok2api-go/internal/auth/auth.go:140.29,142.10 2 1
github.com/auucoder/gptgrok2api-go/internal/auth/auth.go:142.10,144.4 1 1
github.com/auucoder/gptgrok2api-go/internal/auth/auth.go:145.3,145.15 1 1
github.com/auucoder/gptgrok2api-go/internal/auth/auth.go:145.15,146.12 1 1
github.com/auucoder/gptgrok2api-go/internal/auth/auth.go:148.3,148.96 1 1
github.com/auucoder/gptgrok2api-go/internal/auth/auth.go:148.96,150.4 1 1
github.com/auucoder/gptgrok2api-go/internal/auth/auth.go:151.3,151.92 1 1
github.com/auucoder/gptgrok2api-go/internal/auth/auth.go:151.92,153.4 1 1
github.com/auucoder/gptgrok2api-go/internal/auth/auth.go:155.2,155.14 1 1
github.com/auucoder/gptgrok2api-go/internal/auth/auth.go:158.47,159.30 1 1
github.com/auucoder/gptgrok2api-go/internal/auth/auth.go:160.13,162.30 2 1
github.com/auucoder/gptgrok2api-go/internal/auth/auth.go:162.30,163.48 1 1
github.com/auucoder/gptgrok2api-go/internal/auth/auth.go:163.48,165.5 1 1
github.com/auucoder/gptgrok2api-go/internal/auth/auth.go:167.3,167.16 1 1
github.com/auucoder/gptgrok2api-go/internal/auth/auth.go:168.22,169.38 1 1
github.com/auucoder/gptgrok2api-go/internal/auth/auth.go:169.38,171.4 1 1
github.com/auucoder/gptgrok2api-go/internal/auth/auth.go:173.2,173.12 1 1
github.com/auucoder/gptgrok2api-go/internal/httpapi/account_oauth_export.go:16.76,17.27 1 0
github.com/auucoder/gptgrok2api-go/internal/httpapi/account_oauth_export.go:17.27,19.3 1 0
github.com/auucoder/gptgrok2api-go/internal/httpapi/account_oauth_export.go:20.2,20.33 1 0
github.com/auucoder/gptgrok2api-go/internal/httpapi/account_oauth_export.go:20.33,23.3 2 0
github.com/auucoder/gptgrok2api-go/internal/httpapi/account_oauth_export.go:24.2,27.71 2 0
github.com/auucoder/gptgrok2api-go/internal/httpapi/account_oauth_export.go:27.71,29.3 1 0
github.com/auucoder/gptgrok2api-go/internal/httpapi/account_oauth_export.go:30.2,31.16 2 0
github.com/auucoder/gptgrok2api-go/internal/httpapi/account_oauth_export.go:31.16,34.3 2 0
github.com/auucoder/gptgrok2api-go/internal/httpapi/account_oauth_export.go:35.2,35.37 1 0
github.com/auucoder/gptgrok2api-go/internal/httpapi/account_oauth_export.go:38.77,39.27 1 0
github.com/auucoder/gptgrok2api-go/internal/httpapi/account_oauth_export.go:39.27,41.3 1 0
github.com/auucoder/gptgrok2api-go/internal/httpapi/account_oauth_export.go:42.2,42.33 1 0
github.com/auucoder/gptgrok2api-go/internal/httpapi/account_oauth_export.go:42.33,45.3 2 0
github.com/auucoder/gptgrok2api-go/internal/httpapi/account_oauth_export.go:46.2,50.30 2 0
github.com/auucoder/gptgrok2api-go/internal/httpapi/account_oauth_export.go:50.30,52.3 1 0
github.com/auucoder/gptgrok2api-go/internal/httpapi/account_oauth_export.go:53.2,54.16 2 0
github.com/auucoder/gptgrok2api-go/internal/httpapi/account_oauth_export.go:54.16,57.3 2 0
github.com/auucoder/gptgrok2api-go/internal/httpapi/account_oauth_export.go:58.2,59.16 2 0
github.com/auucoder/gptgrok2api-go/internal/httpapi/account_oauth_export.go:59.16,62.3 2 0
github.com/auucoder/gptgrok2api-go/internal/httpapi/account_oauth_export.go:63.2,64.23 2 0
github.com/auucoder/gptgrok2api-go/internal/httpapi/account_oauth_export.go:64.23,67.3 2 0
github.com/auucoder/gptgrok2api-go/internal/httpapi/account_oauth_export.go:68.2,68.143 1 0
github.com/auucoder/gptgrok2api-go/internal/httpapi/account_oauth_export.go:71.98,73.16 2 0
github.com/auucoder/gptgrok2api-go/internal/httpapi/account_oauth_export.go:73.16,75.3 1 0
github.com/auucoder/gptgrok2api-go/internal/httpapi/account_oauth_export.go:76.2,77.16 2 0
github.com/auucoder/gptgrok2api-go/internal/httpapi/account_oauth_export.go:77.16,79.3 1 0
github.com/auucoder/gptgrok2api-go/internal/httpapi/account_oauth_export.go:80.2,81.16 2 0
github.com/auucoder/gptgrok2api-go/internal/httpapi/account_oauth_export.go:81.16,83.3 1 0
github.com/auucoder/gptgrok2api-go/internal/httpapi/account_oauth_export.go:84.2,84.21 1 0
github.com/auucoder/gptgrok2api-go/internal/httpapi/account_oauth_export.go:87.72,88.27 1 0
github.com/auucoder/gptgrok2api-go/internal/httpapi/account_oauth_export.go:88.27,90.3 1 0
github.com/auucoder/gptgrok2api-go/internal/httpapi/account_oauth_export.go:91.2,91.33 1 0
github.com/auucoder/gptgrok2api-go/internal/httpapi/account_oauth_export.go:91.33,94.3 2 0
github.com/auucoder/gptgrok2api-go/internal/httpapi/account_oauth_export.go:95.2,99.30 2 0
github.com/auucoder/gptgrok2api-go/internal/httpapi/account_oauth_export.go:99.30,101.3 1 0
github.com/auucoder/gptgrok2api-go/internal/httpapi/account_oauth_export.go:102.2,103.18 2 0
github.com/auucoder/gptgrok2api-go/internal/httpapi/account_oauth_export.go:103.18,105.3 1 0
github.com/auucoder/gptgrok2api-go/internal/httpapi/account_oauth_export.go:106.2,106.32 1 0
github.com/auucoder/gptgrok2api-go/internal/httpapi/account_oauth_export.go:106.32,109.3 2 0
github.com/auucoder/gptgrok2api-go/internal/httpapi/account_oauth_export.go:110.2,111.16 2 0
github.com/auucoder/gptgrok2api-go/internal/httpapi/account_oauth_export.go:111.16,114.3 2 0
github.com/auucoder/gptgrok2api-go/internal/httpapi/account_oauth_export.go:115.2,117.40 3 0
github.com/auucoder/gptgrok2api-go/internal/httpapi/account_oauth_export.go:117.40,119.17 2 0
github.com/auucoder/gptgrok2api-go/internal/httpapi/account_oauth_export.go:119.17,122.4 2 0
github.com/auucoder/gptgrok2api-go/internal/httpapi/account_oauth_export.go:123.3,126.9 4 0
github.com/auucoder/gptgrok2api-go/internal/httpapi/account_oauth_export.go:128.2,128.25 1 0
github.com/auucoder/gptgrok2api-go/internal/httpapi/account_oauth_export.go:128.25,131.36 3 0
github.com/auucoder/gptgrok2api-go/internal/httpapi/account_oauth_export.go:131.36,133.4 1 0
github.com/auucoder/gptgrok2api-go/internal/httpapi/account_oauth_export.go:134.3,136.9 3 0
github.com/auucoder/gptgrok2api-go/internal/httpapi/account_oauth_export.go:138.2,139.24 2 0
github.com/auucoder/gptgrok2api-go/internal/httpapi/account_oauth_export.go:139.24,141.3 1 0
github.com/auucoder/gptgrok2api-go/internal/httpapi/account_oauth_export.go:142.2,142.77 1 0
github.com/auucoder/gptgrok2api-go/internal/httpapi/account_oauth_export.go:145.79,147.16 2 0
github.com/auucoder/gptgrok2api-go/internal/httpapi/account_oauth_export.go:147.16,149.3 1 0
github.com/auucoder/gptgrok2api-go/internal/httpapi/account_oauth_export.go:150.2,152.33 3 0
github.com/auucoder/gptgrok2api-go/internal/httpapi/account_oauth_export.go:152.33,154.3 1 0
github.com/auucoder/gptgrok2api-go/internal/httpapi/account_oauth_export.go:155.2,156.32 2 0
github.com/auucoder/gptgrok2api-go/internal/httpapi/account_oauth_export.go:156.32,157.22 1 0
github.com/auucoder/gptgrok2api-go/internal/httpapi/account_oauth_export.go:157.22,158.52 1 0
github.com/auucoder/gptgrok2api-go/internal/httpapi/account_oauth_export.go:158.52,159.13 1 0
github.com/auucoder/gptgrok2api-go/internal/httpapi/account_oauth_export.go:162.3,163.9 2 0
github.com/auucoder/gptgrok2api-go/internal/httpapi/account_oauth_export.go:163.9,165.4 1 0
github.com/auucoder/gptgrok2api-go/internal/httpapi/account_oauth_export.go:167.2,167.22 1 0
github.com/auucoder/gptgrok2api-go/internal/httpapi/account_oauth_export.go:167.22,169.3 1 0
github.com/auucoder/gptgrok2api-go/internal/httpapi/account_oauth_export.go:170.2,170.20 1 0
github.com/auucoder/gptgrok2api-go/internal/httpapi/account_oauth_export.go:173.79,175.47 2 0
github.com/auucoder/gptgrok2api-go/internal/httpapi/account_oauth_export.go:175.47,177.3 1 0
github.com/auucoder/gptgrok2api-go/internal/httpapi/account_oauth_export.go:178.2,185.66 8 0
github.com/auucoder/gptgrok2api-go/internal/httpapi/account_oauth_export.go:185.66,187.3 1 0
github.com/auucoder/gptgrok2api-go/internal/httpapi/account_oauth_export.go:188.2,188.19 1 0
github.com/auucoder/gptgrok2api-go/internal/httpapi/account_oauth_export.go:191.63,193.185 2 0
github.com/auucoder/gptgrok2api-go/internal/httpapi/account_oauth_export.go:193.185,194.28 1 0
github.com/auucoder/gptgrok2api-go/internal/httpapi/account_oauth_export.go:194.28,196.4 1 0
github.com/auucoder/gptgrok2api-go/internal/httpapi/account_oauth_export.go:198.2,198.387 1 0
github.com/auucoder/gptgrok2api-go/internal/httpapi/account_oauth_export.go:201.66,206.33 5 0
github.com/auucoder/gptgrok2api-go/internal/httpapi/account_oauth_export.go:206.33,209.31 3 0
github.com/auucoder/gptgrok2api-go/internal/httpapi/account_oauth_export.go:209.31,211.4 1 0
github.com/auucoder/gptgrok2api-go/internal/httpapi/account_oauth_export.go:212.3,214.17 3 0
github.com/auucoder/gptgrok2api-go/internal/httpapi/account_oauth_export.go:214.17,216.4 1 0
github.com/auucoder/gptgrok2api-go/internal/httpapi/account_oauth_export.go:217.3,218.58 2 0
github.com/auucoder/gptgrok2api-go/internal/httpapi/account_oauth_export.go:218.58,220.4 1 0
github.com/auucoder/gptgrok2api-go/internal/httpapi/account_oauth_export.go:222.2,222.40 1 0
github.com/auucoder/gptgrok2api-go/internal/httpapi/account_oauth_export.go:222.40,224.3 1 0
github.com/auucoder/gptgrok2api-go/internal/httpapi/account_oauth_export.go:225.2,225.20 1 0
github.com/auucoder/gptgrok2api-go/internal/httpapi/account_oauth_export.go:230.48,230.86 1 0
github.com/auucoder/gptgrok2api-go/internal/httpapi/account_oauth_export.go:231.51,234.2 2 0
github.com/auucoder/gptgrok2api-go/internal/httpapi/account_oauth_export.go:236.80,238.16 2 0
github.com/auucoder/gptgrok2api-go/internal/httpapi/account_oauth_export.go:238.16,241.3 2 0
github.com/auucoder/gptgrok2api-go/internal/httpapi/account_oauth_export.go:242.2,244.33 3 0
github.com/auucoder/gptgrok2api-go/internal/httpapi/account_oauth_export.go:244.33,246.3 1 0
github.com/auucoder/gptgrok2api-go/internal/httpapi/account_oauth_export.go:247.2,249.32 3 0
github.com/auucoder/gptgrok2api-go/internal/httpapi/account_oauth_export.go:249.32,250.22 1 0
github.com/auucoder/gptgrok2api-go/internal/httpapi/account_oauth_export.go:250.22,251.52 1 0
github.com/auucoder/gptgrok2api-go/internal/httpapi/account_oauth_export.go:251.52,252.13 1 0
github.com/auucoder/gptgrok2api-go/internal/httpapi/account_oauth_export.go:255.3,256.17 2 0
github.com/auucoder/gptgrok2api-go/internal/httpapi/account_oauth_export.go:256.17,258.12 2 0
github.com/auucoder/gptgrok2api-go/internal/httpapi/account_oauth_export.go:260.3,260.38 1 0
github.com/auucoder/gptgrok2api-go/internal/httpapi/account_oauth_export.go:262.2,262.25 1 0
github.com/auucoder/gptgrok2api-go/internal/httpapi/account_oauth_export.go:262.25,265.3 2 0
github.com/auucoder/gptgrok2api-go/internal/httpapi/account_oauth_export.go:266.2,268.25 3 0
github.com/auucoder/gptgrok2api-go/internal/httpapi/account_oauth_export.go:268.25,274.3 5 0
github.com/auucoder/gptgrok2api-go/internal/httpapi/account_oauth_export.go:275.2,278.37 4 0
github.com/auucoder/gptgrok2api-go/internal/httpapi/account_oauth_export.go:278.37,282.31 4 0
github.com/auucoder/gptgrok2api-go/internal/httpapi/account_oauth_export.go:282.31,284.4 1 0
github.com/auucoder/gptgrok2api-go/internal/httpapi/account_oauth_export.go:285.3,288.40 4 0
github.com/auucoder/gptgrok2api-go/internal/httpapi/account_oauth_export.go:290.2,293.24 4 0
github.com/auucoder/gptgrok2api-go/internal/httpapi/account_oauth_export.go:296.74,297.27 1 0
github.com/auucoder/gptgrok2api-go/internal/httpapi/account_oauth_export.go:297.27,299.3 1 0
github.com/auucoder/gptgrok2api-go/internal/httpapi/account_oauth_export.go:300.2,300.32 1 0
github.com/auucoder/gptgrok2api-go/internal/httpapi/account_oauth_export.go:300.32,303.3 2 0
github.com/auucoder/gptgrok2api-go/internal/httpapi/account_oauth_export.go:304.2,305.16 2 0
github.com/auucoder/gptgrok2api-go/internal/httpapi/account_oauth_export.go:305.16,308.3 2 0
github.com/auucoder/gptgrok2api-go/internal/httpapi/account_oauth_export.go:309.2,309.72 1 0
github.com/auucoder/gptgrok2api-go/internal/httpapi/account_oauth_export.go:312.77,318.2 5 0
github.com/auucoder/gptgrok2api-go/internal/httpapi/account_oauth_export.go:322.52,324.18 2 0
github.com/auucoder/gptgrok2api-go/internal/httpapi/account_oauth_export.go:324.18,326.3 1 0
github.com/auucoder/gptgrok2api-go/internal/httpapi/account_oauth_export.go:327.2,327.22 1 0
github.com/auucoder/gptgrok2api-go/internal/httpapi/account_oauth_export.go:327.22,329.3 1 0
github.com/auucoder/gptgrok2api-go/internal/httpapi/account_oauth_export.go:330.2,330.15 1 0
github.com/auucoder/gptgrok2api-go/internal/httpapi/account_oauth_export.go:332.54,334.21 2 0
github.com/auucoder/gptgrok2api-go/internal/httpapi/account_oauth_export.go:334.21,336.3 1 0
github.com/auucoder/gptgrok2api-go/internal/httpapi/account_oauth_export.go:337.2,338.16 2 0
github.com/auucoder/gptgrok2api-go/internal/httpapi/account_oauth_export.go:338.16,340.3 1 0
github.com/auucoder/gptgrok2api-go/internal/httpapi/account_oauth_export.go:341.2,343.19 3 0
github.com/auucoder/gptgrok2api-go/internal/httpapi/account_oauth_export.go:345.41,347.19 2 1
github.com/auucoder/gptgrok2api-go/internal/httpapi/account_oauth_export.go:347.19,349.3 1 1
github.com/auucoder/gptgrok2api-go/internal/httpapi/account_oauth_export.go:350.2,350.15 1 1
github.com/auucoder/gptgrok2api-go/internal/httpapi/account_oauth_export.go:352.32,354.24 2 0
github.com/auucoder/gptgrok2api-go/internal/httpapi/account_oauth_export.go:354.24,356.3 1 0
github.com/auucoder/gptgrok2api-go/internal/httpapi/account_oauth_export.go:357.2,357.63 1 0
github.com/auucoder/gptgrok2api-go/internal/httpapi/account_refresh.go:27.84,28.27 1 0
github.com/auucoder/gptgrok2api-go/internal/httpapi/account_refresh.go:28.27,30.3 1 0
github.com/auucoder/gptgrok2api-go/internal/httpapi/account_refresh.go:31.2,31.33 1 0
github.com/auucoder/gptgrok2api-go/internal/httpapi/account_refresh.go:31.33,34.3 2 0
github.com/auucoder/gptgrok2api-go/internal/httpapi/account_refresh.go:35.2,38.30 2 0
github.com/auucoder/gptgrok2api-go/internal/httpapi/account_refresh.go:38.30,40.3 1 0
github.com/auucoder/gptgrok2api-go/internal/httpapi/account_refresh.go:41.2,42.20 2 0
github.com/auucoder/gptgrok2api-go/internal/httpapi/account_refresh.go:42.20,45.3 2 0
github.com/auucoder/gptgrok2api-go/internal/httpapi/account_refresh.go:46.2,48.27 3 0
github.com/auucoder/gptgrok2api-go/internal/httpapi/account_refresh.go:48.27,50.17 2 0
github.com/auucoder/gptgrok2api-go/internal/httpapi/account_refresh.go:50.17,52.12 2 0
github.com/auucoder/gptgrok2api-go/internal/httpapi/account_refresh.go:54.3,58.24 5 0
github.com/auucoder/gptgrok2api-go/internal/httpapi/account_refresh.go:58.24,60.12 2 0
github.com/auucoder/gptgrok2api-go/internal/httpapi/account_refresh.go:62.3,62.140 1 0
github.com/auucoder/gptgrok2api-go/internal/httpapi/account_refresh.go:62.140,64.12 2 0
github.com/auucoder/gptgrok2api-go/internal/httpapi/account_refresh.go:66.3,66.12 1 0
github.com/auucoder/gptgrok2api-go/internal/httpapi/account_refresh.go:68.2,69.144 2 0
github.com/auucoder/gptgrok2api-go/internal/httpapi/account_refresh.go:72.78,73.27 1 1
github.com/auucoder/gptgrok2api-go/internal/httpapi/account_refresh.go:73.27,75.3 1 0
github.com/auucoder/gptgrok2api-go/internal/httpapi/account_refresh.go:76.2,76.33 1 1
github.com/auucoder/gptgrok2api-go/internal/httpapi/account_refresh.go:76.33,79.3 2 0
github.com/auucoder/gptgrok2api-go/internal/httpapi/account_refresh.go:80.2,83.30 2 1
github.com/auucoder/gptgrok2api-go/internal/httpapi/account_refresh.go:83.30,85.3 1 0
github.com/auucoder/gptgrok2api-go/internal/httpapi/account_refresh.go:86.2,87.20 2 1
github.com/auucoder/gptgrok2api-go/internal/httpapi/account_refresh.go:87.20,89.17 2 0
github.com/auucoder/gptgrok2api-go/internal/httpapi/account_refresh.go:89.17,92.4 2 0
github.com/auucoder/gptgrok2api-go/internal/httpapi/account_refresh.go:93.3,93.30 1 0
github.com/auucoder/gptgrok2api-go/internal/httpapi/account_refresh.go:93.30,94.76 1 0
github.com/auucoder/gptgrok2api-go/internal/httpapi/account_refresh.go:94.76,96.5 1 0
github.com/auucoder/gptgrok2api-go/internal/httpapi/account_refresh.go:98.3,98.33 1 0
github.com/auucoder/gptgrok2api-go/internal/httpapi/account_refresh.go:100.2,100.20 1 1
github.com/auucoder/gptgrok2api-go/internal/httpapi/account_refresh.go:100.20,103.3 2 0
github.com/auucoder/gptgrok2api-go/internal/httpapi/account_refresh.go:105.2,114.72 6 1
github.com/auucoder/gptgrok2api-go/internal/httpapi/account_refresh.go:117.84,118.27 1 1
github.com/auucoder/gptgrok2api-go/internal/httpapi/account_refresh.go:118.27,120.3 1 0
github.com/auucoder/gptgrok2api-go/internal/httpapi/account_refresh.go:121.2,121.32 1 1
github.com/auucoder/gptgrok2api-go/internal/httpapi/account_refresh.go:121.32,124.3 2 0
github.com/auucoder/gptgrok2api-go/internal/httpapi/account_refresh.go:125.2,126.43 2 1
github.com/auucoder/gptgrok2api-go/internal/httpapi/account_refresh.go:126.43,129.3 2 0
github.com/auucoder/gptgrok2api-go/internal/httpapi/account_refresh.go:130.2,132.8 3 1
github.com/auucoder/gptgrok2api-go/internal/httpapi/account_refresh.go:132.8,137.3 4 1
github.com/auucoder/gptgrok2api-go/internal/httpapi/account_refresh.go:138.2,139.9 2 1
github.com/auucoder/gptgrok2api-go/internal/httpapi/account_refresh.go:139.9,142.3 2 0
github.com/auucoder/gptgrok2api-go/internal/httpapi/account_refresh.go:143.2,143.39 1 1
github.com/auucoder/gptgrok2api-go/internal/httpapi/account_refresh.go:146.70,150.27 4 1
github.com/auucoder/gptgrok2api-go/internal/httpapi/account_refresh.go:150.27,153.13 3 1
github.com/auucoder/gptgrok2api-go/internal/httpapi/account_refresh.go:153.13,156.17 3 1
github.com/auucoder/gptgrok2api-go/internal/httpapi/account_refresh.go:156.17,156.26 1 1
github.com/auucoder/gptgrok2api-go/internal/httpapi/account_refresh.go:157.4,157.45 1 1
github.com/auucoder/gptgrok2api-go/internal/httpapi/account_refresh.go:160.2,163.16 4 1
github.com/auucoder/gptgrok2api-go/internal/httpapi/account_refresh.go:163.16,166.3 2 0
github.com/auucoder/gptgrok2api-go/internal/httpapi/account_refresh.go:167.2,168.64 2 1
github.com/auucoder/gptgrok2api-go/internal/httpapi/account_refresh.go:168.64,169.29 1 1
github.com/auucoder/gptgrok2api-go/internal/httpapi/account_refresh.go:169.29,171.4 1 1
github.com/auucoder/gptgrok2api-go/internal/httpapi/account_refresh.go:172.3,174.23 3 1
github.com/auucoder/gptgrok2api-go/internal/httpapi/account_refresh.go:176.2,176.22 1 1
github.com/auucoder/gptgrok2api-go/internal/httpapi/account_refresh.go:179.84,183.16 4 1
github.com/auucoder/gptgrok2api-go/internal/httpapi/account_refresh.go:183.16,186.3 2 0
github.com/auucoder/gptgrok2api-go/internal/httpapi/account_refresh.go:187.2,188.29 2 1
github.com/auucoder/gptgrok2api-go/internal/httpapi/account_refresh.go:188.29,189.35 1 1
github.com/auucoder/gptgrok2api-go/internal/httpapi/account_refresh.go:189.35,191.9 2 1
github.com/auucoder/gptgrok2api-go/internal/httpapi/account_refresh.go:194.2,194.20 1 1
github.com/auucoder/gptgrok2api-go/internal/httpapi/account_refresh.go:194.20,197.3 2 1
github.com/auucoder/gptgrok2api-go/internal/httpapi/account_refresh.go:198.2,200.16 3 1
github.com/auucoder/gptgrok2api-go/internal/httpapi/account_refresh.go:200.16,201.69 1 1
github.com/auucoder/gptgrok2api-go/internal/httpapi/account_refresh.go:201.69,203.4 1 1
github.com/auucoder/gptgrok2api-go/internal/httpapi/account_refresh.go:204.3,205.9 2 1
github.com/auucoder/gptgrok2api-go/internal/httpapi/account_refresh.go:207.2,208.22 2 1
github.com/auucoder/gptgrok2api-go/internal/httpapi/account_refresh.go:208.22,211.3 2 0
github.com/auucoder/gptgrok2api-go/internal/httpapi/account_refresh.go:212.2,212.20 1 1
github.com/auucoder/gptgrok2api-go/internal/httpapi/account_refresh.go:212.20,215.3 2 0
github.com/auucoder/gptgrok2api-go/internal/httpapi/account_refresh.go:216.2,217.44 2 1
github.com/auucoder/gptgrok2api-go/internal/httpapi/account_refresh.go:220.70,222.19 2 1
github.com/auucoder/gptgrok2api-go/internal/httpapi/account_refresh.go:222.19,227.3 1 0
github.com/auucoder/gptgrok2api-go/internal/httpapi/account_refresh.go:228.2,234.3 1 1
github.com/auucoder/gptgrok2api-go/internal/httpapi/account_refresh.go:237.58,239.64 2 1
github.com/auucoder/gptgrok2api-go/internal/httpapi/account_refresh.go:239.64,241.29 2 1
github.com/auucoder/gptgrok2api-go/internal/httpapi/account_refresh.go:241.29,243.4 1 1
github.com/auucoder/gptgrok2api-go/internal/httpapi/account_refresh.go:244.3,244.76 1 1
github.com/auucoder/gptgrok2api-go/internal/httpapi/account_refresh.go:246.2,246.22 1 1
github.com/auucoder/gptgrok2api-go/internal/httpapi/account_refresh.go:249.72,251.64 2 1
github.com/auucoder/gptgrok2api-go/internal/httpapi/account_refresh.go:251.64,253.29 2 1
github.com/auucoder/gptgrok2api-go/internal/httpapi/account_refresh.go:253.29,255.4 1 1
github.com/auucoder/gptgrok2api-go/internal/httpapi/account_refresh.go:256.3,258.42 3 1
github.com/auucoder/gptgrok2api-go/internal/httpapi/account_refresh.go:260.2,263.65 2 1
github.com/auucoder/gptgrok2api-go/internal/httpapi/account_refresh.go:263.65,265.3 1 1
github.com/auucoder/gptgrok2api-go/internal/httpapi/account_refresh.go:268.38,270.29 2 1
github.com/auucoder/gptgrok2api-go/internal/httpapi/account_refresh.go:270.29,272.3 1 1
github.com/auucoder/gptgrok2api-go/internal/httpapi/account_refresh.go:273.2,273.16 1 0
github.com/auucoder/gptgrok2api-go/internal/httpapi/account_refresh.go:273.16,275.3 1 0
github.com/auucoder/gptgrok2api-go/internal/httpapi/account_refresh.go:276.2,276.14 1 0
github.com/auucoder/gptgrok2api-go/internal/httpapi/account_refresh.go:279.81,282.17 3 1
github.com/auucoder/gptgrok2api-go/internal/httpapi/account_refresh.go:282.17,284.3 1 0
github.com/auucoder/gptgrok2api-go/internal/httpapi/account_refresh.go:285.2,286.64 2 1
github.com/auucoder/gptgrok2api-go/internal/httpapi/account_refresh.go:286.64,289.3 2 1
github.com/auucoder/gptgrok2api-go/internal/httpapi/account_refresh.go:290.2,290.22 1 1
github.com/auucoder/gptgrok2api-go/internal/httpapi/account_refresh.go:293.97,296.64 3 0
github.com/auucoder/gptgrok2api-go/internal/httpapi/account_refresh.go:296.64,300.3 3 0
github.com/auucoder/gptgrok2api-go/internal/httpapi/account_refresh.go:303.67,305.16 2 1
github.com/auucoder/gptgrok2api-go/internal/httpapi/account_refresh.go:305.16,307.3 1 0
github.com/auucoder/gptgrok2api-go/internal/httpapi/account_refresh.go:308.2,308.29 1 1
github.com/auucoder/gptgrok2api-go/internal/httpapi/account_refresh.go:308.29,309.35 1 1
github.com/auucoder/gptgrok2api-go/internal/httpapi/account_refresh.go:309.35,311.4 1 1
github.com/auucoder/gptgrok2api-go/internal/httpapi/account_refresh.go:313.2,313.45 1 1
github.com/auucoder/gptgrok2api-go/internal/httpapi/account_refresh.go:316.61,317.16 1 1
github.com/auucoder/gptgrok2api-go/internal/httpapi/account_refresh.go:317.16,319.3 1 0
github.com/auucoder/gptgrok2api-go/internal/httpapi/account_refresh.go:320.2,328.51 4 1
github.com/auucoder/gptgrok2api-go/internal/httpapi/account_refresh.go:328.51,337.3 1 0
github.com/auucoder/gptgrok2api-go/internal/httpapi/account_refresh.go:338.2,341.37 1 1
github.com/auucoder/gptgrok2api-go/internal/httpapi/account_refresh.go:341.37,349.3 1 0
github.com/auucoder/gptgrok2api-go/internal/httpapi/account_refresh.go:350.2,359.3 1 1
github.com/auucoder/gptgrok2api-go/internal/httpapi/account_refresh.go:362.55,364.31 2 1
github.com/auucoder/gptgrok2api-go/internal/httpapi/account_refresh.go:364.31,366.3 1 1
github.com/auucoder/gptgrok2api-go/internal/httpapi/account_refresh.go:367.2,367.13 1 1
github.com/auucoder/gptgrok2api-go/internal/httpapi/account_refresh.go:370.41,371.16 1 1
github.com/auucoder/gptgrok2api-go/internal/httpapi/account_refresh.go:371.16,373.3 1 0
github.com/auucoder/gptgrok2api-go/internal/httpapi/account_refresh.go:374.2,375.24 2 1
github.com/auucoder/gptgrok2api-go/internal/httpapi/account_refresh.go:375.24,377.3 1 0
github.com/auucoder/gptgrok2api-go/internal/httpapi/account_refresh.go:378.2,378.16 1 1
github.com/auucoder/gptgrok2api-go/internal/httpapi/admin_backup.go:14.69,15.27 1 1
github.com/auucoder/gptgrok2api-go/internal/httpapi/admin_backup.go:15.27,17.3 1 0
github.com/auucoder/gptgrok2api-go/internal/httpapi/admin_backup.go:18.2,19.9 2 1
github.com/auucoder/gptgrok2api-go/internal/httpapi/admin_backup.go:20.65,21.19 1 0
github.com/auucoder/gptgrok2api-go/internal/httpapi/admin_backup.go:22.53,23.17 1 1
github.com/auucoder/gptgrok2api-go/internal/httpapi/admin_backup.go:24.56,25.23 1 0
github.com/auucoder/gptgrok2api-go/internal/httpapi/admin_backup.go:26.55,27.23 1 0
github.com/auucoder/gptgrok2api-go/internal/httpapi/admin_backup.go:28.57,29.25 1 0
github.com/auucoder/gptgrok2api-go/internal/httpapi/admin_backup.go:30.10,31.79 1 0
github.com/auucoder/gptgrok2api-go/internal/httpapi/admin_backup.go:35.37,35.87 1 1
github.com/auucoder/gptgrok2api-go/internal/httpapi/admin_backup.go:37.53,40.32 3 0
github.com/auucoder/gptgrok2api-go/internal/httpapi/admin_backup.go:40.32,41.60 1 0
github.com/auucoder/gptgrok2api-go/internal/httpapi/admin_backup.go:41.60,42.12 1 0
github.com/auucoder/gptgrok2api-go/internal/httpapi/admin_backup.go:44.3,45.17 2 0
github.com/auucoder/gptgrok2api-go/internal/httpapi/admin_backup.go:45.17,46.12 1 0
github.com/auucoder/gptgrok2api-go/internal/httpapi/admin_backup.go:48.3,48.56 1 0
github.com/auucoder/gptgrok2api-go/internal/httpapi/admin_backup.go:50.2,50.40 1 0
github.com/auucoder/gptgrok2api-go/internal/httpapi/admin_backup.go:50.40,50.124 1 0
github.com/auucoder/gptgrok2api-go/internal/httpapi/admin_backup.go:51.2,55.4 1 0
github.com/auucoder/gptgrok2api-go/internal/httpapi/admin_backup.go:58.51,59.58 1 1
github.com/auucoder/gptgrok2api-go/internal/httpapi/admin_backup.go:59.58,62.3 2 0
github.com/auucoder/gptgrok2api-go/internal/httpapi/admin_backup.go:63.2,66.16 4 1
github.com/auucoder/gptgrok2api-go/internal/httpapi/admin_backup.go:66.16,69.3 2 0
github.com/auucoder/gptgrok2api-go/internal/httpapi/admin_backup.go:70.2,82.29 3 1
github.com/auucoder/gptgrok2api-go/internal/httpapi/admin_backup.go:82.29,83.70 1 1
github.com/auucoder/gptgrok2api-go/internal/httpapi/admin_backup.go:83.70,89.4 5 0
github.com/auucoder/gptgrok2api-go/internal/httpapi/admin_backup.go:91.2,91.40 1 1
github.com/auucoder/gptgrok2api-go/internal/httpapi/admin_backup.go:91.40,96.3 4 0
github.com/auucoder/gptgrok2api-go/internal/httpapi/admin_backup.go:97.2,97.37 1 1
github.com/auucoder/gptgrok2api-go/internal/httpapi/admin_backup.go:97.37,101.3 3 0
github.com/auucoder/gptgrok2api-go/internal/httpapi/admin_backup.go:102.2,103.91 2 1
github.com/auucoder/gptgrok2api-go/internal/httpapi/admin_backup.go:106.66,108.24 2 1
github.com/auucoder/gptgrok2api-go/internal/httpapi/admin_backup.go:108.24,110.3 1 1
github.com/auucoder/gptgrok2api-go/internal/httpapi/admin_backup.go:111.2,111.16 1 1
github.com/auucoder/gptgrok2api-go/internal/httpapi/admin_backup.go:111.16,113.3 1 0
github.com/auucoder/gptgrok2api-go/internal/httpapi/admin_backup.go:114.2,115.16 2 1
github.com/auucoder/gptgrok2api-go/internal/httpapi/admin_backup.go:115.16,117.3 1 0
github.com/auucoder/gptgrok2api-go/internal/httpapi/admin_backup.go:118.2,119.12 2 1
github.com/auucoder/gptgrok2api-go/internal/httpapi/admin_backup.go:122.63,124.17 2 1
github.com/auucoder/gptgrok2api-go/internal/httpapi/admin_backup.go:124.17,128.3 3 1
github.com/auucoder/gptgrok2api-go/internal/httpapi/admin_backup.go:129.2,129.13 1 1
github.com/auucoder/gptgrok2api-go/internal/httpapi/admin_backup.go:132.56,134.75 2 0
github.com/auucoder/gptgrok2api-go/internal/httpapi/admin_backup.go:134.75,136.3 1 0
github.com/auucoder/gptgrok2api-go/internal/httpapi/admin_backup.go:137.2,138.36 2 0
github.com/auucoder/gptgrok2api-go/internal/httpapi/admin_backup.go:138.36,140.3 1 0
github.com/auucoder/gptgrok2api-go/internal/httpapi/admin_backup.go:141.2,141.41 1 0
github.com/auucoder/gptgrok2api-go/internal/httpapi/admin_backup.go:141.41,143.3 1 0
github.com/auucoder/gptgrok2api-go/internal/httpapi/admin_backup.go:144.2,144.19 1 0
github.com/auucoder/gptgrok2api-go/internal/httpapi/admin_backup.go:147.71,151.33 2 0
github.com/auucoder/gptgrok2api-go/internal/httpapi/admin_backup.go:151.33,153.3 1 0
github.com/auucoder/gptgrok2api-go/internal/httpapi/admin_backup.go:154.2,155.35 2 0
github.com/auucoder/gptgrok2api-go/internal/httpapi/admin_backup.go:155.35,158.3 2 0
github.com/auucoder/gptgrok2api-go/internal/httpapi/admin_backup.go:159.2,159.57 1 0
github.com/auucoder/gptgrok2api-go/internal/httpapi/admin_backup.go:162.71,164.9 2 0
github.com/auucoder/gptgrok2api-go/internal/httpapi/admin_backup.go:164.9,167.3 2 0
github.com/auucoder/gptgrok2api-go/internal/httpapi/admin_backup.go:168.2,169.16 2 0
github.com/auucoder/gptgrok2api-go/internal/httpapi/admin_backup.go:169.16,172.3 2 0
github.com/auucoder/gptgrok2api-go/internal/httpapi/admin_backup.go:173.2,173.84 1 0
github.com/auucoder/gptgrok2api-go/internal/httpapi/admin_backup.go:176.73,178.9 2 0
github.com/auucoder/gptgrok2api-go/internal/httpapi/admin_backup.go:178.9,181.3 2 0
github.com/auucoder/gptgrok2api-go/internal/httpapi/admin_backup.go:182.2,184.28 3 0
github.com/auucoder/gptgrok2api-go/internal/httpapi/admin_extra.go:65.73,66.25 1 0
github.com/auucoder/gptgrok2api-go/internal/httpapi/admin_extra.go:66.25,68.3 1 0
github.com/auucoder/gptgrok2api-go/internal/httpapi/admin_extra.go:69.2,69.32 1 0
github.com/auucoder/gptgrok2api-go/internal/httpapi/admin_extra.go:69.32,72.3 2 0
github.com/auucoder/gptgrok2api-go/internal/httpapi/admin_extra.go:73.2,75.68 3 0
github.com/auucoder/gptgrok2api-go/internal/httpapi/admin_extra.go:75.68,77.3 1 0
github.com/auucoder/gptgrok2api-go/internal/httpapi/admin_extra.go:78.2,78.71 1 0
github.com/auucoder/gptgrok2api-go/internal/httpapi/admin_extra.go:81.71,82.27 1 0
github.com/auucoder/gptgrok2api-go/internal/httpapi/admin_extra.go:82.27,84.3 1 0
github.com/auucoder/gptgrok2api-go/internal/httpapi/admin_extra.go:85.2,86.33 2 0
github.com/auucoder/gptgrok2api-go/internal/httpapi/admin_extra.go:86.33,87.20 1 0
github.com/auucoder/gptgrok2api-go/internal/httpapi/admin_extra.go:87.20,88.12 1 0
github.com/auucoder/gptgrok2api-go/internal/httpapi/admin_extra.go:90.3,90.10 1 0
github.com/auucoder/gptgrok2api-go/internal/httpapi/admin_extra.go:91.40,92.32 1 0
github.com/auucoder/gptgrok2api-go/internal/httpapi/admin_extra.go:93.81,94.36 1 0
github.com/auucoder/gptgrok2api-go/internal/httpapi/admin_extra.go:95.41,96.36 1 0
github.com/auucoder/gptgrok2api-go/internal/httpapi/admin_extra.go:99.2,105.4 1 0
github.com/auucoder/gptgrok2api-go/internal/httpapi/admin_extra.go:108.71,109.27 1 0
github.com/auucoder/gptgrok2api-go/internal/httpapi/admin_extra.go:109.27,111.3 1 0
github.com/auucoder/gptgrok2api-go/internal/httpapi/admin_extra.go:112.2,112.33 1 0
github.com/auucoder/gptgrok2api-go/internal/httpapi/admin_extra.go:112.33,114.34 2 0
github.com/auucoder/gptgrok2api-go/internal/httpapi/admin_extra.go:114.34,116.4 1 0
github.com/auucoder/gptgrok2api-go/internal/httpapi/admin_extra.go:117.3,117.75 1 0
github.com/auucoder/gptgrok2api-go/internal/httpapi/admin_extra.go:117.75,120.4 2 0
github.com/auucoder/gptgrok2api-go/internal/httpapi/admin_extra.go:121.3,121.49 1 0
github.com/auucoder/gptgrok2api-go/internal/httpapi/admin_extra.go:121.49,124.4 2 0
github.com/auucoder/gptgrok2api-go/internal/httpapi/admin_extra.go:126.2,128.60 3 0
github.com/auucoder/gptgrok2api-go/internal/httpapi/admin_extra.go:128.60,130.3 1 0
github.com/auucoder/gptgrok2api-go/internal/httpapi/admin_extra.go:131.2,131.102 1 0
github.com/auucoder/gptgrok2api-go/internal/httpapi/admin_extra.go:134.66,135.27 1 0
github.com/auucoder/gptgrok2api-go/internal/httpapi/admin_extra.go:135.27,137.3 1 0
github.com/auucoder/gptgrok2api-go/internal/httpapi/admin_extra.go:138.2,138.32 1 0
github.com/auucoder/gptgrok2api-go/internal/httpapi/admin_extra.go:138.32,141.3 2 0
github.com/auucoder/gptgrok2api-go/internal/httpapi/admin_extra.go:142.2,147.29 6 0
github.com/auucoder/gptgrok2api-go/internal/httpapi/admin_extra.go:147.29,148.31 1 0
github.com/auucoder/gptgrok2api-go/internal/httpapi/admin_extra.go:148.31,149.12 1 0
github.com/auucoder/gptgrok2api-go/internal/httpapi/admin_extra.go:151.3,151.36 1 0
github.com/auucoder/gptgrok2api-go/internal/httpapi/admin_extra.go:154.2,154.49 1 0
github.com/auucoder/gptgrok2api-go/internal/httpapi/admin_extra.go:154.49,154.125 1 0
github.com/auucoder/gptgrok2api-go/internal/httpapi/admin_extra.go:155.2,156.20 2 0
github.com/auucoder/gptgrok2api-go/internal/httpapi/admin_extra.go:156.20,158.3 1 0
github.com/auucoder/gptgrok2api-go/internal/httpapi/admin_extra.go:159.2,160.17 2 0
github.com/auucoder/gptgrok2api-go/internal/httpapi/admin_extra.go:160.17,162.3 1 0
github.com/auucoder/gptgrok2api-go/internal/httpapi/admin_extra.go:163.2,163.126 1 0
github.com/auucoder/gptgrok2api-go/internal/httpapi/admin_extra.go:166.69,167.27 1 0
github.com/auucoder/gptgrok2api-go/internal/httpapi/admin_extra.go:167.27,169.3 1 0
github.com/auucoder/gptgrok2api-go/internal/httpapi/admin_extra.go:170.2,170.33 1 0
github.com/auucoder/gptgrok2api-go/internal/httpapi/admin_extra.go:170.33,173.3 2 0
github.com/auucoder/gptgrok2api-go/internal/httpapi/admin_extra.go:174.2,177.30 2 0
github.com/auucoder/gptgrok2api-go/internal/httpapi/admin_extra.go:177.30,179.3 1 0
github.com/auucoder/gptgrok2api-go/internal/httpapi/admin_extra.go:180.2,181.30 2 0
github.com/auucoder/gptgrok2api-go/internal/httpapi/admin_extra.go:181.30,182.43 1 0
github.com/auucoder/gptgrok2api-go/internal/httpapi/admin_extra.go:182.43,184.4 1 0
github.com/auucoder/gptgrok2api-go/internal/httpapi/admin_extra.go:186.2,186.23 1 0
github.com/auucoder/gptgrok2api-go/internal/httpapi/admin_extra.go:186.23,189.3 2 0
github.com/auucoder/gptgrok2api-go/internal/httpapi/admin_extra.go:190.2,192.16 3 0
github.com/auucoder/gptgrok2api-go/internal/httpapi/admin_extra.go:192.16,193.25 1 0
github.com/auucoder/gptgrok2api-go/internal/httpapi/admin_extra.go:193.25,196.4 2 0
github.com/auucoder/gptgrok2api-go/internal/httpapi/admin_extra.go:197.3,198.9 2 0
github.com/auucoder/gptgrok2api-go/internal/httpapi/admin_extra.go:200.2,202.56 3 0
github.com/auucoder/gptgrok2api-go/internal/httpapi/admin_extra.go:202.56,203.36 1 0
github.com/auucoder/gptgrok2api-go/internal/httpapi/admin_extra.go:203.36,204.12 1 0
github.com/auucoder/gptgrok2api-go/internal/httpapi/admin_extra.go:206.3,207.85 2 0
github.com/auucoder/gptgrok2api-go/internal/httpapi/admin_extra.go:207.85,209.12 2 0
github.com/auucoder/gptgrok2api-go/internal/httpapi/admin_extra.go:211.3,211.28 1 0
github.com/auucoder/gptgrok2api-go/internal/httpapi/admin_extra.go:213.2,213.88 1 0
github.com/auucoder/gptgrok2api-go/internal/httpapi/admin_extra.go:213.88,216.3 2 0
github.com/auucoder/gptgrok2api-go/internal/httpapi/admin_extra.go:217.2,217.65 1 0
github.com/auucoder/gptgrok2api-go/internal/httpapi/admin_extra.go:220.50,223.16 3 1
github.com/auucoder/gptgrok2api-go/internal/httpapi/admin_extra.go:223.16,225.3 1 1
github.com/auucoder/gptgrok2api-go/internal/httpapi/admin_extra.go:226.2,230.21 5 1
github.com/auucoder/gptgrok2api-go/internal/httpapi/admin_extra.go:230.21,232.67 2 1
github.com/auucoder/gptgrok2api-go/internal/httpapi/admin_extra.go:232.67,234.4 1 1
github.com/auucoder/gptgrok2api-go/internal/httpapi/admin_extra.go:236.2,236.14 1 1
github.com/auucoder/gptgrok2api-go/internal/httpapi/admin_extra.go:239.61,240.34 1 0
github.com/auucoder/gptgrok2api-go/internal/httpapi/admin_extra.go:240.34,240.102 1 0
github.com/auucoder/gptgrok2api-go/internal/httpapi/admin_extra.go:241.2,241.100 1 0
github.com/auucoder/gptgrok2api-go/internal/httpapi/admin_extra.go:241.100,243.72 2 0
github.com/auucoder/gptgrok2api-go/internal/httpapi/admin_extra.go:243.72,245.4 1 0
github.com/auucoder/gptgrok2api-go/internal/httpapi/admin_extra.go:247.2,247.85 1 0
github.com/auucoder/gptgrok2api-go/internal/httpapi/admin_extra.go:247.85,249.62 2 0
github.com/auucoder/gptgrok2api-go/internal/httpapi/admin_extra.go:249.62,251.4 1 0
github.com/auucoder/gptgrok2api-go/internal/httpapi/admin_extra.go:253.2,253.13 1 0
github.com/auucoder/gptgrok2api-go/internal/httpapi/admin_extra.go:256.70,257.27 1 0
github.com/auucoder/gptgrok2api-go/internal/httpapi/admin_extra.go:257.27,259.3 1 0
github.com/auucoder/gptgrok2api-go/internal/httpapi/admin_extra.go:260.2,260.32 1 0
github.com/auucoder/gptgrok2api-go/internal/httpapi/admin_extra.go:260.32,263.3 2 0
github.com/auucoder/gptgrok2api-go/internal/httpapi/admin_extra.go:264.2,267.29 4 0
github.com/auucoder/gptgrok2api-go/internal/httpapi/admin_extra.go:267.29,269.26 2 0
github.com/auucoder/gptgrok2api-go/internal/httpapi/admin_extra.go:269.26,270.9 1 0
github.com/auucoder/gptgrok2api-go/internal/httpapi/admin_extra.go:273.2,273.24 1 0
github.com/auucoder/gptgrok2api-go/internal/httpapi/admin_extra.go:273.24,275.3 1 0
github.com/auucoder/gptgrok2api-go/internal/httpapi/admin_extra.go:276.2,276.158 1 0
github.com/auucoder/gptgrok2api-go/internal/httpapi/admin_extra.go:279.62,281.16 2 0
github.com/auucoder/gptgrok2api-go/internal/httpapi/admin_extra.go:281.16,283.3 1 0
github.com/auucoder/gptgrok2api-go/internal/httpapi/admin_extra.go:284.2,286.62 3 0
github.com/auucoder/gptgrok2api-go/internal/httpapi/admin_extra.go:286.62,288.17 2 0
github.com/auucoder/gptgrok2api-go/internal/httpapi/admin_extra.go:288.17,289.12 1 0
github.com/auucoder/gptgrok2api-go/internal/httpapi/admin_extra.go:291.3,293.87 3 0
github.com/auucoder/gptgrok2api-go/internal/httpapi/admin_extra.go:293.87,294.51 1 0
github.com/auucoder/gptgrok2api-go/internal/httpapi/admin_extra.go:294.51,297.10 3 0
github.com/auucoder/gptgrok2api-go/internal/httpapi/admin_extra.go:300.3,300.152 1 0
github.com/auucoder/gptgrok2api-go/internal/httpapi/admin_extra.go:302.2,302.15 1 0
github.com/auucoder/gptgrok2api-go/internal/httpapi/admin_extra.go:305.66,306.25 1 0
github.com/auucoder/gptgrok2api-go/internal/httpapi/admin_extra.go:306.25,308.3 1 0
github.com/auucoder/gptgrok2api-go/internal/httpapi/admin_extra.go:309.2,311.240 3 0
github.com/auucoder/gptgrok2api-go/internal/httpapi/admin_extra.go:314.53,317.16 3 0
github.com/auucoder/gptgrok2api-go/internal/httpapi/admin_extra.go:317.16,319.3 1 0
github.com/auucoder/gptgrok2api-go/internal/httpapi/admin_extra.go:320.2,323.38 2 0
github.com/auucoder/gptgrok2api-go/internal/httpapi/admin_extra.go:323.38,325.3 1 0
github.com/auucoder/gptgrok2api-go/internal/httpapi/admin_extra.go:326.2,326.20 1 0
github.com/auucoder/gptgrok2api-go/internal/httpapi/admin_extra.go:329.55,332.16 3 0
github.com/auucoder/gptgrok2api-go/internal/httpapi/admin_extra.go:332.16,334.39 2 0
github.com/auucoder/gptgrok2api-go/internal/httpapi/admin_extra.go:334.39,335.46 1 0
github.com/auucoder/gptgrok2api-go/internal/httpapi/admin_extra.go:335.46,337.32 2 0
github.com/auucoder/gptgrok2api-go/internal/httpapi/admin_extra.go:337.32,338.48 1 0
github.com/auucoder/gptgrok2api-go/internal/httpapi/admin_extra.go:338.48,340.7 1 0
github.com/auucoder/gptgrok2api-go/internal/httpapi/admin_extra.go:342.5,342.24 1 0
github.com/auucoder/gptgrok2api-go/internal/httpapi/admin_extra.go:342.24,344.6 1 0
github.com/auucoder/gptgrok2api-go/internal/httpapi/admin_extra.go:348.2,348.233 1 0
github.com/auucoder/gptgrok2api-go/internal/httpapi/admin_extra.go:351.72,352.27 1 0
github.com/auucoder/gptgrok2api-go/internal/httpapi/admin_extra.go:352.27,354.3 1 0
github.com/auucoder/gptgrok2api-go/internal/httpapi/admin_extra.go:355.2,355.32 1 0
github.com/auucoder/gptgrok2api-go/internal/httpapi/admin_extra.go:355.32,358.3 2 0
github.com/auucoder/gptgrok2api-go/internal/httpapi/admin_extra.go:359.2,360.85 2 0
github.com/auucoder/gptgrok2api-go/internal/httpapi/admin_extra.go:363.71,364.27 1 0
github.com/auucoder/gptgrok2api-go/internal/httpapi/admin_extra.go:364.27,366.3 1 0
github.com/auucoder/gptgrok2api-go/internal/httpapi/admin_extra.go:367.2,368.52 2 0
github.com/auucoder/gptgrok2api-go/internal/httpapi/admin_extra.go:368.52,373.3 4 0
github.com/auucoder/gptgrok2api-go/internal/httpapi/admin_extra.go:374.2,374.39 1 0
github.com/auucoder/gptgrok2api-go/internal/httpapi/admin_extra.go:374.39,376.34 2 0
github.com/auucoder/gptgrok2api-go/internal/httpapi/admin_extra.go:376.34,379.4 2 0
github.com/auucoder/gptgrok2api-go/internal/httpapi/admin_extra.go:380.3,381.9 2 0
github.com/auucoder/gptgrok2api-go/internal/httpapi/admin_extra.go:383.2,383.33 1 0
github.com/auucoder/gptgrok2api-go/internal/httpapi/admin_extra.go:383.33,386.3 2 0
github.com/auucoder/gptgrok2api-go/internal/httpapi/admin_extra.go:387.2,390.30 2 0
github.com/auucoder/gptgrok2api-go/internal/httpapi/admin_extra.go:390.30,392.3 1 0
github.com/auucoder/gptgrok2api-go/internal/httpapi/admin_extra.go:393.2,395.33 3 0
github.com/auucoder/gptgrok2api-go/internal/httpapi/admin_extra.go:395.33,396.38 1 0
github.com/auucoder/gptgrok2api-go/internal/httpapi/admin_extra.go:396.38,398.27 2 0
github.com/auucoder/gptgrok2api-go/internal/httpapi/admin_extra.go:398.27,400.5 1 0
github.com/auucoder/gptgrok2api-go/internal/httpapi/admin_extra.go:401.4,401.64 1 0
github.com/auucoder/gptgrok2api-go/internal/httpapi/admin_extra.go:404.2,404.12 1 0
github.com/auucoder/gptgrok2api-go/internal/httpapi/admin_extra.go:404.12,407.3 2 0
github.com/auucoder/gptgrok2api-go/internal/httpapi/admin_extra.go:408.2,411.68 4 0
github.com/auucoder/gptgrok2api-go/internal/httpapi/admin_extra.go:411.68,414.3 2 0
github.com/auucoder/gptgrok2api-go/internal/httpapi/admin_extra.go:415.2,415.33 1 0
github.com/auucoder/gptgrok2api-go/internal/httpapi/admin_extra.go:415.33,416.38 1 0
github.com/auucoder/gptgrok2api-go/internal/httpapi/admin_extra.go:416.38,419.4 2 0
github.com/auucoder/gptgrok2api-go/internal/httpapi/admin_extra.go:423.72,425.46 2 0
github.com/auucoder/gptgrok2api-go/internal/httpapi/admin_extra.go:425.46,426.58 1 0
github.com/auucoder/gptgrok2api-go/internal/httpapi/admin_extra.go:426.58,428.4 1 0
github.com/auucoder/gptgrok2api-go/internal/httpapi/admin_extra.go:430.2,430.17 1 0
github.com/auucoder/gptgrok2api-go/internal/httpapi/admin_extra.go:430.17,432.3 1 0
github.com/auucoder/gptgrok2api-go/internal/httpapi/admin_extra.go:433.2,433.17 1 0
github.com/auucoder/gptgrok2api-go/internal/httpapi/admin_extra.go:433.17,435.3 1 0
github.com/auucoder/gptgrok2api-go/internal/httpapi/admin_extra.go:436.2,436.14 1 0
github.com/auucoder/gptgrok2api-go/internal/httpapi/admin_extra.go:439.75,440.27 1 0
github.com/auucoder/gptgrok2api-go/internal/httpapi/admin_extra.go:440.27,442.3 1 0
github.com/auucoder/gptgrok2api-go/internal/httpapi/admin_extra.go:443.2,443.33 1 0
github.com/auucoder/gptgrok2api-go/internal/httpapi/admin_extra.go:443.33,446.3 2 0
github.com/auucoder/gptgrok2api-go/internal/httpapi/admin_extra.go:447.2,451.71 2 0
github.com/auucoder/gptgrok2api-go/internal/httpapi/admin_extra.go:451.71,453.3 1 0
github.com/auucoder/gptgrok2api-go/internal/httpapi/admin_extra.go:454.2,455.18 2 0
github.com/auucoder/gptgrok2api-go/internal/httpapi/admin_extra.go:455.18,457.3 1 0
github.com/auucoder/gptgrok2api-go/internal/httpapi/admin_extra.go:458.2,458.20 1 0
github.com/auucoder/gptgrok2api-go/internal/httpapi/admin_extra.go:458.20,460.3 1 0
github.com/auucoder/gptgrok2api-go/internal/httpapi/admin_extra.go:461.2,463.27 3 0
github.com/auucoder/gptgrok2api-go/internal/httpapi/admin_extra.go:466.92,470.76 4 0
github.com/auucoder/gptgrok2api-go/internal/httpapi/admin_extra.go:470.76,473.80 3 0
github.com/auucoder/gptgrok2api-go/internal/httpapi/admin_extra.go:473.80,474.85 1 0
github.com/auucoder/gptgrok2api-go/internal/httpapi/admin_extra.go:474.85,476.5 1 0
github.com/auucoder/gptgrok2api-go/internal/httpapi/admin_extra.go:477.4,479.14 3 0
github.com/auucoder/gptgrok2api-go/internal/httpapi/admin_extra.go:479.14,481.5 1 0
github.com/auucoder/gptgrok2api-go/internal/httpapi/admin_extra.go:482.4,482.14 1 0
github.com/auucoder/gptgrok2api-go/internal/httpapi/admin_extra.go:484.3,484.21 1 0
github.com/auucoder/gptgrok2api-go/internal/httpapi/admin_extra.go:486.2,488.341 3 0
github.com/auucoder/gptgrok2api-go/internal/httpapi/admin_extra.go:491.73,492.27 1 0
github.com/auucoder/gptgrok2api-go/internal/httpapi/admin_extra.go:492.27,494.3 1 0
github.com/auucoder/gptgrok2api-go/internal/httpapi/admin_extra.go:495.2,495.33 1 0
github.com/auucoder/gptgrok2api-go/internal/httpapi/admin_extra.go:495.33,498.3 2 0
github.com/auucoder/gptgrok2api-go/internal/httpapi/admin_extra.go:499.2,503.71 2 0
github.com/auucoder/gptgrok2api-go/internal/httpapi/admin_extra.go:503.71,505.3 1 0
github.com/auucoder/gptgrok2api-go/internal/httpapi/admin_extra.go:506.2,507.43 2 0
github.com/auucoder/gptgrok2api-go/internal/httpapi/admin_extra.go:507.43,509.3 1 0
github.com/auucoder/gptgrok2api-go/internal/httpapi/admin_extra.go:510.2,510.47 1 0
github.com/auucoder/gptgrok2api-go/internal/httpapi/admin_extra.go:510.47,512.3 1 0
github.com/auucoder/gptgrok2api-go/internal/httpapi/admin_extra.go:513.2,517.35 5 0
github.com/auucoder/gptgrok2api-go/internal/httpapi/admin_extra.go:517.35,525.25 4 0
github.com/auucoder/gptgrok2api-go/internal/httpapi/admin_extra.go:525.25,527.15 2 0
github.com/auucoder/gptgrok2api-go/internal/httpapi/admin_extra.go:527.15,529.5 1 0
github.com/auucoder/gptgrok2api-go/internal/httpapi/admin_extra.go:530.4,530.15 1 0
github.com/auucoder/gptgrok2api-go/internal/httpapi/admin_extra.go:530.15,532.5 1 0
github.com/auucoder/gptgrok2api-go/internal/httpapi/admin_extra.go:535.2,537.13 3 0
github.com/auucoder/gptgrok2api-go/internal/httpapi/admin_extra.go:537.13,539.3 1 0
github.com/auucoder/gptgrok2api-go/internal/httpapi/admin_extra.go:540.2,541.13 2 0
github.com/auucoder/gptgrok2api-go/internal/httpapi/admin_extra.go:541.13,543.3 1 0
github.com/auucoder/gptgrok2api-go/internal/httpapi/admin_extra.go:544.2,554.4 1 0
github.com/auucoder/gptgrok2api-go/internal/httpapi/admin_extra.go:557.72,558.25 1 0
github.com/auucoder/gptgrok2api-go/internal/httpapi/admin_extra.go:558.25,560.3 1 0
github.com/auucoder/gptgrok2api-go/internal/httpapi/admin_extra.go:561.2,561.81 1 0
github.com/auucoder/gptgrok2api-go/internal/httpapi/admin_extra.go:561.81,564.3 2 0
github.com/auucoder/gptgrok2api-go/internal/httpapi/admin_extra.go:565.2,565.18 1 0
github.com/auucoder/gptgrok2api-go/internal/httpapi/admin_extra.go:566.22,572.56 6 0
github.com/auucoder/gptgrok2api-go/internal/httpapi/admin_extra.go:572.56,573.38 1 0
github.com/auucoder/gptgrok2api-go/internal/httpapi/admin_extra.go:573.38,574.30 1 0
github.com/auucoder/gptgrok2api-go/internal/httpapi/admin_extra.go:574.30,576.6 1 0
github.com/auucoder/gptgrok2api-go/internal/httpapi/admin_extra.go:578.4,578.48 1 0
github.com/auucoder/gptgrok2api-go/internal/httpapi/admin_extra.go:578.48,578.130 1 0
github.com/auucoder/gptgrok2api-go/internal/httpapi/admin_extra.go:579.9,580.27 1 0
github.com/auucoder/gptgrok2api-go/internal/httpapi/admin_extra.go:580.27,582.17 2 0
github.com/auucoder/gptgrok2api-go/internal/httpapi/admin_extra.go:582.17,583.14 1 0
github.com/auucoder/gptgrok2api-go/internal/httpapi/admin_extra.go:585.5,586.37 2 0
github.com/auucoder/gptgrok2api-go/internal/httpapi/admin_extra.go:586.37,588.6 1 0
github.com/auucoder/gptgrok2api-go/internal/httpapi/admin_extra.go:588.11,590.6 1 0
github.com/auucoder/gptgrok2api-go/internal/httpapi/admin_extra.go:593.3,594.109 2 0
github.com/auucoder/gptgrok2api-go/internal/httpapi/admin_extra.go:595.23,604.31 2 0
github.com/auucoder/gptgrok2api-go/internal/httpapi/admin_extra.go:604.31,606.4 1 0
github.com/auucoder/gptgrok2api-go/internal/httpapi/admin_extra.go:607.3,607.89 1 0
github.com/auucoder/gptgrok2api-go/internal/httpapi/admin_extra.go:607.89,610.4 2 0
github.com/auucoder/gptgrok2api-go/internal/httpapi/admin_extra.go:611.3,611.23 1 0
github.com/auucoder/gptgrok2api-go/internal/httpapi/admin_extra.go:611.23,613.4 1 0
github.com/auucoder/gptgrok2api-go/internal/httpapi/admin_extra.go:614.3,614.18 1 0
github.com/auucoder/gptgrok2api-go/internal/httpapi/admin_extra.go:614.18,616.4 1 0
github.com/auucoder/gptgrok2api-go/internal/httpapi/admin_extra.go:617.3,617.25 1 0
github.com/auucoder/gptgrok2api-go/internal/httpapi/admin_extra.go:617.25,619.4 1 0
github.com/auucoder/gptgrok2api-go/internal/httpapi/admin_extra.go:620.3,623.86 4 0
github.com/auucoder/gptgrok2api-go/internal/httpapi/admin_extra.go:623.86,625.4 1 0
github.com/auucoder/gptgrok2api-go/internal/httpapi/admin_extra.go:625.9,628.4 2 0
github.com/auucoder/gptgrok2api-go/internal/httpapi/admin_extra.go:629.3,630.43 2 0
github.com/auucoder/gptgrok2api-go/internal/httpapi/admin_extra.go:631.10,632.68 1 0
github.com/auucoder/gptgrok2api-go/internal/httpapi/admin_extra.go:636.72,637.25 1 0
github.com/auucoder/gptgrok2api-go/internal/httpapi/admin_extra.go:637.25,639.3 1 0
github.com/auucoder/gptgrok2api-go/internal/httpapi/admin_extra.go:640.2,641.45 2 0
github.com/auucoder/gptgrok2api-go/internal/httpapi/admin_extra.go:641.45,643.3 1 0
github.com/auucoder/gptgrok2api-go/internal/httpapi/admin_extra.go:644.2,647.8 4 0
github.com/auucoder/gptgrok2api-go/internal/httpapi/admin_extra.go:647.8,650.3 2 0
github.com/auucoder/gptgrok2api-go/internal/httpapi/admin_extra.go:651.2,652.50 2 0
github.com/auucoder/gptgrok2api-go/internal/httpapi/admin_extra.go:652.50,655.3 2 0
github.com/auucoder/gptgrok2api-go/internal/httpapi/admin_extra.go:656.2,656.46 1 0
github.com/auucoder/gptgrok2api-go/internal/httpapi/admin_extra.go:659.73,660.25 1 0
github.com/auucoder/gptgrok2api-go/internal/httpapi/admin_extra.go:660.25,662.3 1 0
github.com/auucoder/gptgrok2api-go/internal/httpapi/admin_extra.go:663.2,663.32 1 0
github.com/auucoder/gptgrok2api-go/internal/httpapi/admin_extra.go:663.32,666.3 2 0
github.com/auucoder/gptgrok2api-go/internal/httpapi/admin_extra.go:667.2,667.35 1 0
github.com/auucoder/gptgrok2api-go/internal/httpapi/admin_extra.go:670.73,671.25 1 0
github.com/auucoder/gptgrok2api-go/internal/httpapi/admin_extra.go:671.25,673.3 1 0
github.com/auucoder/gptgrok2api-go/internal/httpapi/admin_extra.go:674.2,674.33 1 0
github.com/auucoder/gptgrok2api-go/internal/httpapi/admin_extra.go:674.33,677.3 2 0
github.com/auucoder/gptgrok2api-go/internal/httpapi/admin_extra.go:678.2,678.56 1 0
github.com/auucoder/gptgrok2api-go/internal/httpapi/admin_extra.go:678.56,681.3 2 0
github.com/auucoder/gptgrok2api-go/internal/httpapi/admin_extra.go:682.2,684.36 3 0
github.com/auucoder/gptgrok2api-go/internal/httpapi/admin_extra.go:684.36,687.3 2 0
github.com/auucoder/gptgrok2api-go/internal/httpapi/admin_extra.go:688.2,689.21 2 0
github.com/auucoder/gptgrok2api-go/internal/httpapi/admin_extra.go:689.21,691.3 1 0
github.com/auucoder/gptgrok2api-go/internal/httpapi/admin_extra.go:692.2,693.21 2 0
github.com/auucoder/gptgrok2api-go/internal/httpapi/admin_extra.go:693.21,695.3 1 0
github.com/auucoder/gptgrok2api-go/internal/httpapi/admin_extra.go:696.2,696.21 1 0
github.com/auucoder/gptgrok2api-go/internal/httpapi/admin_extra.go:696.21,699.3 2 0
github.com/auucoder/gptgrok2api-go/internal/httpapi/admin_extra.go:700.2,700.20 1 0
github.com/auucoder/gptgrok2api-go/internal/httpapi/admin_extra.go:700.20,702.3 1 0
github.com/auucoder/gptgrok2api-go/internal/httpapi/admin_extra.go:703.2,705.31 3 0
github.com/auucoder/gptgrok2api-go/internal/httpapi/admin_extra.go:705.31,707.17 2 0
github.com/auucoder/gptgrok2api-go/internal/httpapi/admin_extra.go:707.17,710.4 2 0
github.com/auucoder/gptgrok2api-go/internal/httpapi/admin_extra.go:711.3,713.38 3 0
github.com/auucoder/gptgrok2api-go/internal/httpapi/admin_extra.go:713.38,716.4 2 0
github.com/auucoder/gptgrok2api-go/internal/httpapi/admin_extra.go:717.3,718.56 2 0
github.com/auucoder/gptgrok2api-go/internal/httpapi/admin_extra.go:720.2,724.86 5 0
github.com/auucoder/gptgrok2api-go/internal/httpapi/admin_extra.go:724.86,726.3 1 0
github.com/auucoder/gptgrok2api-go/internal/httpapi/admin_extra.go:726.8,729.3 2 0
github.com/auucoder/gptgrok2api-go/internal/httpapi/admin_extra.go:730.2,731.58 2 0
github.com/auucoder/gptgrok2api-go/internal/httpapi/admin_extra.go:734.80,739.25 5 0
github.com/auucoder/gptgrok2api-go/internal/httpapi/admin_extra.go:739.25,747.39 8 0
github.com/auucoder/gptgrok2api-go/internal/httpapi/admin_extra.go:747.39,749.68 2 0
github.com/auucoder/gptgrok2api-go/internal/httpapi/admin_extra.go:749.68,751.5 1 0
github.com/auucoder/gptgrok2api-go/internal/httpapi/admin_extra.go:752.4,753.18 2 0
github.com/auucoder/gptgrok2api-go/internal/httpapi/admin_extra.go:753.18,756.5 2 0
github.com/auucoder/gptgrok2api-go/internal/httpapi/admin_extra.go:757.4,757.26 1 0
github.com/auucoder/gptgrok2api-go/internal/httpapi/admin_extra.go:759.3,762.45 4 0
github.com/auucoder/gptgrok2api-go/internal/httpapi/admin_extra.go:763.8,767.3 3 0
github.com/auucoder/gptgrok2api-go/internal/httpapi/admin_extra.go:768.2,771.22 4 0
github.com/auucoder/gptgrok2api-go/internal/httpapi/admin_extra.go:771.22,773.3 1 0
github.com/auucoder/gptgrok2api-go/internal/httpapi/admin_extra.go:774.2,774.18 1 0
github.com/auucoder/gptgrok2api-go/internal/httpapi/admin_extra.go:774.18,776.3 1 0
github.com/auucoder/gptgrok2api-go/internal/httpapi/admin_extra.go:777.2,782.53 6 0
github.com/auucoder/gptgrok2api-go/internal/httpapi/admin_extra.go:782.53,784.60 2 0
github.com/auucoder/gptgrok2api-go/internal/httpapi/admin_extra.go:784.60,785.46 1 0
github.com/auucoder/gptgrok2api-go/internal/httpapi/admin_extra.go:785.46,786.32 1 0
github.com/auucoder/gptgrok2api-go/internal/httpapi/admin_extra.go:786.32,787.48 1 0
github.com/auucoder/gptgrok2api-go/internal/httpapi/admin_extra.go:787.48,789.7 1 0
github.com/auucoder/gptgrok2api-go/internal/httpapi/admin_extra.go:792.4,792.27 1 0
github.com/auucoder/gptgrok2api-go/internal/httpapi/admin_extra.go:793.9,796.4 2 0
github.com/auucoder/gptgrok2api-go/internal/httpapi/admin_extra.go:797.8,800.60 3 0
github.com/auucoder/gptgrok2api-go/internal/httpapi/admin_extra.go:800.60,801.57 1 0
github.com/auucoder/gptgrok2api-go/internal/httpapi/admin_extra.go:801.57,803.5 1 0
github.com/auucoder/gptgrok2api-go/internal/httpapi/admin_extra.go:805.3,805.23 1 0
github.com/auucoder/gptgrok2api-go/internal/httpapi/admin_extra.go:805.23,807.4 1 0
github.com/auucoder/gptgrok2api-go/internal/httpapi/admin_extra.go:808.3,808.23 1 0
github.com/auucoder/gptgrok2api-go/internal/httpapi/admin_extra.go:808.23,810.4 1 0
github.com/auucoder/gptgrok2api-go/internal/httpapi/admin_extra.go:814.77,820.2 5 0
github.com/auucoder/gptgrok2api-go/internal/httpapi/admin_extra.go:822.59,824.24 2 0
github.com/auucoder/gptgrok2api-go/internal/httpapi/admin_extra.go:824.24,826.3 1 0
github.com/auucoder/gptgrok2api-go/internal/httpapi/admin_extra.go:827.2,827.22 1 0
github.com/auucoder/gptgrok2api-go/internal/httpapi/admin_extra.go:827.22,829.3 1 0
github.com/auucoder/gptgrok2api-go/internal/httpapi/admin_extra.go:830.2,830.14 1 0
github.com/auucoder/gptgrok2api-go/internal/httpapi/admin_extra.go:833.46,836.35 3 0
github.com/auucoder/gptgrok2api-go/internal/httpapi/admin_extra.go:836.35,837.41 1 0
github.com/auucoder/gptgrok2api-go/internal/httpapi/admin_extra.go:838.19,839.14 1 0
github.com/auucoder/gptgrok2api-go/internal/httpapi/admin_extra.go:840.19,841.14 1 0
github.com/auucoder/gptgrok2api-go/internal/httpapi/admin_extra.go:842.11,843.12 1 0
github.com/auucoder/gptgrok2api-go/internal/httpapi/admin_extra.go:846.2,846.268 1 0
github.com/auucoder/gptgrok2api-go/internal/httpapi/admin_extra.go:849.79,850.25 1 0
github.com/auucoder/gptgrok2api-go/internal/httpapi/admin_extra.go:850.25,852.3 1 0
github.com/auucoder/gptgrok2api-go/internal/httpapi/admin_extra.go:853.2,854.32 2 0
github.com/auucoder/gptgrok2api-go/internal/httpapi/admin_extra.go:854.32,859.56 5 0
github.com/auucoder/gptgrok2api-go/internal/httpapi/admin_extra.go:859.56,860.37 1 0
github.com/auucoder/gptgrok2api-go/internal/httpapi/admin_extra.go:860.37,861.32 1 0
github.com/auucoder/gptgrok2api-go/internal/httpapi/admin_extra.go:861.32,863.6 1 0
github.com/auucoder/gptgrok2api-go/internal/httpapi/admin_extra.go:865.9,866.27 1 0
github.com/auucoder/gptgrok2api-go/internal/httpapi/admin_extra.go:866.27,868.17 2 0
github.com/auucoder/gptgrok2api-go/internal/httpapi/admin_extra.go:868.17,869.14 1 0
github.com/auucoder/gptgrok2api-go/internal/httpapi/admin_extra.go:871.5,872.39 2 0
github.com/auucoder/gptgrok2api-go/internal/httpapi/admin_extra.go:872.39,874.6 1 0
github.com/auucoder/gptgrok2api-go/internal/httpapi/admin_extra.go:874.11,876.6 1 0
github.com/auucoder/gptgrok2api-go/internal/httpapi/admin_extra.go:879.3,881.9 3 0
github.com/auucoder/gptgrok2api-go/internal/httpapi/admin_extra.go:883.2,883.33 1 0
github.com/auucoder/gptgrok2api-go/internal/httpapi/admin_extra.go:883.33,886.3 2 0
github.com/auucoder/gptgrok2api-go/internal/httpapi/admin_extra.go:887.2,893.30 2 0
github.com/auucoder/gptgrok2api-go/internal/httpapi/admin_extra.go:893.30,895.3 1 0
github.com/auucoder/gptgrok2api-go/internal/httpapi/admin_extra.go:896.2,896.21 1 0
github.com/auucoder/gptgrok2api-go/internal/httpapi/admin_extra.go:896.21,898.3 1 0
github.com/auucoder/gptgrok2api-go/internal/httpapi/admin_extra.go:899.2,899.46 1 0
github.com/auucoder/gptgrok2api-go/internal/httpapi/admin_extra.go:899.46,902.3 2 0
github.com/auucoder/gptgrok2api-go/internal/httpapi/admin_extra.go:903.2,903.42 1 0
github.com/auucoder/gptgrok2api-go/internal/httpapi/admin_extra.go:903.42,906.3 2 0
github.com/auucoder/gptgrok2api-go/internal/httpapi/admin_extra.go:907.2,907.29 1 0
github.com/auucoder/gptgrok2api-go/internal/httpapi/admin_extra.go:907.29,909.3 1 0
github.com/auucoder/gptgrok2api-go/internal/httpapi/admin_extra.go:910.2,911.55 2 0
github.com/auucoder/gptgrok2api-go/internal/httpapi/admin_extra.go:911.55,914.3 2 0
github.com/auucoder/gptgrok2api-go/internal/httpapi/admin_extra.go:915.2,919.41 5 0
github.com/auucoder/gptgrok2api-go/internal/httpapi/admin_extra.go:919.41,921.3 1 0
github.com/auucoder/gptgrok2api-go/internal/httpapi/admin_extra.go:921.8,924.3 2 0
github.com/auucoder/gptgrok2api-go/internal/httpapi/admin_extra.go:925.2,927.45 3 0
github.com/auucoder/gptgrok2api-go/internal/httpapi/admin_extra.go:930.79,931.25 1 0
github.com/auucoder/gptgrok2api-go/internal/httpapi/admin_extra.go:931.25,933.3 1 0
github.com/auucoder/gptgrok2api-go/internal/httpapi/admin_extra.go:934.2,938.48 5 0
github.com/auucoder/gptgrok2api-go/internal/httpapi/admin_extra.go:938.48,941.3 2 0
github.com/auucoder/gptgrok2api-go/internal/httpapi/admin_extra.go:942.2,942.45 1 0
github.com/auucoder/gptgrok2api-go/internal/httpapi/admin_extra.go:945.73,947.2 1 0
github.com/auucoder/gptgrok2api-go/internal/httpapi/admin_extra.go:949.73,951.2 1 0
github.com/auucoder/gptgrok2api-go/internal/httpapi/admin_extra.go:953.90,954.25 1 0
github.com/auucoder/gptgrok2api-go/internal/httpapi/admin_extra.go:954.25,956.3 1 0
github.com/auucoder/gptgrok2api-go/internal/httpapi/admin_extra.go:957.2,957.33 1 0
github.com/auucoder/gptgrok2api-go/internal/httpapi/admin_extra.go:957.33,960.3 2 0
github.com/auucoder/gptgrok2api-go/internal/httpapi/admin_extra.go:961.2,966.30 2 0
github.com/auucoder/gptgrok2api-go/internal/httpapi/admin_extra.go:966.30,968.3 1 0
github.com/auucoder/gptgrok2api-go/internal/httpapi/admin_extra.go:969.2,969.42 1 0
github.com/auucoder/gptgrok2api-go/internal/httpapi/admin_extra.go:969.42,972.3 2 0
github.com/auucoder/gptgrok2api-go/internal/httpapi/admin_extra.go:973.2,973.50 1 0
github.com/auucoder/gptgrok2api-go/internal/httpapi/admin_extra.go:973.50,976.3 2 0
github.com/auucoder/gptgrok2api-go/internal/httpapi/admin_extra.go:977.2,977.48 1 0
github.com/auucoder/gptgrok2api-go/internal/httpapi/admin_extra.go:977.48,979.3 1 0
github.com/auucoder/gptgrok2api-go/internal/httpapi/admin_extra.go:980.2,984.41 5 0
github.com/auucoder/gptgrok2api-go/internal/httpapi/admin_extra.go:984.41,986.3 1 0
github.com/auucoder/gptgrok2api-go/internal/httpapi/admin_extra.go:986.8,989.3 2 0
github.com/auucoder/gptgrok2api-go/internal/httpapi/admin_extra.go:990.2,992.61 3 0
github.com/auucoder/gptgrok2api-go/internal/httpapi/admin_extra.go:995.67,997.29 2 0
github.com/auucoder/gptgrok2api-go/internal/httpapi/admin_extra.go:997.29,1000.3 2 0
github.com/auucoder/gptgrok2api-go/internal/httpapi/admin_extra.go:1001.2,1009.129 8 0
github.com/auucoder/gptgrok2api-go/internal/httpapi/admin_extra.go:1009.129,1010.32 1 0
github.com/auucoder/gptgrok2api-go/internal/httpapi/admin_extra.go:1010.32,1012.4 1 0
github.com/auucoder/gptgrok2api-go/internal/httpapi/admin_extra.go:1013.3,1014.161 2 0
github.com/auucoder/gptgrok2api-go/internal/httpapi/admin_extra.go:1016.2,1016.16 1 0
github.com/auucoder/gptgrok2api-go/internal/httpapi/admin_extra.go:1016.16,1018.3 1 0
github.com/auucoder/gptgrok2api-go/internal/httpapi/admin_extra.go:1019.2,1020.16 2 0
github.com/auucoder/gptgrok2api-go/internal/httpapi/admin_extra.go:1020.16,1022.3 1 0
github.com/auucoder/gptgrok2api-go/internal/httpapi/admin_extra.go:1023.2,1024.16 2 0
github.com/auucoder/gptgrok2api-go/internal/httpapi/admin_extra.go:1024.16,1026.3 1 0
github.com/auucoder/gptgrok2api-go/internal/httpapi/admin_extra.go:1027.2,1027.16 1 0
github.com/auucoder/gptgrok2api-go/internal/httpapi/admin_extra.go:1027.16,1029.21 2 0
github.com/auucoder/gptgrok2api-go/internal/httpapi/admin_extra.go:1029.21,1031.4 1 0
github.com/auucoder/gptgrok2api-go/internal/httpapi/admin_extra.go:1031.9,1041.4 9 0
github.com/auucoder/gptgrok2api-go/internal/httpapi/admin_extra.go:1043.2,1043.18 1 0
github.com/auucoder/gptgrok2api-go/internal/httpapi/admin_extra.go:1043.18,1045.3 1 0
github.com/auucoder/gptgrok2api-go/internal/httpapi/admin_extra.go:1046.2,1051.23 6 0
github.com/auucoder/gptgrok2api-go/internal/httpapi/admin_extra.go:1054.130,1060.32 6 0
github.com/auucoder/gptgrok2api-go/internal/httpapi/admin_extra.go:1060.32,1062.3 1 0
github.com/auucoder/gptgrok2api-go/internal/httpapi/admin_extra.go:1063.2,1063.54 1 0
github.com/auucoder/gptgrok2api-go/internal/httpapi/admin_extra.go:1063.54,1065.3 1 0
github.com/auucoder/gptgrok2api-go/internal/httpapi/admin_extra.go:1066.2,1067.24 2 0
github.com/auucoder/gptgrok2api-go/internal/httpapi/admin_extra.go:1067.24,1069.3 1 0
github.com/auucoder/gptgrok2api-go/internal/httpapi/admin_extra.go:1070.2,1073.80 4 0
github.com/auucoder/gptgrok2api-go/internal/httpapi/admin_extra.go:1073.80,1075.3 1 0
github.com/auucoder/gptgrok2api-go/internal/httpapi/admin_extra.go:1076.2,1076.80 1 0
github.com/auucoder/gptgrok2api-go/internal/httpapi/admin_extra.go:1076.80,1078.3 1 0
github.com/auucoder/gptgrok2api-go/internal/httpapi/admin_extra.go:1079.2,1087.8 3 0
github.com/auucoder/gptgrok2api-go/internal/httpapi/admin_extra.go:1090.68,1092.16 2 0
github.com/auucoder/gptgrok2api-go/internal/httpapi/admin_extra.go:1092.16,1094.3 1 0
github.com/auucoder/gptgrok2api-go/internal/httpapi/admin_extra.go:1095.2,1095.30 1 0
github.com/auucoder/gptgrok2api-go/internal/httpapi/admin_extra.go:1095.30,1097.3 1 0
github.com/auucoder/gptgrok2api-go/internal/httpapi/admin_extra.go:1098.2,1098.13 1 0
github.com/auucoder/gptgrok2api-go/internal/httpapi/admin_extra.go:1101.58,1102.20 1 0
github.com/auucoder/gptgrok2api-go/internal/httpapi/admin_extra.go:1102.20,1104.3 1 0
github.com/auucoder/gptgrok2api-go/internal/httpapi/admin_extra.go:1105.2,1106.61 2 0
github.com/auucoder/gptgrok2api-go/internal/httpapi/admin_extra.go:1106.61,1108.3 1 0
github.com/auucoder/gptgrok2api-go/internal/httpapi/admin_extra.go:1109.2,1109.35 1 0
github.com/auucoder/gptgrok2api-go/internal/httpapi/admin_extra.go:1112.58,1114.2 1 0
github.com/auucoder/gptgrok2api-go/internal/httpapi/admin_extra.go:1116.36,1117.16 1 0
github.com/auucoder/gptgrok2api-go/internal/httpapi/admin_extra.go:1117.16,1119.3 1 0
github.com/auucoder/gptgrok2api-go/internal/httpapi/admin_extra.go:1120.2,1120.20 1 0
github.com/auucoder/gptgrok2api-go/internal/httpapi/admin_extra.go:1123.79,1127.125 4 1
github.com/auucoder/gptgrok2api-go/internal/httpapi/admin_extra.go:1127.125,1130.3 2 1
github.com/auucoder/gptgrok2api-go/internal/httpapi/admin_extra.go:1131.2,1133.27 3 1
github.com/auucoder/gptgrok2api-go/internal/httpapi/admin_extra.go:1133.27,1136.3 2 0
github.com/auucoder/gptgrok2api-go/internal/httpapi/admin_extra.go:1137.2,1138.32 2 1
github.com/auucoder/gptgrok2api-go/internal/httpapi/admin_extra.go:1138.32,1141.3 2 0
github.com/auucoder/gptgrok2api-go/internal/httpapi/admin_extra.go:1142.2,1143.28 2 1
github.com/auucoder/gptgrok2api-go/internal/httpapi/admin_extra.go:1146.60,1148.18 2 1
github.com/auucoder/gptgrok2api-go/internal/httpapi/admin_extra.go:1148.18,1150.3 1 0
github.com/auucoder/gptgrok2api-go/internal/httpapi/admin_extra.go:1151.2,1153.44 3 1
github.com/auucoder/gptgrok2api-go/internal/httpapi/admin_extra.go:1156.69,1158.29 2 0
github.com/auucoder/gptgrok2api-go/internal/httpapi/admin_extra.go:1158.29,1159.75 1 0
github.com/auucoder/gptgrok2api-go/internal/httpapi/admin_extra.go:1159.75,1161.4 1 0
github.com/auucoder/gptgrok2api-go/internal/httpapi/admin_extra.go:1162.8,1164.3 1 0
github.com/auucoder/gptgrok2api-go/internal/httpapi/admin_extra.go:1165.2,1166.22 2 0
github.com/auucoder/gptgrok2api-go/internal/httpapi/admin_extra.go:1166.22,1168.3 1 0
github.com/auucoder/gptgrok2api-go/internal/httpapi/admin_extra.go:1169.2,1169.24 1 0
github.com/auucoder/gptgrok2api-go/internal/httpapi/admin_extra.go:1169.24,1171.3 1 0
github.com/auucoder/gptgrok2api-go/internal/httpapi/admin_extra.go:1172.2,1172.14 1 0
github.com/auucoder/gptgrok2api-go/internal/httpapi/admin_extra.go:1175.50,1175.68 1 0
github.com/auucoder/gptgrok2api-go/internal/httpapi/admin_extra.go:1177.47,1179.2 1 0
github.com/auucoder/gptgrok2api-go/internal/httpapi/admin_extra.go:1181.49,1183.2 1 1
github.com/auucoder/gptgrok2api-go/internal/httpapi/admin_extra.go:1185.42,1187.16 2 1
github.com/auucoder/gptgrok2api-go/internal/httpapi/admin_extra.go:1187.16,1189.3 1 1
github.com/auucoder/gptgrok2api-go/internal/httpapi/admin_extra.go:1190.2,1193.43 2 0
github.com/auucoder/gptgrok2api-go/internal/httpapi/admin_extra.go:1193.43,1195.3 1 0
github.com/auucoder/gptgrok2api-go/internal/httpapi/admin_extra.go:1196.2,1199.38 4 0
github.com/auucoder/gptgrok2api-go/internal/httpapi/admin_extra.go:1199.38,1200.93 1 0
github.com/auucoder/gptgrok2api-go/internal/httpapi/admin_extra.go:1200.93,1201.12 1 0
github.com/auucoder/gptgrok2api-go/internal/httpapi/admin_extra.go:1203.3,1203.24 1 0
github.com/auucoder/gptgrok2api-go/internal/httpapi/admin_extra.go:1203.24,1205.4 1 0
github.com/auucoder/gptgrok2api-go/internal/httpapi/admin_extra.go:1206.3,1206.58 1 0
github.com/auucoder/gptgrok2api-go/internal/httpapi/admin_extra.go:1206.58,1211.4 4 0
github.com/auucoder/gptgrok2api-go/internal/httpapi/admin_extra.go:1212.3,1212.59 1 0
github.com/auucoder/gptgrok2api-go/internal/httpapi/admin_extra.go:1214.2,1214.13 1 0
github.com/auucoder/gptgrok2api-go/internal/httpapi/admin_extra.go:1214.13,1216.3 1 0
github.com/auucoder/gptgrok2api-go/internal/httpapi/admin_extra.go:1217.2,1217.23 1 0
github.com/auucoder/gptgrok2api-go/internal/httpapi/admin_extra.go:1220.48,1222.35 2 0
github.com/auucoder/gptgrok2api-go/internal/httpapi/admin_extra.go:1222.35,1224.3 1 0
github.com/auucoder/gptgrok2api-go/internal/httpapi/admin_extra.go:1225.2,1225.40 1 0
github.com/auucoder/gptgrok2api-go/internal/httpapi/admin_extra.go:1225.40,1225.90 1 0
github.com/auucoder/gptgrok2api-go/internal/httpapi/admin_extra.go:1226.2,1227.16 2 0
github.com/auucoder/gptgrok2api-go/internal/httpapi/admin_extra.go:1227.16,1229.3 1 0
github.com/auucoder/gptgrok2api-go/internal/httpapi/admin_extra.go:1230.2,1231.51 2 0
github.com/auucoder/gptgrok2api-go/internal/httpapi/admin_extra.go:1231.51,1233.3 1 0
github.com/auucoder/gptgrok2api-go/internal/httpapi/admin_extra.go:1234.2,1235.48 2 0
github.com/auucoder/gptgrok2api-go/internal/httpapi/admin_extra.go:1235.48,1237.3 1 0
github.com/auucoder/gptgrok2api-go/internal/httpapi/admin_extra.go:1240.27,1241.11 1 1
github.com/auucoder/gptgrok2api-go/internal/httpapi/admin_extra.go:1241.11,1243.3 1 0
github.com/auucoder/gptgrok2api-go/internal/httpapi/admin_extra.go:1244.2,1244.10 1 1
github.com/auucoder/gptgrok2api-go/internal/httpapi/admin_extra.go:1247.68,1248.25 1 0
github.com/auucoder/gptgrok2api-go/internal/httpapi/admin_extra.go:1248.25,1250.3 1 0
github.com/auucoder/gptgrok2api-go/internal/httpapi/admin_extra.go:1251.2,1251.33 1 0
github.com/auucoder/gptgrok2api-go/internal/httpapi/admin_extra.go:1251.33,1254.3 2 0
github.com/auucoder/gptgrok2api-go/internal/httpapi/admin_extra.go:1255.2,1259.30 2 0
github.com/auucoder/gptgrok2api-go/internal/httpapi/admin_extra.go:1259.30,1261.3 1 0
github.com/auucoder/gptgrok2api-go/internal/httpapi/admin_extra.go:1262.2,1262.42 1 0
github.com/auucoder/gptgrok2api-go/internal/httpapi/admin_extra.go:1262.42,1265.3 2 0
github.com/auucoder/gptgrok2api-go/internal/httpapi/admin_extra.go:1266.2,1266.22 1 0
github.com/auucoder/gptgrok2api-go/internal/httpapi/admin_extra.go:1266.22,1268.3 1 0
github.com/auucoder/gptgrok2api-go/internal/httpapi/admin_extra.go:1269.2,1271.9 3 0
github.com/auucoder/gptgrok2api-go/internal/httpapi/admin_extra.go:1271.9,1273.3 1 0
github.com/auucoder/gptgrok2api-go/internal/httpapi/admin_extra.go:1274.2,1275.19 2 0
github.com/auucoder/gptgrok2api-go/internal/httpapi/admin_extra.go:1275.19,1277.3 1 0
github.com/auucoder/gptgrok2api-go/internal/httpapi/admin_extra.go:1277.8,1279.3 1 0
github.com/auucoder/gptgrok2api-go/internal/httpapi/admin_extra.go:1280.2,1280.28 1 0
github.com/auucoder/gptgrok2api-go/internal/httpapi/admin_extra.go:1280.28,1284.3 3 0
github.com/auucoder/gptgrok2api-go/internal/httpapi/admin_extra.go:1285.2,1286.57 2 0
github.com/auucoder/gptgrok2api-go/internal/httpapi/admin_extra.go:1286.57,1289.3 2 0
github.com/auucoder/gptgrok2api-go/internal/httpapi/admin_extra.go:1290.2,1291.68 2 0
github.com/auucoder/gptgrok2api-go/internal/httpapi/admin_extra.go:1291.68,1292.52 1 0
github.com/auucoder/gptgrok2api-go/internal/httpapi/admin_extra.go:1292.52,1293.61 1 0
github.com/auucoder/gptgrok2api-go/internal/httpapi/admin_extra.go:1293.61,1295.5 1 0
github.com/auucoder/gptgrok2api-go/internal/httpapi/admin_extra.go:1298.2,1298.117 1 0
github.com/auucoder/gptgrok2api-go/internal/httpapi/admin_extra.go:1301.55,1303.69 2 0
github.com/auucoder/gptgrok2api-go/internal/httpapi/admin_extra.go:1303.69,1305.3 1 0
github.com/auucoder/gptgrok2api-go/internal/httpapi/admin_extra.go:1306.2,1306.20 1 0
github.com/auucoder/gptgrok2api-go/internal/httpapi/admin_media.go:20.70,21.27 1 1
github.com/auucoder/gptgrok2api-go/internal/httpapi/admin_media.go:21.27,23.3 1 0
github.com/auucoder/gptgrok2api-go/internal/httpapi/admin_media.go:24.2,25.9 2 1
github.com/auucoder/gptgrok2api-go/internal/httpapi/admin_media.go:26.33,27.33 1 1
github.com/auucoder/gptgrok2api-go/internal/httpapi/admin_media.go:27.33,30.4 2 0
github.com/auucoder/gptgrok2api-go/internal/httpapi/admin_media.go:31.3,31.26 1 1
github.com/auucoder/gptgrok2api-go/internal/httpapi/admin_media.go:32.53,33.21 1 1
github.com/auucoder/gptgrok2api-go/internal/httpapi/admin_media.go:34.54,35.26 1 1
github.com/auucoder/gptgrok2api-go/internal/httpapi/admin_media.go:36.74,38.27 2 0
github.com/auucoder/gptgrok2api-go/internal/httpapi/admin_media.go:39.56,40.20 1 0
github.com/auucoder/gptgrok2api-go/internal/httpapi/admin_media.go:41.66,42.151 1 0
github.com/auucoder/gptgrok2api-go/internal/httpapi/admin_media.go:43.75,44.30 1 0
github.com/auucoder/gptgrok2api-go/internal/httpapi/admin_media.go:45.56,46.28 1 1
github.com/auucoder/gptgrok2api-go/internal/httpapi/admin_media.go:47.58,48.30 1 0
github.com/auucoder/gptgrok2api-go/internal/httpapi/admin_media.go:49.75,50.70 1 0
github.com/auucoder/gptgrok2api-go/internal/httpapi/admin_media.go:51.10,52.78 1 0
github.com/auucoder/gptgrok2api-go/internal/httpapi/admin_media.go:56.74,66.29 10 1
github.com/auucoder/gptgrok2api-go/internal/httpapi/admin_media.go:66.29,69.86 3 1
github.com/auucoder/gptgrok2api-go/internal/httpapi/admin_media.go:69.86,70.12 1 0
github.com/auucoder/gptgrok2api-go/internal/httpapi/admin_media.go:72.3,72.66 1 1
github.com/auucoder/gptgrok2api-go/internal/httpapi/admin_media.go:72.66,73.12 1 0
github.com/auucoder/gptgrok2api-go/internal/httpapi/admin_media.go:75.3,75.135 1 1
github.com/auucoder/gptgrok2api-go/internal/httpapi/admin_media.go:75.135,76.12 1 0
github.com/auucoder/gptgrok2api-go/internal/httpapi/admin_media.go:78.3,78.36 1 1
github.com/auucoder/gptgrok2api-go/internal/httpapi/admin_media.go:80.2,80.43 1 1
github.com/auucoder/gptgrok2api-go/internal/httpapi/admin_media.go:80.43,82.3 1 0
github.com/auucoder/gptgrok2api-go/internal/httpapi/admin_media.go:83.2,86.20 4 1
github.com/auucoder/gptgrok2api-go/internal/httpapi/admin_media.go:86.20,88.3 1 0
github.com/auucoder/gptgrok2api-go/internal/httpapi/admin_media.go:89.2,90.37 2 1
github.com/auucoder/gptgrok2api-go/internal/httpapi/admin_media.go:90.37,92.3 1 0
github.com/auucoder/gptgrok2api-go/internal/httpapi/admin_media.go:93.2,95.32 3 1
github.com/auucoder/gptgrok2api-go/internal/httpapi/admin_media.go:95.32,97.3 1 1
github.com/auucoder/gptgrok2api-go/internal/httpapi/admin_media.go:98.2,98.212 1 1
github.com/auucoder/gptgrok2api-go/internal/httpapi/admin_media.go:101.65,104.32 3 1
github.com/auucoder/gptgrok2api-go/internal/httpapi/admin_media.go:104.32,105.69 1 1
github.com/auucoder/gptgrok2api-go/internal/httpapi/admin_media.go:105.69,106.12 1 0
github.com/auucoder/gptgrok2api-go/internal/httpapi/admin_media.go:108.3,109.17 2 1
github.com/auucoder/gptgrok2api-go/internal/httpapi/admin_media.go:109.17,110.12 1 0
github.com/auucoder/gptgrok2api-go/internal/httpapi/admin_media.go:112.3,113.28 2 1
github.com/auucoder/gptgrok2api-go/internal/httpapi/admin_media.go:113.28,114.12 1 0
github.com/auucoder/gptgrok2api-go/internal/httpapi/admin_media.go:116.3,118.47 3 1
github.com/auucoder/gptgrok2api-go/internal/httpapi/admin_media.go:118.47,119.32 1 0
github.com/auucoder/gptgrok2api-go/internal/httpapi/admin_media.go:119.32,121.5 1 0
github.com/auucoder/gptgrok2api-go/internal/httpapi/admin_media.go:122.9,122.29 1 1
github.com/auucoder/gptgrok2api-go/internal/httpapi/admin_media.go:122.29,126.4 3 1
github.com/auucoder/gptgrok2api-go/internal/httpapi/admin_media.go:127.3,127.31 1 1
github.com/auucoder/gptgrok2api-go/internal/httpapi/admin_media.go:129.2,129.14 1 1
github.com/auucoder/gptgrok2api-go/internal/httpapi/admin_media.go:132.51,134.29 2 1
github.com/auucoder/gptgrok2api-go/internal/httpapi/admin_media.go:134.29,135.44 1 1
github.com/auucoder/gptgrok2api-go/internal/httpapi/admin_media.go:135.44,137.4 1 1
github.com/auucoder/gptgrok2api-go/internal/httpapi/admin_media.go:139.2,139.14 1 1
github.com/auucoder/gptgrok2api-go/internal/httpapi/admin_media.go:142.70,145.57 3 0
github.com/auucoder/gptgrok2api-go/internal/httpapi/admin_media.go:145.57,147.3 1 0
github.com/auucoder/gptgrok2api-go/internal/httpapi/admin_media.go:148.2,148.48 1 0
github.com/auucoder/gptgrok2api-go/internal/httpapi/admin_media.go:148.48,151.3 2 0
github.com/auucoder/gptgrok2api-go/internal/httpapi/admin_media.go:152.2,153.90 2 0
github.com/auucoder/gptgrok2api-go/internal/httpapi/admin_media.go:153.90,156.3 2 0
github.com/auucoder/gptgrok2api-go/internal/httpapi/admin_media.go:157.2,158.45 2 0
github.com/auucoder/gptgrok2api-go/internal/httpapi/admin_media.go:158.45,161.3 2 0
github.com/auucoder/gptgrok2api-go/internal/httpapi/admin_media.go:162.2,162.84 1 0
github.com/auucoder/gptgrok2api-go/internal/httpapi/admin_media.go:162.84,164.3 1 0
github.com/auucoder/gptgrok2api-go/internal/httpapi/admin_media.go:165.2,165.32 1 0
github.com/auucoder/gptgrok2api-go/internal/httpapi/admin_media.go:168.76,173.33 2 1
github.com/auucoder/gptgrok2api-go/internal/httpapi/admin_media.go:173.33,175.3 1 0
github.com/auucoder/gptgrok2api-go/internal/httpapi/admin_media.go:176.2,177.25 2 1
github.com/auucoder/gptgrok2api-go/internal/httpapi/admin_media.go:177.25,179.72 2 0
github.com/auucoder/gptgrok2api-go/internal/httpapi/admin_media.go:179.72,181.4 1 0
github.com/auucoder/gptgrok2api-go/internal/httpapi/admin_media.go:183.2,184.29 2 1
github.com/auucoder/gptgrok2api-go/internal/httpapi/admin_media.go:184.29,185.30 1 1
github.com/auucoder/gptgrok2api-go/internal/httpapi/admin_media.go:185.30,187.4 1 1
github.com/auucoder/gptgrok2api-go/internal/httpapi/admin_media.go:189.2,189.65 1 1
github.com/auucoder/gptgrok2api-go/internal/httpapi/admin_media.go:192.53,195.40 3 1
github.com/auucoder/gptgrok2api-go/internal/httpapi/admin_media.go:195.40,198.3 2 0
github.com/auucoder/gptgrok2api-go/internal/httpapi/admin_media.go:199.2,200.75 2 1
github.com/auucoder/gptgrok2api-go/internal/httpapi/admin_media.go:200.75,202.3 1 0
github.com/auucoder/gptgrok2api-go/internal/httpapi/admin_media.go:203.2,203.28 1 1
github.com/auucoder/gptgrok2api-go/internal/httpapi/admin_media.go:203.28,207.3 3 1
github.com/auucoder/gptgrok2api-go/internal/httpapi/admin_media.go:208.2,208.14 1 0
github.com/auucoder/gptgrok2api-go/internal/httpapi/admin_media.go:211.47,213.29 2 1
github.com/auucoder/gptgrok2api-go/internal/httpapi/admin_media.go:213.29,215.3 1 0
github.com/auucoder/gptgrok2api-go/internal/httpapi/admin_media.go:216.2,217.26 2 1
github.com/auucoder/gptgrok2api-go/internal/httpapi/admin_media.go:220.78,224.33 2 0
github.com/auucoder/gptgrok2api-go/internal/httpapi/admin_media.go:224.33,226.3 1 0
github.com/auucoder/gptgrok2api-go/internal/httpapi/admin_media.go:227.2,229.58 3 0
github.com/auucoder/gptgrok2api-go/internal/httpapi/admin_media.go:229.58,231.3 1 0
github.com/auucoder/gptgrok2api-go/internal/httpapi/admin_media.go:234.91,236.16 2 0
github.com/auucoder/gptgrok2api-go/internal/httpapi/admin_media.go:236.16,239.3 2 0
github.com/auucoder/gptgrok2api-go/internal/httpapi/admin_media.go:240.2,241.50 2 0
github.com/auucoder/gptgrok2api-go/internal/httpapi/admin_media.go:244.67,249.29 5 0
github.com/auucoder/gptgrok2api-go/internal/httpapi/admin_media.go:249.29,251.17 2 0
github.com/auucoder/gptgrok2api-go/internal/httpapi/admin_media.go:251.17,252.12 1 0
github.com/auucoder/gptgrok2api-go/internal/httpapi/admin_media.go:254.3,256.17 3 0
github.com/auucoder/gptgrok2api-go/internal/httpapi/admin_media.go:256.17,257.12 1 0
github.com/auucoder/gptgrok2api-go/internal/httpapi/admin_media.go:259.3,260.17 2 0
github.com/auucoder/gptgrok2api-go/internal/httpapi/admin_media.go:260.17,262.4 1 0
github.com/auucoder/gptgrok2api-go/internal/httpapi/admin_media.go:263.3,265.17 3 0
github.com/auucoder/gptgrok2api-go/internal/httpapi/admin_media.go:265.17,267.4 1 0
github.com/auucoder/gptgrok2api-go/internal/httpapi/admin_media.go:268.3,268.46 1 0
github.com/auucoder/gptgrok2api-go/internal/httpapi/admin_media.go:268.46,270.4 1 0
github.com/auucoder/gptgrok2api-go/internal/httpapi/admin_media.go:271.3,271.10 1 0
github.com/auucoder/gptgrok2api-go/internal/httpapi/admin_media.go:273.2,273.16 1 0
github.com/auucoder/gptgrok2api-go/internal/httpapi/admin_media.go:273.16,275.3 1 0
github.com/auucoder/gptgrok2api-go/internal/httpapi/admin_media.go:276.2,276.12 1 0
github.com/auucoder/gptgrok2api-go/internal/httpapi/admin_media.go:279.59,282.40 3 0
github.com/auucoder/gptgrok2api-go/internal/httpapi/admin_media.go:282.40,285.3 2 0
github.com/auucoder/gptgrok2api-go/internal/httpapi/admin_media.go:286.2,286.50 1 0
github.com/auucoder/gptgrok2api-go/internal/httpapi/admin_media.go:286.50,288.3 1 0
github.com/auucoder/gptgrok2api-go/internal/httpapi/admin_media.go:289.2,291.75 3 0
github.com/auucoder/gptgrok2api-go/internal/httpapi/admin_media.go:291.75,293.3 1 0
github.com/auucoder/gptgrok2api-go/internal/httpapi/admin_media.go:294.2,294.41 1 0
github.com/auucoder/gptgrok2api-go/internal/httpapi/admin_media.go:294.41,296.3 1 0
github.com/auucoder/gptgrok2api-go/internal/httpapi/admin_media.go:297.2,297.20 1 0
github.com/auucoder/gptgrok2api-go/internal/httpapi/admin_media.go:300.36,300.94 1 1
github.com/auucoder/gptgrok2api-go/internal/httpapi/admin_media.go:302.49,306.16 4 1
github.com/auucoder/gptgrok2api-go/internal/httpapi/admin_media.go:306.16,308.3 1 1
github.com/auucoder/gptgrok2api-go/internal/httpapi/admin_media.go:309.2,310.39 2 1
github.com/auucoder/gptgrok2api-go/internal/httpapi/admin_media.go:310.39,312.3 1 0
github.com/auucoder/gptgrok2api-go/internal/httpapi/admin_media.go:313.2,313.13 1 1
github.com/auucoder/gptgrok2api-go/internal/httpapi/admin_media.go:316.59,319.71 3 1
github.com/auucoder/gptgrok2api-go/internal/httpapi/admin_media.go:319.71,321.3 1 0
github.com/auucoder/gptgrok2api-go/internal/httpapi/admin_media.go:322.2,323.16 2 1
github.com/auucoder/gptgrok2api-go/internal/httpapi/admin_media.go:323.16,325.3 1 0
github.com/auucoder/gptgrok2api-go/internal/httpapi/admin_media.go:326.2,326.61 1 1
github.com/auucoder/gptgrok2api-go/internal/httpapi/admin_media.go:329.55,331.42 2 1
github.com/auucoder/gptgrok2api-go/internal/httpapi/admin_media.go:331.42,332.41 1 1
github.com/auucoder/gptgrok2api-go/internal/httpapi/admin_media.go:332.41,334.4 1 1
github.com/auucoder/gptgrok2api-go/internal/httpapi/admin_media.go:336.2,337.23 2 1
github.com/auucoder/gptgrok2api-go/internal/httpapi/admin_media.go:337.23,339.3 1 1
github.com/auucoder/gptgrok2api-go/internal/httpapi/admin_media.go:340.2,341.61 2 1
github.com/auucoder/gptgrok2api-go/internal/httpapi/admin_media.go:344.74,349.74 2 1
github.com/auucoder/gptgrok2api-go/internal/httpapi/admin_media.go:349.74,351.3 1 0
github.com/auucoder/gptgrok2api-go/internal/httpapi/admin_media.go:352.2,354.35 3 1
github.com/auucoder/gptgrok2api-go/internal/httpapi/admin_media.go:354.35,355.46 1 1
github.com/auucoder/gptgrok2api-go/internal/httpapi/admin_media.go:355.46,357.4 1 1
github.com/auucoder/gptgrok2api-go/internal/httpapi/admin_media.go:359.2,360.24 2 1
github.com/auucoder/gptgrok2api-go/internal/httpapi/admin_media.go:360.24,362.3 1 1
github.com/auucoder/gptgrok2api-go/internal/httpapi/admin_media.go:363.2,366.45 4 1
github.com/auucoder/gptgrok2api-go/internal/httpapi/admin_media.go:366.45,369.3 2 0
github.com/auucoder/gptgrok2api-go/internal/httpapi/admin_media.go:370.2,370.73 1 1
github.com/auucoder/gptgrok2api-go/internal/httpapi/admin_media.go:373.68,377.31 4 0
github.com/auucoder/gptgrok2api-go/internal/httpapi/admin_media.go:377.31,381.31 4 0
github.com/auucoder/gptgrok2api-go/internal/httpapi/admin_media.go:381.31,382.19 1 0
github.com/auucoder/gptgrok2api-go/internal/httpapi/admin_media.go:382.19,384.13 2 0
github.com/auucoder/gptgrok2api-go/internal/httpapi/admin_media.go:386.4,386.29 1 0
github.com/auucoder/gptgrok2api-go/internal/httpapi/admin_media.go:388.3,388.14 1 0
github.com/auucoder/gptgrok2api-go/internal/httpapi/admin_media.go:388.14,391.4 2 0
github.com/auucoder/gptgrok2api-go/internal/httpapi/admin_media.go:393.2,393.45 1 0
github.com/auucoder/gptgrok2api-go/internal/httpapi/admin_media.go:393.45,396.3 2 0
github.com/auucoder/gptgrok2api-go/internal/httpapi/admin_media.go:397.2,397.82 1 0
github.com/auucoder/gptgrok2api-go/internal/httpapi/admin_media.go:400.54,413.2 3 0
github.com/auucoder/gptgrok2api-go/internal/httpapi/admin_media.go:415.78,419.63 4 0
github.com/auucoder/gptgrok2api-go/internal/httpapi/admin_media.go:419.63,422.3 2 0
github.com/auucoder/gptgrok2api-go/internal/httpapi/admin_media.go:423.2,426.29 4 0
github.com/auucoder/gptgrok2api-go/internal/httpapi/admin_media.go:426.29,427.62 1 0
github.com/auucoder/gptgrok2api-go/internal/httpapi/admin_media.go:427.62,428.9 1 0
github.com/auucoder/gptgrok2api-go/internal/httpapi/admin_media.go:430.3,430.14 1 0
github.com/auucoder/gptgrok2api-go/internal/httpapi/admin_media.go:430.14,431.47 1 0
github.com/auucoder/gptgrok2api-go/internal/httpapi/admin_media.go:431.47,432.13 1 0
github.com/auucoder/gptgrok2api-go/internal/httpapi/admin_media.go:434.4,435.31 2 0
github.com/auucoder/gptgrok2api-go/internal/httpapi/admin_media.go:437.3,438.12 2 0
github.com/auucoder/gptgrok2api-go/internal/httpapi/admin_media.go:440.2,440.13 1 0
github.com/auucoder/gptgrok2api-go/internal/httpapi/admin_media.go:440.13,444.3 3 0
github.com/auucoder/gptgrok2api-go/internal/httpapi/admin_media.go:445.2,449.4 1 0
github.com/auucoder/gptgrok2api-go/internal/httpapi/admin_media.go:459.54,461.79 2 0
github.com/auucoder/gptgrok2api-go/internal/httpapi/admin_media.go:461.79,462.132 1 0
github.com/auucoder/gptgrok2api-go/internal/httpapi/admin_media.go:462.132,464.4 1 0
github.com/auucoder/gptgrok2api-go/internal/httpapi/admin_media.go:465.3,466.20 2 0
github.com/auucoder/gptgrok2api-go/internal/httpapi/admin_media.go:466.20,468.4 1 0
github.com/auucoder/gptgrok2api-go/internal/httpapi/admin_media.go:469.3,469.13 1 0
github.com/auucoder/gptgrok2api-go/internal/httpapi/admin_media.go:471.2,471.40 1 0
github.com/auucoder/gptgrok2api-go/internal/httpapi/admin_media.go:471.40,471.88 1 0
github.com/auucoder/gptgrok2api-go/internal/httpapi/admin_media.go:472.2,472.14 1 0
github.com/auucoder/gptgrok2api-go/internal/httpapi/admin_media.go:475.43,476.45 1 0
github.com/auucoder/gptgrok2api-go/internal/httpapi/admin_media.go:477.56,478.14 1 0
github.com/auucoder/gptgrok2api-go/internal/httpapi/admin_media.go:479.10,480.15 1 0
github.com/auucoder/gptgrok2api-go/internal/httpapi/admin_media.go:484.36,485.79 1 1
github.com/auucoder/gptgrok2api-go/internal/httpapi/admin_media.go:485.79,486.64 1 1
github.com/auucoder/gptgrok2api-go/internal/httpapi/admin_media.go:486.64,488.43 2 0
github.com/auucoder/gptgrok2api-go/internal/httpapi/admin_media.go:488.43,490.5 1 0
github.com/auucoder/gptgrok2api-go/internal/httpapi/admin_media.go:492.3,492.13 1 1
github.com/auucoder/gptgrok2api-go/internal/httpapi/admin_media.go:496.37,498.31 2 1
github.com/auucoder/gptgrok2api-go/internal/httpapi/admin_media.go:499.16,500.34 1 0
github.com/auucoder/gptgrok2api-go/internal/httpapi/admin_media.go:501.13,502.30 1 1
github.com/auucoder/gptgrok2api-go/internal/httpapi/admin_media.go:502.30,503.65 1 1
github.com/auucoder/gptgrok2api-go/internal/httpapi/admin_media.go:503.65,505.5 1 1
github.com/auucoder/gptgrok2api-go/internal/httpapi/admin_media.go:508.2,508.15 1 1
github.com/auucoder/gptgrok2api-go/internal/httpapi/admin_media.go:511.58,512.31 1 1
github.com/auucoder/gptgrok2api-go/internal/httpapi/admin_media.go:512.31,513.22 1 1
github.com/auucoder/gptgrok2api-go/internal/httpapi/admin_media.go:513.22,515.4 1 1
github.com/auucoder/gptgrok2api-go/internal/httpapi/admin_media.go:517.2,517.14 1 1
github.com/auucoder/gptgrok2api-go/internal/httpapi/admin_media.go:520.53,522.93 2 1
github.com/auucoder/gptgrok2api-go/internal/httpapi/admin_media.go:522.93,524.3 1 1
github.com/auucoder/gptgrok2api-go/internal/httpapi/admin_media.go:525.2,525.15 1 0
github.com/auucoder/gptgrok2api-go/internal/httpapi/admin_runtime.go:54.42,56.2 1 1
github.com/auucoder/gptgrok2api-go/internal/httpapi/admin_runtime.go:58.69,59.45 1 1
github.com/auucoder/gptgrok2api-go/internal/httpapi/admin_runtime.go:59.45,61.3 1 0
github.com/auucoder/gptgrok2api-go/internal/httpapi/admin_runtime.go:62.2,65.15 4 1
github.com/auucoder/gptgrok2api-go/internal/httpapi/admin_runtime.go:68.81,69.14 1 1
github.com/auucoder/gptgrok2api-go/internal/httpapi/admin_runtime.go:69.14,71.3 1 0
github.com/auucoder/gptgrok2api-go/internal/httpapi/admin_runtime.go:72.2,75.17 4 1
github.com/auucoder/gptgrok2api-go/internal/httpapi/admin_runtime.go:75.17,77.3 1 0
github.com/auucoder/gptgrok2api-go/internal/httpapi/admin_runtime.go:78.2,80.19 3 1
github.com/auucoder/gptgrok2api-go/internal/httpapi/admin_runtime.go:80.19,82.3 1 1
github.com/auucoder/gptgrok2api-go/internal/httpapi/admin_runtime.go:83.2,83.19 1 1
github.com/auucoder/gptgrok2api-go/internal/httpapi/admin_runtime.go:83.19,85.3 1 0
github.com/auucoder/gptgrok2api-go/internal/httpapi/admin_runtime.go:86.2,86.194 1 1
github.com/auucoder/gptgrok2api-go/internal/httpapi/admin_runtime.go:89.65,90.14 1 1
github.com/auucoder/gptgrok2api-go/internal/httpapi/admin_runtime.go:90.14,92.3 1 0
github.com/auucoder/gptgrok2api-go/internal/httpapi/admin_runtime.go:93.2,96.17 4 1
github.com/auucoder/gptgrok2api-go/internal/httpapi/admin_runtime.go:96.17,98.3 1 0
github.com/auucoder/gptgrok2api-go/internal/httpapi/admin_runtime.go:99.2,99.51 1 1
github.com/auucoder/gptgrok2api-go/internal/httpapi/admin_runtime.go:99.51,100.26 1 1
github.com/auucoder/gptgrok2api-go/internal/httpapi/admin_runtime.go:100.26,102.4 1 1
github.com/auucoder/gptgrok2api-go/internal/httpapi/admin_runtime.go:103.3,103.23 1 1
github.com/auucoder/gptgrok2api-go/internal/httpapi/admin_runtime.go:103.23,105.4 1 1
github.com/auucoder/gptgrok2api-go/internal/httpapi/admin_runtime.go:107.2,107.48 1 1
github.com/auucoder/gptgrok2api-go/internal/httpapi/admin_runtime.go:107.48,108.23 1 0
github.com/auucoder/gptgrok2api-go/internal/httpapi/admin_runtime.go:108.23,110.4 1 0
github.com/auucoder/gptgrok2api-go/internal/httpapi/admin_runtime.go:111.3,111.23 1 0
github.com/auucoder/gptgrok2api-go/internal/httpapi/admin_runtime.go:111.23,113.4 1 0
github.com/auucoder/gptgrok2api-go/internal/httpapi/admin_runtime.go:115.2,115.25 1 1
github.com/auucoder/gptgrok2api-go/internal/httpapi/admin_runtime.go:115.25,116.34 1 1
github.com/auucoder/gptgrok2api-go/internal/httpapi/admin_runtime.go:116.34,117.27 1 0
github.com/auucoder/gptgrok2api-go/internal/httpapi/admin_runtime.go:117.27,119.5 1 0
github.com/auucoder/gptgrok2api-go/internal/httpapi/admin_runtime.go:120.4,120.23 1 0
github.com/auucoder/gptgrok2api-go/internal/httpapi/admin_runtime.go:123.2,123.61 1 1
github.com/auucoder/gptgrok2api-go/internal/httpapi/admin_runtime.go:123.61,125.3 1 1
github.com/auucoder/gptgrok2api-go/internal/httpapi/admin_runtime.go:126.2,126.60 1 1
github.com/auucoder/gptgrok2api-go/internal/httpapi/admin_runtime.go:126.60,128.3 1 1
github.com/auucoder/gptgrok2api-go/internal/httpapi/admin_runtime.go:129.2,129.61 1 1
github.com/auucoder/gptgrok2api-go/internal/httpapi/admin_runtime.go:129.61,131.3 1 1
github.com/auucoder/gptgrok2api-go/internal/httpapi/admin_runtime.go:132.2,132.47 1 1
github.com/auucoder/gptgrok2api-go/internal/httpapi/admin_runtime.go:132.47,134.3 1 1
github.com/auucoder/gptgrok2api-go/internal/httpapi/admin_runtime.go:135.2,135.62 1 1
github.com/auucoder/gptgrok2api-go/internal/httpapi/admin_runtime.go:135.62,137.3 1 1
github.com/auucoder/gptgrok2api-go/internal/httpapi/admin_runtime.go:138.2,138.59 1 1
github.com/auucoder/gptgrok2api-go/internal/httpapi/admin_runtime.go:138.59,140.3 1 1
github.com/auucoder/gptgrok2api-go/internal/httpapi/admin_runtime.go:141.2,141.57 1 1
github.com/auucoder/gptgrok2api-go/internal/httpapi/admin_runtime.go:141.57,143.3 1 1
github.com/auucoder/gptgrok2api-go/internal/httpapi/admin_runtime.go:144.2,144.55 1 1
github.com/auucoder/gptgrok2api-go/internal/httpapi/admin_runtime.go:144.55,146.3 1 1
github.com/auucoder/gptgrok2api-go/internal/httpapi/admin_runtime.go:147.2,147.26 1 1
github.com/auucoder/gptgrok2api-go/internal/httpapi/admin_runtime.go:147.26,148.26 1 1
github.com/auucoder/gptgrok2api-go/internal/httpapi/admin_runtime.go:148.26,149.22 1 1
github.com/auucoder/gptgrok2api-go/internal/httpapi/admin_runtime.go:149.22,151.5 1 1
github.com/auucoder/gptgrok2api-go/internal/httpapi/admin_runtime.go:156.77,157.14 1 1
github.com/auucoder/gptgrok2api-go/internal/httpapi/admin_runtime.go:157.14,159.3 1 0
github.com/auucoder/gptgrok2api-go/internal/httpapi/admin_runtime.go:160.2,163.17 4 1
github.com/auucoder/gptgrok2api-go/internal/httpapi/admin_runtime.go:163.17,165.3 1 0
github.com/auucoder/gptgrok2api-go/internal/httpapi/admin_runtime.go:166.2,168.22 3 1
github.com/auucoder/gptgrok2api-go/internal/httpapi/admin_runtime.go:168.22,170.3 1 0
github.com/auucoder/gptgrok2api-go/internal/httpapi/admin_runtime.go:171.2,177.25 7 1
github.com/auucoder/gptgrok2api-go/internal/httpapi/admin_runtime.go:177.25,179.3 1 1
github.com/auucoder/gptgrok2api-go/internal/httpapi/admin_runtime.go:180.2,184.32 5 1
github.com/auucoder/gptgrok2api-go/internal/httpapi/admin_runtime.go:184.32,186.3 1 0
github.com/auucoder/gptgrok2api-go/internal/httpapi/admin_runtime.go:187.2,187.15 1 1
github.com/auucoder/gptgrok2api-go/internal/httpapi/admin_runtime.go:190.52,191.14 1 1
github.com/auucoder/gptgrok2api-go/internal/httpapi/admin_runtime.go:191.14,193.3 1 0
github.com/auucoder/gptgrok2api-go/internal/httpapi/admin_runtime.go:194.2,196.32 3 1
github.com/auucoder/gptgrok2api-go/internal/httpapi/admin_runtime.go:196.32,200.3 3 1
github.com/auucoder/gptgrok2api-go/internal/httpapi/admin_runtime.go:201.2,203.41 3 1
github.com/auucoder/gptgrok2api-go/internal/httpapi/admin_runtime.go:203.41,203.93 1 0
github.com/auucoder/gptgrok2api-go/internal/httpapi/admin_runtime.go:204.2,204.41 1 1
github.com/auucoder/gptgrok2api-go/internal/httpapi/admin_runtime.go:204.41,204.89 1 0
github.com/auucoder/gptgrok2api-go/internal/httpapi/admin_runtime.go:205.2,211.3 1 1
github.com/auucoder/gptgrok2api-go/internal/httpapi/admin_runtime.go:214.66,215.14 1 1
github.com/auucoder/gptgrok2api-go/internal/httpapi/admin_runtime.go:215.14,217.3 1 0
github.com/auucoder/gptgrok2api-go/internal/httpapi/admin_runtime.go:218.2,220.39 3 1
github.com/auucoder/gptgrok2api-go/internal/httpapi/admin_runtime.go:220.39,224.3 3 1
github.com/auucoder/gptgrok2api-go/internal/httpapi/admin_runtime.go:225.2,225.57 1 1
github.com/auucoder/gptgrok2api-go/internal/httpapi/admin_runtime.go:225.57,226.38 1 1
github.com/auucoder/gptgrok2api-go/internal/httpapi/admin_runtime.go:226.38,228.4 1 1
github.com/auucoder/gptgrok2api-go/internal/httpapi/admin_runtime.go:230.2,230.31 1 0
github.com/auucoder/gptgrok2api-go/internal/httpapi/admin_runtime.go:233.66,235.37 2 0
github.com/auucoder/gptgrok2api-go/internal/httpapi/admin_runtime.go:235.37,237.3 1 0
github.com/auucoder/gptgrok2api-go/internal/httpapi/admin_runtime.go:238.2,240.19 3 0
github.com/auucoder/gptgrok2api-go/internal/httpapi/admin_runtime.go:243.67,245.29 2 1
github.com/auucoder/gptgrok2api-go/internal/httpapi/admin_runtime.go:245.29,246.28 1 0
github.com/auucoder/gptgrok2api-go/internal/httpapi/admin_runtime.go:246.28,248.4 1 0
github.com/auucoder/gptgrok2api-go/internal/httpapi/admin_runtime.go:250.2,250.14 1 1
github.com/auucoder/gptgrok2api-go/internal/httpapi/admin_runtime.go:253.68,254.27 1 0
github.com/auucoder/gptgrok2api-go/internal/httpapi/admin_runtime.go:254.27,256.3 1 0
github.com/auucoder/gptgrok2api-go/internal/httpapi/admin_runtime.go:257.2,257.33 1 0
github.com/auucoder/gptgrok2api-go/internal/httpapi/admin_runtime.go:257.33,260.3 2 0
github.com/auucoder/gptgrok2api-go/internal/httpapi/admin_runtime.go:261.2,264.74 2 0
github.com/auucoder/gptgrok2api-go/internal/httpapi/admin_runtime.go:264.74,266.3 1 0
github.com/auucoder/gptgrok2api-go/internal/httpapi/admin_runtime.go:267.2,268.21 2 0
github.com/auucoder/gptgrok2api-go/internal/httpapi/admin_runtime.go:268.21,270.3 1 0
github.com/auucoder/gptgrok2api-go/internal/httpapi/admin_runtime.go:271.2,271.21 1 0
github.com/auucoder/gptgrok2api-go/internal/httpapi/admin_runtime.go:271.21,274.3 2 0
github.com/auucoder/gptgrok2api-go/internal/httpapi/admin_runtime.go:275.2,276.37 2 0
github.com/auucoder/gptgrok2api-go/internal/httpapi/admin_runtime.go:276.37,279.3 2 0
github.com/auucoder/gptgrok2api-go/internal/httpapi/admin_runtime.go:280.2,284.16 5 0
github.com/auucoder/gptgrok2api-go/internal/httpapi/admin_runtime.go:284.16,287.22 3 0
github.com/auucoder/gptgrok2api-go/internal/httpapi/admin_runtime.go:287.22,291.47 4 0
github.com/auucoder/gptgrok2api-go/internal/httpapi/admin_runtime.go:291.47,293.5 1 0
github.com/auucoder/gptgrok2api-go/internal/httpapi/admin_runtime.go:296.2,297.16 2 0
github.com/auucoder/gptgrok2api-go/internal/httpapi/admin_runtime.go:297.16,301.3 3 0
github.com/auucoder/gptgrok2api-go/internal/httpapi/admin_runtime.go:302.2,302.63 1 0
github.com/auucoder/gptgrok2api-go/internal/httpapi/admin_runtime.go:305.44,306.123 1 0
github.com/auucoder/gptgrok2api-go/internal/httpapi/admin_runtime.go:306.123,307.7 1 0
github.com/auucoder/gptgrok2api-go/internal/httpapi/admin_runtime.go:307.7,309.17 2 0
github.com/auucoder/gptgrok2api-go/internal/httpapi/admin_runtime.go:309.17,310.10 1 0
github.com/auucoder/gptgrok2api-go/internal/httpapi/admin_runtime.go:312.4,313.14 2 0
github.com/auucoder/gptgrok2api-go/internal/httpapi/admin_runtime.go:313.14,314.10 1 0
github.com/auucoder/gptgrok2api-go/internal/httpapi/admin_runtime.go:316.4,316.74 1 0
github.com/auucoder/gptgrok2api-go/internal/httpapi/admin_runtime.go:319.2,319.14 1 0
github.com/auucoder/gptgrok2api-go/internal/httpapi/admin_runtime.go:322.69,323.27 1 0
github.com/auucoder/gptgrok2api-go/internal/httpapi/admin_runtime.go:323.27,325.3 1 0
github.com/auucoder/gptgrok2api-go/internal/httpapi/admin_runtime.go:326.2,327.31 2 0
github.com/auucoder/gptgrok2api-go/internal/httpapi/admin_runtime.go:327.31,330.3 2 0
github.com/auucoder/gptgrok2api-go/internal/httpapi/admin_runtime.go:331.2,333.76 3 0
github.com/auucoder/gptgrok2api-go/internal/httpapi/admin_runtime.go:333.76,335.10 2 0
github.com/auucoder/gptgrok2api-go/internal/httpapi/admin_runtime.go:335.10,338.4 2 0
github.com/auucoder/gptgrok2api-go/internal/httpapi/admin_runtime.go:339.3,340.9 2 0
github.com/auucoder/gptgrok2api-go/internal/httpapi/admin_runtime.go:342.2,343.9 2 0
github.com/auucoder/gptgrok2api-go/internal/httpapi/admin_runtime.go:343.9,346.3 2 0
github.com/auucoder/gptgrok2api-go/internal/httpapi/admin_runtime.go:347.2,347.61 1 0
github.com/auucoder/gptgrok2api-go/internal/httpapi/admin_runtime.go:350.62,357.30 6 1
github.com/auucoder/gptgrok2api-go/internal/httpapi/admin_runtime.go:357.30,359.3 1 0
github.com/auucoder/gptgrok2api-go/internal/httpapi/admin_runtime.go:360.2,360.31 1 1
github.com/auucoder/gptgrok2api-go/internal/httpapi/admin_runtime.go:360.31,362.27 2 1
github.com/auucoder/gptgrok2api-go/internal/httpapi/admin_runtime.go:362.27,363.12 1 0
github.com/auucoder/gptgrok2api-go/internal/httpapi/admin_runtime.go:365.3,366.32 2 1
github.com/auucoder/gptgrok2api-go/internal/httpapi/admin_runtime.go:368.2,368.47 1 1
github.com/auucoder/gptgrok2api-go/internal/httpapi/admin_runtime.go:368.47,370.3 1 0
github.com/auucoder/gptgrok2api-go/internal/httpapi/admin_runtime.go:371.2,371.23 1 1
github.com/auucoder/gptgrok2api-go/internal/httpapi/admin_runtime.go:371.23,373.3 1 0
github.com/auucoder/gptgrok2api-go/internal/httpapi/admin_runtime.go:375.2,376.45 2 1
github.com/auucoder/gptgrok2api-go/internal/httpapi/admin_runtime.go:376.45,378.3 1 0
github.com/auucoder/gptgrok2api-go/internal/httpapi/admin_runtime.go:379.2,379.20 1 1
github.com/auucoder/gptgrok2api-go/internal/httpapi/admin_runtime.go:379.20,381.3 1 0
github.com/auucoder/gptgrok2api-go/internal/httpapi/admin_runtime.go:383.2,383.80 1 1
github.com/auucoder/gptgrok2api-go/internal/httpapi/admin_runtime.go:383.80,385.3 1 1
github.com/auucoder/gptgrok2api-go/internal/httpapi/admin_runtime.go:386.2,386.80 1 1
github.com/auucoder/gptgrok2api-go/internal/httpapi/admin_runtime.go:386.80,388.3 1 1
github.com/auucoder/gptgrok2api-go/internal/httpapi/admin_runtime.go:389.2,389.28 1 1
github.com/auucoder/gptgrok2api-go/internal/httpapi/admin_runtime.go:389.28,391.3 1 0
github.com/auucoder/gptgrok2api-go/internal/httpapi/admin_runtime.go:393.2,393.85 1 1
github.com/auucoder/gptgrok2api-go/internal/httpapi/admin_runtime.go:393.85,395.18 2 1
github.com/auucoder/gptgrok2api-go/internal/httpapi/admin_runtime.go:395.18,397.4 1 0
github.com/auucoder/gptgrok2api-go/internal/httpapi/admin_runtime.go:398.3,398.15 1 1
github.com/auucoder/gptgrok2api-go/internal/httpapi/admin_runtime.go:400.2,400.33 1 1
github.com/auucoder/gptgrok2api-go/internal/httpapi/admin_runtime.go:400.33,401.85 1 0
github.com/auucoder/gptgrok2api-go/internal/httpapi/admin_runtime.go:401.85,403.19 2 0
github.com/auucoder/gptgrok2api-go/internal/httpapi/admin_runtime.go:403.19,405.5 1 0
github.com/auucoder/gptgrok2api-go/internal/httpapi/admin_runtime.go:406.4,406.16 1 0
github.com/auucoder/gptgrok2api-go/internal/httpapi/admin_runtime.go:410.2,411.34 2 1
github.com/auucoder/gptgrok2api-go/internal/httpapi/admin_runtime.go:411.34,413.3 1 1
github.com/auucoder/gptgrok2api-go/internal/httpapi/admin_runtime.go:415.2,422.47 8 1
github.com/auucoder/gptgrok2api-go/internal/httpapi/admin_runtime.go:422.47,424.23 2 1
github.com/auucoder/gptgrok2api-go/internal/httpapi/admin_runtime.go:424.23,425.12 1 1
github.com/auucoder/gptgrok2api-go/internal/httpapi/admin_runtime.go:427.3,428.15 2 1
github.com/auucoder/gptgrok2api-go/internal/httpapi/admin_runtime.go:428.15,429.12 1 0
github.com/auucoder/gptgrok2api-go/internal/httpapi/admin_runtime.go:431.3,433.28 3 1
github.com/auucoder/gptgrok2api-go/internal/httpapi/admin_runtime.go:433.28,437.4 3 1
github.com/auucoder/gptgrok2api-go/internal/httpapi/admin_runtime.go:440.2,460.30 3 1
github.com/auucoder/gptgrok2api-go/internal/httpapi/admin_runtime.go:460.30,462.17 2 1
github.com/auucoder/gptgrok2api-go/internal/httpapi/admin_runtime.go:463.31,464.62 1 1
github.com/auucoder/gptgrok2api-go/internal/httpapi/admin_runtime.go:465.26,466.60 1 0
github.com/auucoder/gptgrok2api-go/internal/httpapi/admin_runtime.go:468.3,470.25 3 1
github.com/auucoder/gptgrok2api-go/internal/httpapi/admin_runtime.go:470.25,473.4 2 0
github.com/auucoder/gptgrok2api-go/internal/httpapi/admin_runtime.go:474.3,474.54 1 1
github.com/auucoder/gptgrok2api-go/internal/httpapi/admin_runtime.go:474.54,477.4 2 0
github.com/auucoder/gptgrok2api-go/internal/httpapi/admin_runtime.go:478.3,478.59 1 1
github.com/auucoder/gptgrok2api-go/internal/httpapi/admin_runtime.go:478.59,481.4 2 0
github.com/auucoder/gptgrok2api-go/internal/httpapi/admin_runtime.go:482.3,482.53 1 1
github.com/auucoder/gptgrok2api-go/internal/httpapi/admin_runtime.go:482.53,485.4 2 0
github.com/auucoder/gptgrok2api-go/internal/httpapi/admin_runtime.go:486.3,486.52 1 1
github.com/auucoder/gptgrok2api-go/internal/httpapi/admin_runtime.go:486.52,489.4 2 0
github.com/auucoder/gptgrok2api-go/internal/httpapi/admin_runtime.go:490.3,490.36 1 1
github.com/auucoder/gptgrok2api-go/internal/httpapi/admin_runtime.go:490.36,493.4 2 0
github.com/auucoder/gptgrok2api-go/internal/httpapi/admin_runtime.go:495.2,496.21 2 1
github.com/auucoder/gptgrok2api-go/internal/httpapi/admin_runtime.go:496.21,499.3 2 1
github.com/auucoder/gptgrok2api-go/internal/httpapi/admin_runtime.go:500.2,508.17 9 1
github.com/auucoder/gptgrok2api-go/internal/httpapi/admin_runtime.go:511.52,513.31 2 1
github.com/auucoder/gptgrok2api-go/internal/httpapi/admin_runtime.go:514.23,515.30 1 1
github.com/auucoder/gptgrok2api-go/internal/httpapi/admin_runtime.go:515.30,517.4 1 1
github.com/auucoder/gptgrok2api-go/internal/httpapi/admin_runtime.go:518.24,519.36 1 0
github.com/auucoder/gptgrok2api-go/internal/httpapi/admin_runtime.go:520.13,521.30 1 0
github.com/auucoder/gptgrok2api-go/internal/httpapi/admin_runtime.go:521.30,522.47 1 0
github.com/auucoder/gptgrok2api-go/internal/httpapi/admin_runtime.go:522.47,524.5 1 0
github.com/auucoder/gptgrok2api-go/internal/httpapi/admin_runtime.go:527.2,527.15 1 1
github.com/auucoder/gptgrok2api-go/internal/httpapi/admin_runtime.go:530.58,532.48 2 1
github.com/auucoder/gptgrok2api-go/internal/httpapi/admin_runtime.go:532.48,534.3 1 0
github.com/auucoder/gptgrok2api-go/internal/httpapi/admin_runtime.go:535.2,541.24 3 1
github.com/auucoder/gptgrok2api-go/internal/httpapi/admin_runtime.go:541.24,543.3 1 1
github.com/auucoder/gptgrok2api-go/internal/httpapi/admin_runtime.go:544.2,544.24 1 1
github.com/auucoder/gptgrok2api-go/internal/httpapi/admin_runtime.go:544.24,546.3 1 1
github.com/auucoder/gptgrok2api-go/internal/httpapi/admin_runtime.go:547.2,547.22 1 1
github.com/auucoder/gptgrok2api-go/internal/httpapi/admin_runtime.go:547.22,549.3 1 0
github.com/auucoder/gptgrok2api-go/internal/httpapi/admin_runtime.go:550.2,550.22 1 1
github.com/auucoder/gptgrok2api-go/internal/httpapi/admin_runtime.go:550.22,552.3 1 0
github.com/auucoder/gptgrok2api-go/internal/httpapi/admin_runtime.go:553.2,565.15 13 1
github.com/auucoder/gptgrok2api-go/internal/httpapi/admin_runtime.go:568.91,572.75 4 1
github.com/auucoder/gptgrok2api-go/internal/httpapi/admin_runtime.go:572.75,574.60 2 1
github.com/auucoder/gptgrok2api-go/internal/httpapi/admin_runtime.go:574.60,575.12 1 0
github.com/auucoder/gptgrok2api-go/internal/httpapi/admin_runtime.go:577.3,579.19 3 1
github.com/auucoder/gptgrok2api-go/internal/httpapi/admin_runtime.go:579.19,580.12 1 0
github.com/auucoder/gptgrok2api-go/internal/httpapi/admin_runtime.go:582.3,586.124 2 1
github.com/auucoder/gptgrok2api-go/internal/httpapi/admin_runtime.go:586.124,587.12 1 0
github.com/auucoder/gptgrok2api-go/internal/httpapi/admin_runtime.go:589.3,606.180 2 1
github.com/auucoder/gptgrok2api-go/internal/httpapi/admin_runtime.go:606.180,607.37 1 1
github.com/auucoder/gptgrok2api-go/internal/httpapi/admin_runtime.go:607.37,609.5 1 0
github.com/auucoder/gptgrok2api-go/internal/httpapi/admin_runtime.go:609.10,609.43 1 1
github.com/auucoder/gptgrok2api-go/internal/httpapi/admin_runtime.go:609.43,611.5 1 0
github.com/auucoder/gptgrok2api-go/internal/httpapi/admin_runtime.go:613.3,614.55 2 1
github.com/auucoder/gptgrok2api-go/internal/httpapi/admin_runtime.go:614.55,616.23 2 1
github.com/auucoder/gptgrok2api-go/internal/httpapi/admin_runtime.go:616.23,617.13 1 0
github.com/auucoder/gptgrok2api-go/internal/httpapi/admin_runtime.go:619.4,620.41 2 1
github.com/auucoder/gptgrok2api-go/internal/httpapi/admin_runtime.go:620.41,622.5 1 1
github.com/auucoder/gptgrok2api-go/internal/httpapi/admin_runtime.go:623.4,623.34 1 1
github.com/auucoder/gptgrok2api-go/internal/httpapi/admin_runtime.go:626.2,626.24 1 1
github.com/auucoder/gptgrok2api-go/internal/httpapi/admin_runtime.go:629.31,630.37 1 1
github.com/auucoder/gptgrok2api-go/internal/httpapi/admin_runtime.go:630.37,632.3 1 1
github.com/auucoder/gptgrok2api-go/internal/httpapi/admin_runtime.go:633.2,633.16 1 0
github.com/auucoder/gptgrok2api-go/internal/httpapi/admin_runtime.go:636.37,637.31 1 1
github.com/auucoder/gptgrok2api-go/internal/httpapi/admin_runtime.go:638.11,639.22 1 1
github.com/auucoder/gptgrok2api-go/internal/httpapi/admin_runtime.go:640.13,641.22 1 0
github.com/auucoder/gptgrok2api-go/internal/httpapi/admin_runtime.go:642.13,643.15 1 1
github.com/auucoder/gptgrok2api-go/internal/httpapi/admin_runtime.go:644.15,645.22 1 1
github.com/auucoder/gptgrok2api-go/internal/httpapi/admin_runtime.go:646.15,647.22 1 0
github.com/auucoder/gptgrok2api-go/internal/httpapi/admin_runtime.go:648.10,649.11 1 1
github.com/auucoder/gptgrok2api-go/internal/httpapi/admin_runtime.go:653.66,654.22 1 1
github.com/auucoder/gptgrok2api-go/internal/httpapi/admin_runtime.go:654.22,656.3 1 0
github.com/auucoder/gptgrok2api-go/internal/httpapi/admin_runtime.go:657.2,658.41 2 1
github.com/auucoder/gptgrok2api-go/internal/httpapi/admin_runtime.go:658.41,658.73 1 0
github.com/auucoder/gptgrok2api-go/internal/httpapi/admin_runtime.go:659.2,660.15 2 1
github.com/auucoder/gptgrok2api-go/internal/httpapi/admin_runtime.go:660.15,662.3 1 0
github.com/auucoder/gptgrok2api-go/internal/httpapi/admin_runtime.go:663.2,663.26 1 1
github.com/auucoder/gptgrok2api-go/internal/httpapi/admin_runtime.go:663.26,665.3 1 0
github.com/auucoder/gptgrok2api-go/internal/httpapi/admin_runtime.go:666.2,666.22 1 1
github.com/auucoder/gptgrok2api-go/internal/httpapi/admin_runtime.go:669.70,671.29 2 1
github.com/auucoder/gptgrok2api-go/internal/httpapi/admin_runtime.go:671.29,673.16 2 1
github.com/auucoder/gptgrok2api-go/internal/httpapi/admin_runtime.go:673.16,675.4 1 1
github.com/auucoder/gptgrok2api-go/internal/httpapi/admin_runtime.go:677.2,677.15 1 1
github.com/auucoder/gptgrok2api-go/internal/httpapi/admin_runtime.go:680.87,682.27 2 1
github.com/auucoder/gptgrok2api-go/internal/httpapi/admin_runtime.go:682.27,684.3 1 1
github.com/auucoder/gptgrok2api-go/internal/httpapi/admin_runtime.go:685.2,685.15 1 1
github.com/auucoder/gptgrok2api-go/internal/httpapi/admin_runtime.go:688.64,689.17 1 1
github.com/auucoder/gptgrok2api-go/internal/httpapi/admin_runtime.go:689.17,691.3 1 0
github.com/auucoder/gptgrok2api-go/internal/httpapi/admin_runtime.go:692.2,692.50 1 1
github.com/auucoder/gptgrok2api-go/internal/httpapi/admin_runtime.go:692.50,694.3 1 1
github.com/auucoder/gptgrok2api-go/internal/httpapi/admin_runtime.go:695.2,695.60 1 1
github.com/auucoder/gptgrok2api-go/internal/httpapi/admin_runtime.go:695.60,696.54 1 1
github.com/auucoder/gptgrok2api-go/internal/httpapi/admin_runtime.go:696.54,698.4 1 1
github.com/auucoder/gptgrok2api-go/internal/httpapi/admin_runtime.go:700.2,700.51 1 1
github.com/auucoder/gptgrok2api-go/internal/httpapi/admin_runtime.go:700.51,701.51 1 1
github.com/auucoder/gptgrok2api-go/internal/httpapi/admin_runtime.go:701.51,703.4 1 1
github.com/auucoder/gptgrok2api-go/internal/httpapi/admin_runtime.go:705.2,705.10 1 1
github.com/auucoder/gptgrok2api-go/internal/httpapi/admin_runtime.go:708.103,710.29 2 1
github.com/auucoder/gptgrok2api-go/internal/httpapi/admin_runtime.go:710.29,712.16 2 1
github.com/auucoder/gptgrok2api-go/internal/httpapi/admin_runtime.go:712.16,713.12 1 1
github.com/auucoder/gptgrok2api-go/internal/httpapi/admin_runtime.go:715.3,715.47 1 1
github.com/auucoder/gptgrok2api-go/internal/httpapi/admin_runtime.go:717.2,717.15 1 1
github.com/auucoder/gptgrok2api-go/internal/httpapi/admin_runtime.go:720.51,721.17 1 1
github.com/auucoder/gptgrok2api-go/internal/httpapi/admin_runtime.go:721.17,723.3 1 0
github.com/auucoder/gptgrok2api-go/internal/httpapi/admin_runtime.go:724.2,724.81 1 1
github.com/auucoder/gptgrok2api-go/internal/httpapi/admin_runtime.go:724.81,726.3 1 0
github.com/auucoder/gptgrok2api-go/internal/httpapi/admin_runtime.go:727.2,736.33 3 1
github.com/auucoder/gptgrok2api-go/internal/httpapi/admin_runtime.go:736.33,738.3 1 1
github.com/auucoder/gptgrok2api-go/internal/httpapi/admin_runtime.go:739.2,739.18 1 0
github.com/auucoder/gptgrok2api-go/internal/httpapi/admin_runtime.go:739.18,741.3 1 0
github.com/auucoder/gptgrok2api-go/internal/httpapi/admin_runtime.go:742.2,742.17 1 0
github.com/auucoder/gptgrok2api-go/internal/httpapi/admin_runtime.go:742.17,744.3 1 0
github.com/auucoder/gptgrok2api-go/internal/httpapi/admin_runtime.go:745.2,745.29 1 0
github.com/auucoder/gptgrok2api-go/internal/httpapi/admin_runtime.go:748.44,749.49 1 1
github.com/auucoder/gptgrok2api-go/internal/httpapi/admin_runtime.go:749.49,751.3 1 1
github.com/auucoder/gptgrok2api-go/internal/httpapi/admin_runtime.go:752.2,752.12 1 0
github.com/auucoder/gptgrok2api-go/internal/httpapi/admin_runtime.go:755.56,756.17 1 1
github.com/auucoder/gptgrok2api-go/internal/httpapi/admin_runtime.go:756.17,758.3 1 0
github.com/auucoder/gptgrok2api-go/internal/httpapi/admin_runtime.go:759.2,767.130 2 1
github.com/auucoder/gptgrok2api-go/internal/httpapi/admin_runtime.go:770.127,771.56 1 1
github.com/auucoder/gptgrok2api-go/internal/httpapi/admin_runtime.go:771.56,773.3 1 0
github.com/auucoder/gptgrok2api-go/internal/httpapi/admin_runtime.go:774.2,774.60 1 1
github.com/auucoder/gptgrok2api-go/internal/httpapi/admin_runtime.go:774.60,776.3 1 0
github.com/auucoder/gptgrok2api-go/internal/httpapi/admin_runtime.go:777.2,779.22 3 1
github.com/auucoder/gptgrok2api-go/internal/httpapi/admin_runtime.go:779.22,781.3 1 0
github.com/auucoder/gptgrok2api-go/internal/httpapi/admin_runtime.go:782.2,796.31 2 1
github.com/auucoder/gptgrok2api-go/internal/httpapi/admin_runtime.go:796.31,798.3 1 1
github.com/auucoder/gptgrok2api-go/internal/httpapi/admin_runtime.go:799.2,799.28 1 1
github.com/auucoder/gptgrok2api-go/internal/httpapi/admin_runtime.go:799.28,801.3 1 1
github.com/auucoder/gptgrok2api-go/internal/httpapi/admin_runtime.go:802.2,802.26 1 1
github.com/auucoder/gptgrok2api-go/internal/httpapi/admin_runtime.go:802.26,804.3 1 1
github.com/auucoder/gptgrok2api-go/internal/httpapi/admin_runtime.go:805.2,805.24 1 1
github.com/auucoder/gptgrok2api-go/internal/httpapi/admin_runtime.go:805.24,807.3 1 1
github.com/auucoder/gptgrok2api-go/internal/httpapi/admin_runtime.go:808.2,808.52 1 1
github.com/auucoder/gptgrok2api-go/internal/httpapi/admin_runtime.go:808.52,810.3 1 1
github.com/auucoder/gptgrok2api-go/internal/httpapi/admin_runtime.go:811.2,811.31 1 1
github.com/auucoder/gptgrok2api-go/internal/httpapi/admin_runtime.go:811.31,813.3 1 1
github.com/auucoder/gptgrok2api-go/internal/httpapi/admin_runtime.go:814.2,814.65 1 1
github.com/auucoder/gptgrok2api-go/internal/httpapi/admin_runtime.go:814.65,817.25 3 1
github.com/auucoder/gptgrok2api-go/internal/httpapi/admin_runtime.go:817.25,819.4 1 0
github.com/auucoder/gptgrok2api-go/internal/httpapi/admin_runtime.go:821.2,821.21 1 1
github.com/auucoder/gptgrok2api-go/internal/httpapi/admin_runtime.go:821.21,825.3 3 0
github.com/auucoder/gptgrok2api-go/internal/httpapi/admin_runtime.go:826.2,826.69 1 1
github.com/auucoder/gptgrok2api-go/internal/httpapi/admin_runtime.go:826.69,829.3 2 1
github.com/auucoder/gptgrok2api-go/internal/httpapi/admin_runtime.go:830.2,838.16 3 1
github.com/auucoder/gptgrok2api-go/internal/httpapi/admin_runtime.go:838.16,840.3 1 0
github.com/auucoder/gptgrok2api-go/internal/httpapi/admin_runtime.go:841.2,841.58 1 1
github.com/auucoder/gptgrok2api-go/internal/httpapi/admin_runtime.go:841.58,843.3 1 1
github.com/auucoder/gptgrok2api-go/internal/httpapi/admin_runtime.go:844.2,848.16 5 1
github.com/auucoder/gptgrok2api-go/internal/httpapi/admin_runtime.go:848.16,850.3 1 0
github.com/auucoder/gptgrok2api-go/internal/httpapi/admin_runtime.go:851.2,852.38 2 1
github.com/auucoder/gptgrok2api-go/internal/httpapi/admin_runtime.go:855.59,857.40 2 1
github.com/auucoder/gptgrok2api-go/internal/httpapi/admin_runtime.go:857.40,859.3 1 1
github.com/auucoder/gptgrok2api-go/internal/httpapi/admin_runtime.go:860.2,861.34 2 1
github.com/auucoder/gptgrok2api-go/internal/httpapi/admin_runtime.go:861.34,863.14 2 1
github.com/auucoder/gptgrok2api-go/internal/httpapi/admin_runtime.go:863.14,865.4 1 0
github.com/auucoder/gptgrok2api-go/internal/httpapi/admin_runtime.go:866.3,867.34 2 1
github.com/auucoder/gptgrok2api-go/internal/httpapi/admin_runtime.go:867.34,869.4 1 1
github.com/auucoder/gptgrok2api-go/internal/httpapi/admin_runtime.go:870.3,871.47 2 1
github.com/auucoder/gptgrok2api-go/internal/httpapi/admin_runtime.go:871.47,873.4 1 1
github.com/auucoder/gptgrok2api-go/internal/httpapi/admin_runtime.go:874.3,874.67 1 1
github.com/auucoder/gptgrok2api-go/internal/httpapi/admin_runtime.go:876.2,877.21 2 1
github.com/auucoder/gptgrok2api-go/internal/httpapi/admin_runtime.go:877.21,878.24 1 1
github.com/auucoder/gptgrok2api-go/internal/httpapi/admin_runtime.go:879.23,880.27 1 1
github.com/auucoder/gptgrok2api-go/internal/httpapi/admin_runtime.go:880.27,881.19 1 1
github.com/auucoder/gptgrok2api-go/internal/httpapi/admin_runtime.go:881.19,883.6 1 1
github.com/auucoder/gptgrok2api-go/internal/httpapi/admin_runtime.go:883.11,885.6 1 1
github.com/auucoder/gptgrok2api-go/internal/httpapi/admin_runtime.go:887.14,888.27 1 1
github.com/auucoder/gptgrok2api-go/internal/httpapi/admin_runtime.go:888.27,890.5 1 1
github.com/auucoder/gptgrok2api-go/internal/httpapi/admin_runtime.go:891.15,892.43 1 1
github.com/auucoder/gptgrok2api-go/internal/httpapi/admin_runtime.go:892.43,893.92 1 1
github.com/auucoder/gptgrok2api-go/internal/httpapi/admin_runtime.go:893.92,895.55 2 1
github.com/auucoder/gptgrok2api-go/internal/httpapi/admin_runtime.go:895.55,898.7 2 1
github.com/auucoder/gptgrok2api-go/internal/httpapi/admin_runtime.go:898.12,900.7 1 0
github.com/auucoder/gptgrok2api-go/internal/httpapi/admin_runtime.go:901.6,901.18 1 1
github.com/auucoder/gptgrok2api-go/internal/httpapi/admin_runtime.go:906.2,907.12 2 1
github.com/auucoder/gptgrok2api-go/internal/httpapi/admin_runtime.go:910.45,911.51 1 1
github.com/auucoder/gptgrok2api-go/internal/httpapi/admin_runtime.go:912.27,913.24 1 1
github.com/auucoder/gptgrok2api-go/internal/httpapi/admin_runtime.go:914.25,915.24 1 1
github.com/auucoder/gptgrok2api-go/internal/httpapi/admin_runtime.go:916.27,917.24 1 0
github.com/auucoder/gptgrok2api-go/internal/httpapi/admin_runtime.go:918.82,919.24 1 1
github.com/auucoder/gptgrok2api-go/internal/httpapi/admin_runtime.go:920.30,921.24 1 1
github.com/auucoder/gptgrok2api-go/internal/httpapi/admin_runtime.go:922.28,923.24 1 0
github.com/auucoder/gptgrok2api-go/internal/httpapi/admin_runtime.go:924.25,925.24 1 0
github.com/auucoder/gptgrok2api-go/internal/httpapi/admin_runtime.go:926.29,927.27 1 1
github.com/auucoder/gptgrok2api-go/internal/httpapi/admin_runtime.go:928.29,929.24 1 1
github.com/auucoder/gptgrok2api-go/internal/httpapi/admin_runtime.go:930.38,931.24 1 1
github.com/auucoder/gptgrok2api-go/internal/httpapi/admin_runtime.go:932.35,933.30 1 1
github.com/auucoder/gptgrok2api-go/internal/httpapi/admin_runtime.go:934.26,935.27 1 1
github.com/auucoder/gptgrok2api-go/internal/httpapi/admin_runtime.go:936.36,937.30 1 1
github.com/auucoder/gptgrok2api-go/internal/httpapi/admin_runtime.go:938.47,939.24 1 1
github.com/auucoder/gptgrok2api-go/internal/httpapi/admin_runtime.go:940.29,941.24 1 1
github.com/auucoder/gptgrok2api-go/internal/httpapi/admin_runtime.go:942.26,943.24 1 0
github.com/auucoder/gptgrok2api-go/internal/httpapi/admin_runtime.go:944.27,945.24 1 1
github.com/auucoder/gptgrok2api-go/internal/httpapi/admin_runtime.go:946.16,947.18 1 0
github.com/auucoder/gptgrok2api-go/internal/httpapi/admin_runtime.go:948.17,949.21 1 1
github.com/auucoder/gptgrok2api-go/internal/httpapi/admin_runtime.go:950.30,951.18 1 1
github.com/auucoder/gptgrok2api-go/internal/httpapi/admin_runtime.go:952.25,953.18 1 0
github.com/auucoder/gptgrok2api-go/internal/httpapi/admin_runtime.go:954.31,955.18 1 0
github.com/auucoder/gptgrok2api-go/internal/httpapi/admin_runtime.go:956.10,957.15 1 1
github.com/auucoder/gptgrok2api-go/internal/httpapi/admin_runtime.go:1019.68,1020.27 1 1
github.com/auucoder/gptgrok2api-go/internal/httpapi/admin_runtime.go:1020.27,1022.3 1 0
github.com/auucoder/gptgrok2api-go/internal/httpapi/admin_runtime.go:1023.2,1023.32 1 1
github.com/auucoder/gptgrok2api-go/internal/httpapi/admin_runtime.go:1023.32,1026.3 2 0
github.com/auucoder/gptgrok2api-go/internal/httpapi/admin_runtime.go:1027.2,1040.4 5 1
github.com/auucoder/gptgrok2api-go/internal/httpapi/admin_runtime.go:1043.64,1051.2 1 1
github.com/auucoder/gptgrok2api-go/internal/httpapi/admin_runtime.go:1053.67,1059.29 3 1
github.com/auucoder/gptgrok2api-go/internal/httpapi/admin_runtime.go:1059.29,1061.81 2 1
github.com/auucoder/gptgrok2api-go/internal/httpapi/admin_runtime.go:1061.81,1063.4 1 1
github.com/auucoder/gptgrok2api-go/internal/httpapi/admin_runtime.go:1064.3,1064.70 1 1
github.com/auucoder/gptgrok2api-go/internal/httpapi/admin_runtime.go:1064.70,1068.20 4 1
github.com/auucoder/gptgrok2api-go/internal/httpapi/admin_runtime.go:1069.43,1070.52 1 1
github.com/auucoder/gptgrok2api-go/internal/httpapi/admin_runtime.go:1071.12,1077.18 6 1
github.com/auucoder/gptgrok2api-go/internal/httpapi/admin_runtime.go:1077.18,1079.6 1 0
github.com/auucoder/gptgrok2api-go/internal/httpapi/admin_runtime.go:1079.11,1079.75 1 1
github.com/auucoder/gptgrok2api-go/internal/httpapi/admin_runtime.go:1079.75,1081.6 1 0
github.com/auucoder/gptgrok2api-go/internal/httpapi/admin_runtime.go:1083.4,1087.59 5 1
github.com/auucoder/gptgrok2api-go/internal/httpapi/admin_runtime.go:1090.2,1090.85 1 1
github.com/auucoder/gptgrok2api-go/internal/httpapi/admin_runtime.go:1090.85,1092.3 1 1
github.com/auucoder/gptgrok2api-go/internal/httpapi/admin_runtime.go:1093.2,1094.14 2 1
github.com/auucoder/gptgrok2api-go/internal/httpapi/admin_runtime.go:1097.98,1099.45 2 1
github.com/auucoder/gptgrok2api-go/internal/httpapi/admin_runtime.go:1099.45,1101.3 1 1
github.com/auucoder/gptgrok2api-go/internal/httpapi/admin_runtime.go:1102.2,1108.24 7 1
github.com/auucoder/gptgrok2api-go/internal/httpapi/admin_runtime.go:1108.24,1110.25 2 0
github.com/auucoder/gptgrok2api-go/internal/httpapi/admin_runtime.go:1110.25,1112.4 1 0
github.com/auucoder/gptgrok2api-go/internal/httpapi/admin_runtime.go:1113.3,1115.24 3 0
github.com/auucoder/gptgrok2api-go/internal/httpapi/admin_runtime.go:1117.2,1128.28 12 1
github.com/auucoder/gptgrok2api-go/internal/httpapi/admin_runtime.go:1128.28,1130.3 1 1
github.com/auucoder/gptgrok2api-go/internal/httpapi/admin_runtime.go:1132.2,1138.24 7 1
github.com/auucoder/gptgrok2api-go/internal/httpapi/admin_runtime.go:1138.24,1140.3 1 0
github.com/auucoder/gptgrok2api-go/internal/httpapi/admin_runtime.go:1141.2,1141.29 1 1
github.com/auucoder/gptgrok2api-go/internal/httpapi/admin_runtime.go:1141.29,1142.60 1 1
github.com/auucoder/gptgrok2api-go/internal/httpapi/admin_runtime.go:1142.60,1143.12 1 0
github.com/auucoder/gptgrok2api-go/internal/httpapi/admin_runtime.go:1145.3,1147.93 3 1
github.com/auucoder/gptgrok2api-go/internal/httpapi/admin_runtime.go:1147.93,1148.12 1 1
github.com/auucoder/gptgrok2api-go/internal/httpapi/admin_runtime.go:1150.3,1151.42 2 1
github.com/auucoder/gptgrok2api-go/internal/httpapi/admin_runtime.go:1151.42,1152.12 1 0
github.com/auucoder/gptgrok2api-go/internal/httpapi/admin_runtime.go:1154.3,1162.43 9 1
github.com/auucoder/gptgrok2api-go/internal/httpapi/admin_runtime.go:1162.43,1164.4 1 1
github.com/auucoder/gptgrok2api-go/internal/httpapi/admin_runtime.go:1166.3,1168.15 3 1
github.com/auucoder/gptgrok2api-go/internal/httpapi/admin_runtime.go:1168.15,1170.21 2 1
github.com/auucoder/gptgrok2api-go/internal/httpapi/admin_runtime.go:1170.21,1172.5 1 1
github.com/auucoder/gptgrok2api-go/internal/httpapi/admin_runtime.go:1172.10,1174.5 1 0
github.com/auucoder/gptgrok2api-go/internal/httpapi/admin_runtime.go:1175.4,1180.6 1 1
github.com/auucoder/gptgrok2api-go/internal/httpapi/admin_runtime.go:1181.9,1184.4 2 1
github.com/auucoder/gptgrok2api-go/internal/httpapi/admin_runtime.go:1185.3,1185.19 1 1
github.com/auucoder/gptgrok2api-go/internal/httpapi/admin_runtime.go:1185.19,1187.4 1 1
github.com/auucoder/gptgrok2api-go/internal/httpapi/admin_runtime.go:1188.3,1188.39 1 1
github.com/auucoder/gptgrok2api-go/internal/httpapi/admin_runtime.go:1188.39,1190.4 1 1
github.com/auucoder/gptgrok2api-go/internal/httpapi/admin_runtime.go:1191.3,1191.22 1 1
github.com/auucoder/gptgrok2api-go/internal/httpapi/admin_runtime.go:1191.22,1195.20 4 1
github.com/auucoder/gptgrok2api-go/internal/httpapi/admin_runtime.go:1195.20,1198.5 2 1
github.com/auucoder/gptgrok2api-go/internal/httpapi/admin_runtime.go:1199.4,1200.16 2 1
github.com/auucoder/gptgrok2api-go/internal/httpapi/admin_runtime.go:1200.16,1203.5 2 1
github.com/auucoder/gptgrok2api-go/internal/httpapi/admin_runtime.go:1205.3,1205.22 1 1
github.com/auucoder/gptgrok2api-go/internal/httpapi/admin_runtime.go:1205.22,1207.4 1 1
github.com/auucoder/gptgrok2api-go/internal/httpapi/admin_runtime.go:1209.2,1209.30 1 1
github.com/auucoder/gptgrok2api-go/internal/httpapi/admin_runtime.go:1209.30,1211.3 1 0
github.com/auucoder/gptgrok2api-go/internal/httpapi/admin_runtime.go:1212.2,1223.3 1 1
github.com/auucoder/gptgrok2api-go/internal/httpapi/admin_runtime.go:1226.80,1228.17 2 1
github.com/auucoder/gptgrok2api-go/internal/httpapi/admin_runtime.go:1228.17,1230.3 1 0
github.com/auucoder/gptgrok2api-go/internal/httpapi/admin_runtime.go:1231.2,1231.89 1 1
github.com/auucoder/gptgrok2api-go/internal/httpapi/admin_runtime.go:1231.89,1233.17 2 1
github.com/auucoder/gptgrok2api-go/internal/httpapi/admin_runtime.go:1233.17,1235.4 1 1
github.com/auucoder/gptgrok2api-go/internal/httpapi/admin_runtime.go:1237.2,1237.27 1 0
github.com/auucoder/gptgrok2api-go/internal/httpapi/admin_runtime.go:1240.72,1244.27 4 1
github.com/auucoder/gptgrok2api-go/internal/httpapi/admin_runtime.go:1244.27,1245.75 1 1
github.com/auucoder/gptgrok2api-go/internal/httpapi/admin_runtime.go:1245.75,1247.17 2 1
github.com/auucoder/gptgrok2api-go/internal/httpapi/admin_runtime.go:1247.17,1249.5 1 1
github.com/auucoder/gptgrok2api-go/internal/httpapi/admin_runtime.go:1252.2,1252.10 1 0
github.com/auucoder/gptgrok2api-go/internal/httpapi/admin_runtime.go:1255.86,1256.24 1 1
github.com/auucoder/gptgrok2api-go/internal/httpapi/admin_runtime.go:1256.24,1258.3 1 1
github.com/auucoder/gptgrok2api-go/internal/httpapi/admin_runtime.go:1259.2,1259.20 1 1
github.com/auucoder/gptgrok2api-go/internal/httpapi/admin_runtime.go:1262.96,1263.24 1 1
github.com/auucoder/gptgrok2api-go/internal/httpapi/admin_runtime.go:1263.24,1265.3 1 1
github.com/auucoder/gptgrok2api-go/internal/httpapi/admin_runtime.go:1266.2,1266.20 1 1
github.com/auucoder/gptgrok2api-go/internal/httpapi/admin_runtime.go:1269.102,1271.38 2 1
github.com/auucoder/gptgrok2api-go/internal/httpapi/admin_runtime.go:1271.38,1273.36 2 1
github.com/auucoder/gptgrok2api-go/internal/httpapi/admin_runtime.go:1273.36,1274.36 1 1
github.com/auucoder/gptgrok2api-go/internal/httpapi/admin_runtime.go:1274.36,1276.5 1 1
github.com/auucoder/gptgrok2api-go/internal/httpapi/admin_runtime.go:1278.3,1278.31 1 1
github.com/auucoder/gptgrok2api-go/internal/httpapi/admin_runtime.go:1280.2,1280.15 1 1
github.com/auucoder/gptgrok2api-go/internal/httpapi/admin_runtime.go:1283.45,1286.79 3 1
github.com/auucoder/gptgrok2api-go/internal/httpapi/admin_runtime.go:1286.79,1287.49 1 1
github.com/auucoder/gptgrok2api-go/internal/httpapi/admin_runtime.go:1287.49,1290.4 2 0
github.com/auucoder/gptgrok2api-go/internal/httpapi/admin_runtime.go:1291.3,1291.13 1 1
github.com/auucoder/gptgrok2api-go/internal/httpapi/admin_runtime.go:1293.2,1293.59 1 1
github.com/auucoder/gptgrok2api-go/internal/httpapi/console.go:20.111,21.57 1 1
github.com/auucoder/gptgrok2api-go/internal/httpapi/console.go:21.57,24.3 2 0
github.com/auucoder/gptgrok2api-go/internal/httpapi/console.go:25.2,25.20 1 1
github.com/auucoder/gptgrok2api-go/internal/httpapi/console.go:25.20,28.3 2 1
github.com/auucoder/gptgrok2api-go/internal/httpapi/console.go:29.2,29.38 1 1
github.com/auucoder/gptgrok2api-go/internal/httpapi/console.go:32.108,34.38 2 1
github.com/auucoder/gptgrok2api-go/internal/httpapi/console.go:34.38,37.3 2 0
github.com/auucoder/gptgrok2api-go/internal/httpapi/console.go:38.2,43.63 6 1
github.com/auucoder/gptgrok2api-go/internal/httpapi/console.go:43.63,45.17 2 1
github.com/auucoder/gptgrok2api-go/internal/httpapi/console.go:45.17,47.9 2 0
github.com/auucoder/gptgrok2api-go/internal/httpapi/console.go:49.3,53.17 2 1
github.com/auucoder/gptgrok2api-go/internal/httpapi/console.go:53.17,57.4 3 0
github.com/auucoder/gptgrok2api-go/internal/httpapi/console.go:58.3,59.17 2 1
github.com/auucoder/gptgrok2api-go/internal/httpapi/console.go:59.17,64.38 5 0
github.com/auucoder/gptgrok2api-go/internal/httpapi/console.go:64.38,65.13 1 0
github.com/auucoder/gptgrok2api-go/internal/httpapi/console.go:67.4,67.9 1 0
github.com/auucoder/gptgrok2api-go/internal/httpapi/console.go:69.3,69.62 1 1
github.com/auucoder/gptgrok2api-go/internal/httpapi/console.go:69.62,75.50 6 0
github.com/auucoder/gptgrok2api-go/internal/httpapi/console.go:75.50,76.13 1 0
github.com/auucoder/gptgrok2api-go/internal/httpapi/console.go:78.4,78.9 1 0
github.com/auucoder/gptgrok2api-go/internal/httpapi/console.go:80.3,82.84 3 1
github.com/auucoder/gptgrok2api-go/internal/httpapi/console.go:82.84,83.24 1 1
github.com/auucoder/gptgrok2api-go/internal/httpapi/console.go:83.24,85.5 1 0
github.com/auucoder/gptgrok2api-go/internal/httpapi/console.go:86.4,87.26 2 1
github.com/auucoder/gptgrok2api-go/internal/httpapi/console.go:87.26,89.5 1 1
github.com/auucoder/gptgrok2api-go/internal/httpapi/console.go:90.4,90.14 1 1
github.com/auucoder/gptgrok2api-go/internal/httpapi/console.go:92.3,94.21 3 1
github.com/auucoder/gptgrok2api-go/internal/httpapi/console.go:94.21,99.38 5 0
github.com/auucoder/gptgrok2api-go/internal/httpapi/console.go:99.38,100.13 1 0
github.com/auucoder/gptgrok2api-go/internal/httpapi/console.go:102.4,102.9 1 0
github.com/auucoder/gptgrok2api-go/internal/httpapi/console.go:104.3,106.8 3 1
github.com/auucoder/gptgrok2api-go/internal/httpapi/console.go:108.2,108.20 1 1
github.com/auucoder/gptgrok2api-go/internal/httpapi/console.go:108.20,110.50 2 0
github.com/auucoder/gptgrok2api-go/internal/httpapi/console.go:110.50,112.4 1 0
github.com/auucoder/gptgrok2api-go/internal/httpapi/console.go:113.3,113.120 1 0
github.com/auucoder/gptgrok2api-go/internal/httpapi/console.go:113.120,115.4 1 0
github.com/auucoder/gptgrok2api-go/internal/httpapi/console.go:116.3,117.9 2 0
github.com/auucoder/gptgrok2api-go/internal/httpapi/console.go:119.2,119.18 1 1
github.com/auucoder/gptgrok2api-go/internal/httpapi/console.go:119.18,121.3 1 0
github.com/auucoder/gptgrok2api-go/internal/httpapi/console.go:122.2,130.4 1 1
github.com/auucoder/gptgrok2api-go/internal/httpapi/console.go:133.106,143.63 10 1
github.com/auucoder/gptgrok2api-go/internal/httpapi/console.go:143.63,145.17 2 1
github.com/auucoder/gptgrok2api-go/internal/httpapi/console.go:145.17,147.9 2 0
github.com/auucoder/gptgrok2api-go/internal/httpapi/console.go:149.3,153.17 2 1
github.com/auucoder/gptgrok2api-go/internal/httpapi/console.go:153.17,157.4 3 0
github.com/auucoder/gptgrok2api-go/internal/httpapi/console.go:158.3,159.17 2 1
github.com/auucoder/gptgrok2api-go/internal/httpapi/console.go:159.17,164.50 5 0
github.com/auucoder/gptgrok2api-go/internal/httpapi/console.go:164.50,165.13 1 0
github.com/auucoder/gptgrok2api-go/internal/httpapi/console.go:167.4,167.9 1 0
github.com/auucoder/gptgrok2api-go/internal/httpapi/console.go:169.3,169.62 1 1
github.com/auucoder/gptgrok2api-go/internal/httpapi/console.go:169.62,175.62 6 0
github.com/auucoder/gptgrok2api-go/internal/httpapi/console.go:175.62,176.13 1 0
github.com/auucoder/gptgrok2api-go/internal/httpapi/console.go:178.4,178.9 1 0
github.com/auucoder/gptgrok2api-go/internal/httpapi/console.go:180.3,182.84 3 1
github.com/auucoder/gptgrok2api-go/internal/httpapi/console.go:182.84,183.24 1 1
github.com/auucoder/gptgrok2api-go/internal/httpapi/console.go:183.24,185.5 1 0
github.com/auucoder/gptgrok2api-go/internal/httpapi/console.go:186.4,186.25 1 1
github.com/auucoder/gptgrok2api-go/internal/httpapi/console.go:186.25,188.5 1 1
github.com/auucoder/gptgrok2api-go/internal/httpapi/console.go:189.4,189.16 1 1
github.com/auucoder/gptgrok2api-go/internal/httpapi/console.go:189.16,195.5 2 1
github.com/auucoder/gptgrok2api-go/internal/httpapi/console.go:196.4,200.22 2 1
github.com/auucoder/gptgrok2api-go/internal/httpapi/console.go:200.22,202.5 1 1
github.com/auucoder/gptgrok2api-go/internal/httpapi/console.go:203.4,203.14 1 1
github.com/auucoder/gptgrok2api-go/internal/httpapi/console.go:205.3,207.21 3 1
github.com/auucoder/gptgrok2api-go/internal/httpapi/console.go:207.21,211.50 4 0
github.com/auucoder/gptgrok2api-go/internal/httpapi/console.go:211.50,212.13 1 0
github.com/auucoder/gptgrok2api-go/internal/httpapi/console.go:214.4,214.9 1 0
github.com/auucoder/gptgrok2api-go/internal/httpapi/console.go:216.3,218.8 3 1
github.com/auucoder/gptgrok2api-go/internal/httpapi/console.go:220.2,220.20 1 1
github.com/auucoder/gptgrok2api-go/internal/httpapi/console.go:220.20,222.3 1 0
github.com/auucoder/gptgrok2api-go/internal/httpapi/console.go:223.2,223.14 1 1
github.com/auucoder/gptgrok2api-go/internal/httpapi/console.go:223.14,228.3 1 0
github.com/auucoder/gptgrok2api-go/internal/httpapi/console.go:229.2,234.20 3 1
github.com/auucoder/gptgrok2api-go/internal/httpapi/console.go:234.20,236.3 1 1
github.com/auucoder/gptgrok2api-go/internal/httpapi/console.go:239.68,240.25 1 1
github.com/auucoder/gptgrok2api-go/internal/httpapi/console.go:240.25,242.3 1 0
github.com/auucoder/gptgrok2api-go/internal/httpapi/console.go:243.2,243.33 1 1
github.com/auucoder/gptgrok2api-go/internal/httpapi/console.go:243.33,246.3 2 0
github.com/auucoder/gptgrok2api-go/internal/httpapi/console.go:247.2,248.33 2 1
github.com/auucoder/gptgrok2api-go/internal/httpapi/console.go:248.33,250.3 1 0
github.com/auucoder/gptgrok2api-go/internal/httpapi/console.go:251.2,251.44 1 1
github.com/auucoder/gptgrok2api-go/internal/httpapi/console.go:251.44,254.3 2 0
github.com/auucoder/gptgrok2api-go/internal/httpapi/console.go:255.2,256.9 2 1
github.com/auucoder/gptgrok2api-go/internal/httpapi/console.go:256.9,259.3 2 0
github.com/auucoder/gptgrok2api-go/internal/httpapi/console.go:260.2,260.20 1 1
github.com/auucoder/gptgrok2api-go/internal/httpapi/console.go:260.20,262.25 2 0
github.com/auucoder/gptgrok2api-go/internal/httpapi/console.go:262.25,265.4 2 0
github.com/auucoder/gptgrok2api-go/internal/httpapi/console.go:266.3,273.21 3 0
github.com/auucoder/gptgrok2api-go/internal/httpapi/console.go:273.21,275.4 1 0
github.com/auucoder/gptgrok2api-go/internal/httpapi/console.go:275.9,277.4 1 0
github.com/auucoder/gptgrok2api-go/internal/httpapi/console.go:278.3,278.9 1 0
github.com/auucoder/gptgrok2api-go/internal/httpapi/console.go:280.2,280.57 1 1
github.com/auucoder/gptgrok2api-go/internal/httpapi/console.go:280.57,283.3 2 0
github.com/auucoder/gptgrok2api-go/internal/httpapi/console.go:284.2,285.24 2 1
github.com/auucoder/gptgrok2api-go/internal/httpapi/console.go:285.24,288.3 2 0
github.com/auucoder/gptgrok2api-go/internal/httpapi/console.go:289.2,295.20 3 1
github.com/auucoder/gptgrok2api-go/internal/httpapi/console.go:295.20,298.3 2 0
github.com/auucoder/gptgrok2api-go/internal/httpapi/console.go:299.2,299.47 1 1
github.com/auucoder/gptgrok2api-go/internal/httpapi/console.go:302.132,305.28 3 0
github.com/auucoder/gptgrok2api-go/internal/httpapi/console.go:305.28,309.3 3 0
github.com/auucoder/gptgrok2api-go/internal/httpapi/console.go:310.2,311.69 2 0
github.com/auucoder/gptgrok2api-go/internal/httpapi/console.go:311.69,314.3 2 0
github.com/auucoder/gptgrok2api-go/internal/httpapi/console.go:315.2,315.68 1 0
github.com/auucoder/gptgrok2api-go/internal/httpapi/console.go:318.130,321.28 3 0
github.com/auucoder/gptgrok2api-go/internal/httpapi/console.go:321.28,325.3 3 0
github.com/auucoder/gptgrok2api-go/internal/httpapi/console.go:326.2,327.69 2 0
github.com/auucoder/gptgrok2api-go/internal/httpapi/console.go:327.69,330.3 2 0
github.com/auucoder/gptgrok2api-go/internal/httpapi/console.go:331.2,337.55 7 0
github.com/auucoder/gptgrok2api-go/internal/httpapi/console.go:337.55,338.48 1 0
github.com/auucoder/gptgrok2api-go/internal/httpapi/console.go:338.48,339.70 1 0
github.com/auucoder/gptgrok2api-go/internal/httpapi/console.go:339.70,340.52 1 0
github.com/auucoder/gptgrok2api-go/internal/httpapi/console.go:340.52,342.6 1 0
github.com/auucoder/gptgrok2api-go/internal/httpapi/console.go:343.5,343.136 1 0
github.com/auucoder/gptgrok2api-go/internal/httpapi/console.go:347.2,349.46 3 0
github.com/auucoder/gptgrok2api-go/internal/httpapi/console.go:352.77,357.68 5 0
github.com/auucoder/gptgrok2api-go/internal/httpapi/console.go:357.68,358.52 1 0
github.com/auucoder/gptgrok2api-go/internal/httpapi/console.go:358.52,359.61 1 0
github.com/auucoder/gptgrok2api-go/internal/httpapi/console.go:359.61,360.55 1 0
github.com/auucoder/gptgrok2api-go/internal/httpapi/console.go:360.55,361.32 1 0
github.com/auucoder/gptgrok2api-go/internal/httpapi/console.go:361.32,365.7 3 0
github.com/auucoder/gptgrok2api-go/internal/httpapi/console.go:366.11,368.6 1 0
github.com/auucoder/gptgrok2api-go/internal/httpapi/console.go:372.2,372.22 1 0
github.com/auucoder/gptgrok2api-go/internal/httpapi/console.go:372.22,374.3 1 0
github.com/auucoder/gptgrok2api-go/internal/httpapi/console.go:375.2,375.181 1 0
github.com/auucoder/gptgrok2api-go/internal/httpapi/console.go:378.113,383.28 3 1
github.com/auucoder/gptgrok2api-go/internal/httpapi/console.go:383.28,387.3 3 0
github.com/auucoder/gptgrok2api-go/internal/httpapi/console.go:388.2,389.57 2 1
github.com/auucoder/gptgrok2api-go/internal/httpapi/console.go:389.57,392.3 2 0
github.com/auucoder/gptgrok2api-go/internal/httpapi/console.go:393.2,394.68 2 1
github.com/auucoder/gptgrok2api-go/internal/httpapi/console.go:394.68,395.52 1 1
github.com/auucoder/gptgrok2api-go/internal/httpapi/console.go:395.52,396.61 1 1
github.com/auucoder/gptgrok2api-go/internal/httpapi/console.go:396.61,398.5 1 1
github.com/auucoder/gptgrok2api-go/internal/httpapi/console.go:401.2,411.4 3 1
github.com/auucoder/gptgrok2api-go/internal/httpapi/console.go:414.111,425.20 11 0
github.com/auucoder/gptgrok2api-go/internal/httpapi/console.go:425.20,427.3 1 0
github.com/auucoder/gptgrok2api-go/internal/httpapi/console.go:429.2,430.16 2 0
github.com/auucoder/gptgrok2api-go/internal/httpapi/console.go:430.16,434.3 3 0
github.com/auucoder/gptgrok2api-go/internal/httpapi/console.go:435.2,436.16 2 0
github.com/auucoder/gptgrok2api-go/internal/httpapi/console.go:436.16,441.3 4 0
github.com/auucoder/gptgrok2api-go/internal/httpapi/console.go:442.2,443.16 2 0
github.com/auucoder/gptgrok2api-go/internal/httpapi/console.go:443.16,448.3 4 0
github.com/auucoder/gptgrok2api-go/internal/httpapi/console.go:449.2,449.61 1 0
github.com/auucoder/gptgrok2api-go/internal/httpapi/console.go:449.61,456.3 6 0
github.com/auucoder/gptgrok2api-go/internal/httpapi/console.go:457.2,461.83 5 0
github.com/auucoder/gptgrok2api-go/internal/httpapi/console.go:461.83,462.23 1 0
github.com/auucoder/gptgrok2api-go/internal/httpapi/console.go:462.23,464.4 1 0
github.com/auucoder/gptgrok2api-go/internal/httpapi/console.go:465.3,465.24 1 0
github.com/auucoder/gptgrok2api-go/internal/httpapi/console.go:465.24,468.22 3 0
github.com/auucoder/gptgrok2api-go/internal/httpapi/console.go:468.22,470.5 1 0
github.com/auucoder/gptgrok2api-go/internal/httpapi/console.go:472.3,472.25 1 0
github.com/auucoder/gptgrok2api-go/internal/httpapi/console.go:472.25,474.4 1 0
github.com/auucoder/gptgrok2api-go/internal/httpapi/console.go:475.3,475.13 1 0
github.com/auucoder/gptgrok2api-go/internal/httpapi/console.go:477.2,479.20 3 0
github.com/auucoder/gptgrok2api-go/internal/httpapi/console.go:479.20,484.3 4 0
github.com/auucoder/gptgrok2api-go/internal/httpapi/console.go:485.2,490.18 6 0
github.com/auucoder/gptgrok2api-go/internal/httpapi/console.go:490.18,492.3 1 0
github.com/auucoder/gptgrok2api-go/internal/httpapi/console.go:493.2,495.20 3 0
github.com/auucoder/gptgrok2api-go/internal/httpapi/console.go:495.20,497.3 1 0
github.com/auucoder/gptgrok2api-go/internal/httpapi/console.go:506.51,506.70 1 1
github.com/auucoder/gptgrok2api-go/internal/httpapi/console.go:507.51,507.72 1 1
github.com/auucoder/gptgrok2api-go/internal/httpapi/console.go:508.59,509.19 1 1
github.com/auucoder/gptgrok2api-go/internal/httpapi/console.go:509.19,511.3 1 0
github.com/auucoder/gptgrok2api-go/internal/httpapi/console.go:512.2,512.27 1 1
github.com/auucoder/gptgrok2api-go/internal/httpapi/console.go:515.68,518.2 2 0
github.com/auucoder/gptgrok2api-go/internal/httpapi/disk_usage_unix.go:10.56,11.41 1 0
github.com/auucoder/gptgrok2api-go/internal/httpapi/disk_usage_unix.go:11.41,13.3 1 0
github.com/auucoder/gptgrok2api-go/internal/httpapi/disk_usage_unix.go:14.2,15.52 2 0
github.com/auucoder/gptgrok2api-go/internal/httpapi/disk_usage_unix.go:15.52,17.3 1 0
github.com/auucoder/gptgrok2api-go/internal/httpapi/disk_usage_unix.go:18.2,21.19 4 0
github.com/auucoder/gptgrok2api-go/internal/httpapi/disk_usage_unix.go:21.19,23.3 1 0
github.com/auucoder/gptgrok2api-go/internal/httpapi/disk_usage_unix.go:24.2,24.26 1 0
github.com/auucoder/gptgrok2api-go/internal/httpapi/external.go:46.58,50.2 3 1
github.com/auucoder/gptgrok2api-go/internal/httpapi/external.go:52.34,55.52 3 1
github.com/auucoder/gptgrok2api-go/internal/httpapi/external.go:55.52,57.40 2 0
github.com/auucoder/gptgrok2api-go/internal/httpapi/external.go:57.40,58.24 1 0
github.com/auucoder/gptgrok2api-go/internal/httpapi/external.go:58.24,60.5 1 0
github.com/auucoder/gptgrok2api-go/internal/httpapi/external.go:61.4,61.21 1 0
github.com/auucoder/gptgrok2api-go/internal/httpapi/external.go:62.9,64.86 2 0
github.com/auucoder/gptgrok2api-go/internal/httpapi/external.go:64.86,67.5 2 0
github.com/auucoder/gptgrok2api-go/internal/httpapi/external.go:70.2,70.52 1 1
github.com/auucoder/gptgrok2api-go/internal/httpapi/external.go:70.52,72.40 2 0
github.com/auucoder/gptgrok2api-go/internal/httpapi/external.go:72.40,73.24 1 0
github.com/auucoder/gptgrok2api-go/internal/httpapi/external.go:73.24,75.5 1 0
github.com/auucoder/gptgrok2api-go/internal/httpapi/external.go:76.4,76.23 1 0
github.com/auucoder/gptgrok2api-go/internal/httpapi/external.go:81.46,82.38 1 0
github.com/auucoder/gptgrok2api-go/internal/httpapi/external.go:82.38,84.3 1 0
github.com/auucoder/gptgrok2api-go/internal/httpapi/external.go:85.2,86.72 2 0
github.com/auucoder/gptgrok2api-go/internal/httpapi/external.go:89.50,90.38 1 0
github.com/auucoder/gptgrok2api-go/internal/httpapi/external.go:90.38,92.3 1 0
github.com/auucoder/gptgrok2api-go/internal/httpapi/external.go:93.2,96.48 4 0
github.com/auucoder/gptgrok2api-go/internal/httpapi/external.go:99.39,99.101 1 0
github.com/auucoder/gptgrok2api-go/internal/httpapi/external.go:101.68,102.63 1 0
github.com/auucoder/gptgrok2api-go/internal/httpapi/external.go:102.63,104.3 1 0
github.com/auucoder/gptgrok2api-go/internal/httpapi/external.go:105.2,106.16 2 0
github.com/auucoder/gptgrok2api-go/internal/httpapi/external.go:106.16,108.3 1 0
github.com/auucoder/gptgrok2api-go/internal/httpapi/external.go:109.2,110.16 2 0
github.com/auucoder/gptgrok2api-go/internal/httpapi/external.go:110.16,112.3 1 0
github.com/auucoder/gptgrok2api-go/internal/httpapi/external.go:113.2,115.55 3 0
github.com/auucoder/gptgrok2api-go/internal/httpapi/external.go:115.55,117.3 1 0
github.com/auucoder/gptgrok2api-go/internal/httpapi/external.go:117.8,119.3 1 0
github.com/auucoder/gptgrok2api-go/internal/httpapi/external.go:120.2,120.16 1 0
github.com/auucoder/gptgrok2api-go/internal/httpapi/external.go:120.16,122.3 1 0
github.com/auucoder/gptgrok2api-go/internal/httpapi/external.go:123.2,123.30 1 0
github.com/auucoder/gptgrok2api-go/internal/httpapi/external.go:126.55,132.2 5 0
github.com/auucoder/gptgrok2api-go/internal/httpapi/external.go:134.69,137.34 3 0
github.com/auucoder/gptgrok2api-go/internal/httpapi/external.go:137.34,138.20 1 0
github.com/auucoder/gptgrok2api-go/internal/httpapi/external.go:138.20,140.4 1 0
github.com/auucoder/gptgrok2api-go/internal/httpapi/external.go:142.2,142.33 1 0
github.com/auucoder/gptgrok2api-go/internal/httpapi/external.go:145.69,150.2 4 0
github.com/auucoder/gptgrok2api-go/internal/httpapi/external.go:152.57,158.2 5 0
github.com/auucoder/gptgrok2api-go/internal/httpapi/external.go:160.71,163.36 3 0
github.com/auucoder/gptgrok2api-go/internal/httpapi/external.go:163.36,164.20 1 0
github.com/auucoder/gptgrok2api-go/internal/httpapi/external.go:164.20,166.4 1 0
github.com/auucoder/gptgrok2api-go/internal/httpapi/external.go:168.2,168.35 1 0
github.com/auucoder/gptgrok2api-go/internal/httpapi/external.go:171.71,176.2 4 0
github.com/auucoder/gptgrok2api-go/internal/httpapi/external.go:178.57,180.27 2 0
github.com/auucoder/gptgrok2api-go/internal/httpapi/external.go:180.27,182.3 1 0
github.com/auucoder/gptgrok2api-go/internal/httpapi/external.go:183.2,183.15 1 0
github.com/auucoder/gptgrok2api-go/internal/httpapi/external.go:186.61,188.27 2 0
github.com/auucoder/gptgrok2api-go/internal/httpapi/external.go:188.27,190.3 1 0
github.com/auucoder/gptgrok2api-go/internal/httpapi/external.go:191.2,191.15 1 0
github.com/auucoder/gptgrok2api-go/internal/httpapi/external.go:194.39,197.2 2 0
github.com/auucoder/gptgrok2api-go/internal/httpapi/external.go:199.60,200.34 1 0
github.com/auucoder/gptgrok2api-go/internal/httpapi/external.go:200.34,202.3 1 0
github.com/auucoder/gptgrok2api-go/internal/httpapi/external.go:203.2,203.59 1 0
github.com/auucoder/gptgrok2api-go/internal/httpapi/external.go:206.30,207.31 1 1
github.com/auucoder/gptgrok2api-go/internal/httpapi/external.go:208.11,209.15 1 1
github.com/auucoder/gptgrok2api-go/internal/httpapi/external.go:210.12,211.20 1 0
github.com/auucoder/gptgrok2api-go/internal/httpapi/external.go:212.13,213.20 1 0
github.com/auucoder/gptgrok2api-go/internal/httpapi/external.go:214.13,215.20 1 0
github.com/auucoder/gptgrok2api-go/internal/httpapi/external.go:216.13,217.20 1 1
github.com/auucoder/gptgrok2api-go/internal/httpapi/external.go:218.12,219.20 1 0
github.com/auucoder/gptgrok2api-go/internal/httpapi/external.go:220.13,221.20 1 0
github.com/auucoder/gptgrok2api-go/internal/httpapi/external.go:222.14,223.20 1 0
github.com/auucoder/gptgrok2api-go/internal/httpapi/external.go:224.14,225.20 1 0
github.com/auucoder/gptgrok2api-go/internal/httpapi/external.go:226.14,227.20 1 0
github.com/auucoder/gptgrok2api-go/internal/httpapi/external.go:228.15,229.20 1 0
github.com/auucoder/gptgrok2api-go/internal/httpapi/external.go:230.15,231.20 1 1
github.com/auucoder/gptgrok2api-go/internal/httpapi/external.go:232.14,234.11 2 0
github.com/auucoder/gptgrok2api-go/internal/httpapi/external.go:236.2,236.10 1 1
github.com/auucoder/gptgrok2api-go/internal/httpapi/external.go:239.63,244.2 4 0
github.com/auucoder/gptgrok2api-go/internal/httpapi/external.go:246.48,248.8 2 0
github.com/auucoder/gptgrok2api-go/internal/httpapi/external.go:248.8,250.3 1 0
github.com/auucoder/gptgrok2api-go/internal/httpapi/external.go:250.8,252.3 1 0
github.com/auucoder/gptgrok2api-go/internal/httpapi/external.go:253.2,254.70 2 0
github.com/auucoder/gptgrok2api-go/internal/httpapi/external.go:257.147,259.16 2 0
github.com/auucoder/gptgrok2api-go/internal/httpapi/external.go:259.16,261.3 1 0
github.com/auucoder/gptgrok2api-go/internal/httpapi/external.go:262.2,264.17 3 0
github.com/auucoder/gptgrok2api-go/internal/httpapi/external.go:264.17,266.24 2 0
github.com/auucoder/gptgrok2api-go/internal/httpapi/external.go:266.24,268.4 1 0
github.com/auucoder/gptgrok2api-go/internal/httpapi/external.go:269.3,269.42 1 0
github.com/auucoder/gptgrok2api-go/internal/httpapi/external.go:271.2,272.16 2 0
github.com/auucoder/gptgrok2api-go/internal/httpapi/external.go:272.16,274.3 1 0
github.com/auucoder/gptgrok2api-go/internal/httpapi/external.go:275.2,275.34 1 0
github.com/auucoder/gptgrok2api-go/internal/httpapi/external.go:275.34,277.3 1 0
github.com/auucoder/gptgrok2api-go/internal/httpapi/external.go:278.2,278.17 1 0
github.com/auucoder/gptgrok2api-go/internal/httpapi/external.go:278.17,280.3 1 0
github.com/auucoder/gptgrok2api-go/internal/httpapi/external.go:281.2,282.16 2 0
github.com/auucoder/gptgrok2api-go/internal/httpapi/external.go:282.16,284.3 1 0
github.com/auucoder/gptgrok2api-go/internal/httpapi/external.go:285.2,287.20 3 0
github.com/auucoder/gptgrok2api-go/internal/httpapi/external.go:287.20,289.3 1 0
github.com/auucoder/gptgrok2api-go/internal/httpapi/external.go:290.2,290.53 1 0
github.com/auucoder/gptgrok2api-go/internal/httpapi/external.go:290.53,292.3 1 0
github.com/auucoder/gptgrok2api-go/internal/httpapi/external.go:293.2,293.19 1 0
github.com/auucoder/gptgrok2api-go/internal/httpapi/external.go:293.19,295.3 1 0
github.com/auucoder/gptgrok2api-go/internal/httpapi/external.go:296.2,297.53 2 0
github.com/auucoder/gptgrok2api-go/internal/httpapi/external.go:297.53,299.3 1 0
github.com/auucoder/gptgrok2api-go/internal/httpapi/external.go:300.2,300.37 1 0
github.com/auucoder/gptgrok2api-go/internal/httpapi/external.go:303.27,304.11 1 0
github.com/auucoder/gptgrok2api-go/internal/httpapi/external.go:304.11,306.3 1 0
github.com/auucoder/gptgrok2api-go/internal/httpapi/external.go:307.2,307.10 1 0
github.com/auucoder/gptgrok2api-go/internal/httpapi/external_api.go:11.70,12.27 1 0
github.com/auucoder/gptgrok2api-go/internal/httpapi/external_api.go:12.27,14.3 1 0
github.com/auucoder/gptgrok2api-go/internal/httpapi/external_api.go:15.2,15.36 1 0
github.com/auucoder/gptgrok2api-go/internal/httpapi/external_api.go:15.36,18.3 2 0
github.com/auucoder/gptgrok2api-go/internal/httpapi/external_api.go:19.2,19.18 1 0
github.com/auucoder/gptgrok2api-go/internal/httpapi/external_api.go:20.22,23.30 3 0
github.com/auucoder/gptgrok2api-go/internal/httpapi/external_api.go:23.30,25.4 1 0
github.com/auucoder/gptgrok2api-go/internal/httpapi/external_api.go:26.3,26.63 1 0
github.com/auucoder/gptgrok2api-go/internal/httpapi/external_api.go:27.23,33.31 2 0
github.com/auucoder/gptgrok2api-go/internal/httpapi/external_api.go:33.31,35.4 1 0
github.com/auucoder/gptgrok2api-go/internal/httpapi/external_api.go:36.3,36.87 1 0
github.com/auucoder/gptgrok2api-go/internal/httpapi/external_api.go:36.87,39.4 2 0
github.com/auucoder/gptgrok2api-go/internal/httpapi/external_api.go:40.3,43.55 4 0
github.com/auucoder/gptgrok2api-go/internal/httpapi/external_api.go:43.55,46.4 2 0
github.com/auucoder/gptgrok2api-go/internal/httpapi/external_api.go:47.3,47.97 1 0
github.com/auucoder/gptgrok2api-go/internal/httpapi/external_api.go:48.10,49.68 1 0
github.com/auucoder/gptgrok2api-go/internal/httpapi/external_api.go:53.63,55.29 2 0
github.com/auucoder/gptgrok2api-go/internal/httpapi/external_api.go:55.29,57.3 1 0
github.com/auucoder/gptgrok2api-go/internal/httpapi/external_api.go:58.2,58.15 1 0
github.com/auucoder/gptgrok2api-go/internal/httpapi/external_api.go:61.69,62.27 1 0
github.com/auucoder/gptgrok2api-go/internal/httpapi/external_api.go:62.27,64.3 1 0
github.com/auucoder/gptgrok2api-go/internal/httpapi/external_api.go:65.2,66.14 2 0
github.com/auucoder/gptgrok2api-go/internal/httpapi/external_api.go:66.14,69.3 2 0
github.com/auucoder/gptgrok2api-go/internal/httpapi/external_api.go:70.2,71.12 2 0
github.com/auucoder/gptgrok2api-go/internal/httpapi/external_api.go:71.12,74.3 2 0
github.com/auucoder/gptgrok2api-go/internal/httpapi/external_api.go:75.2,75.53 1 0
github.com/auucoder/gptgrok2api-go/internal/httpapi/external_api.go:75.53,77.17 2 0
github.com/auucoder/gptgrok2api-go/internal/httpapi/external_api.go:77.17,80.4 2 0
github.com/auucoder/gptgrok2api-go/internal/httpapi/external_api.go:81.3,82.9 2 0
github.com/auucoder/gptgrok2api-go/internal/httpapi/external_api.go:84.2,84.24 1 0
github.com/auucoder/gptgrok2api-go/internal/httpapi/external_api.go:84.24,85.33 1 0
github.com/auucoder/gptgrok2api-go/internal/httpapi/external_api.go:85.33,88.4 2 0
github.com/auucoder/gptgrok2api-go/internal/httpapi/external_api.go:89.3,89.34 1 0
github.com/auucoder/gptgrok2api-go/internal/httpapi/external_api.go:89.34,93.32 2 0
github.com/auucoder/gptgrok2api-go/internal/httpapi/external_api.go:93.32,95.5 1 0
github.com/auucoder/gptgrok2api-go/internal/httpapi/external_api.go:96.4,97.23 2 0
github.com/auucoder/gptgrok2api-go/internal/httpapi/external_api.go:97.23,100.5 2 0
github.com/auucoder/gptgrok2api-go/internal/httpapi/external_api.go:101.4,102.50 2 0
github.com/auucoder/gptgrok2api-go/internal/httpapi/external_api.go:102.50,105.5 2 0
github.com/auucoder/gptgrok2api-go/internal/httpapi/external_api.go:106.4,108.10 3 0
github.com/auucoder/gptgrok2api-go/internal/httpapi/external_api.go:110.3,111.9 2 0
github.com/auucoder/gptgrok2api-go/internal/httpapi/external_api.go:113.2,113.18 1 0
github.com/auucoder/gptgrok2api-go/internal/httpapi/external_api.go:113.18,116.3 2 0
github.com/auucoder/gptgrok2api-go/internal/httpapi/external_api.go:117.2,117.33 1 0
github.com/auucoder/gptgrok2api-go/internal/httpapi/external_api.go:117.33,119.31 2 0
github.com/auucoder/gptgrok2api-go/internal/httpapi/external_api.go:119.31,121.4 1 0
github.com/auucoder/gptgrok2api-go/internal/httpapi/external_api.go:122.3,122.45 1 0
github.com/auucoder/gptgrok2api-go/internal/httpapi/external_api.go:122.45,124.4 1 0
github.com/auucoder/gptgrok2api-go/internal/httpapi/external_api.go:125.3,125.83 1 0
github.com/auucoder/gptgrok2api-go/internal/httpapi/external_api.go:125.83,127.4 1 0
github.com/auucoder/gptgrok2api-go/internal/httpapi/external_api.go:128.3,128.85 1 0
github.com/auucoder/gptgrok2api-go/internal/httpapi/external_api.go:128.85,130.4 1 0
github.com/auucoder/gptgrok2api-go/internal/httpapi/external_api.go:131.3,132.24 2 0
github.com/auucoder/gptgrok2api-go/internal/httpapi/external_api.go:132.24,133.25 1 0
github.com/auucoder/gptgrok2api-go/internal/httpapi/external_api.go:133.25,135.5 1 0
github.com/auucoder/gptgrok2api-go/internal/httpapi/external_api.go:137.3,137.55 1 0
github.com/auucoder/gptgrok2api-go/internal/httpapi/external_api.go:137.55,140.4 2 0
github.com/auucoder/gptgrok2api-go/internal/httpapi/external_api.go:141.3,142.9 2 0
github.com/auucoder/gptgrok2api-go/internal/httpapi/external_api.go:144.2,144.35 1 0
github.com/auucoder/gptgrok2api-go/internal/httpapi/external_api.go:144.35,147.31 3 0
github.com/auucoder/gptgrok2api-go/internal/httpapi/external_api.go:147.31,148.22 1 0
github.com/auucoder/gptgrok2api-go/internal/httpapi/external_api.go:148.22,150.5 1 0
github.com/auucoder/gptgrok2api-go/internal/httpapi/external_api.go:152.3,152.34 1 0
github.com/auucoder/gptgrok2api-go/internal/httpapi/external_api.go:152.34,155.4 2 0
github.com/auucoder/gptgrok2api-go/internal/httpapi/external_api.go:156.3,156.58 1 0
github.com/auucoder/gptgrok2api-go/internal/httpapi/external_api.go:156.58,159.4 2 0
github.com/auucoder/gptgrok2api-go/internal/httpapi/external_api.go:160.3,161.9 2 0
github.com/auucoder/gptgrok2api-go/internal/httpapi/external_api.go:163.2,163.67 1 0
github.com/auucoder/gptgrok2api-go/internal/httpapi/external_api.go:166.68,168.23 2 0
github.com/auucoder/gptgrok2api-go/internal/httpapi/external_api.go:168.23,169.24 1 0
github.com/auucoder/gptgrok2api-go/internal/httpapi/external_api.go:169.24,172.4 2 0
github.com/auucoder/gptgrok2api-go/internal/httpapi/external_api.go:174.2,174.23 1 0
github.com/auucoder/gptgrok2api-go/internal/httpapi/external_api.go:177.81,179.16 2 0
github.com/auucoder/gptgrok2api-go/internal/httpapi/external_api.go:179.16,181.3 1 0
github.com/auucoder/gptgrok2api-go/internal/httpapi/external_api.go:182.2,184.30 3 0
github.com/auucoder/gptgrok2api-go/internal/httpapi/external_api.go:184.30,185.45 1 0
github.com/auucoder/gptgrok2api-go/internal/httpapi/external_api.go:185.45,187.18 2 0
github.com/auucoder/gptgrok2api-go/internal/httpapi/external_api.go:187.18,189.5 1 0
github.com/auucoder/gptgrok2api-go/internal/httpapi/external_api.go:192.2,192.20 1 0
github.com/auucoder/gptgrok2api-go/internal/httpapi/external_api.go:195.89,196.40 1 0
github.com/auucoder/gptgrok2api-go/internal/httpapi/external_api.go:196.40,196.100 2 0
github.com/auucoder/gptgrok2api-go/internal/httpapi/external_api.go:197.2,198.29 2 0
github.com/auucoder/gptgrok2api-go/internal/httpapi/external_api.go:198.29,200.17 2 0
github.com/auucoder/gptgrok2api-go/internal/httpapi/external_api.go:200.17,202.4 1 0
github.com/auucoder/gptgrok2api-go/internal/httpapi/external_api.go:202.9,202.72 1 0
github.com/auucoder/gptgrok2api-go/internal/httpapi/external_api.go:202.72,204.21 2 0
github.com/auucoder/gptgrok2api-go/internal/httpapi/external_api.go:204.21,206.5 1 0
github.com/auucoder/gptgrok2api-go/internal/httpapi/external_api.go:206.10,209.5 2 0
github.com/auucoder/gptgrok2api-go/internal/httpapi/external_api.go:210.9,212.4 1 0
github.com/auucoder/gptgrok2api-go/internal/httpapi/external_api.go:213.3,214.27 2 0
github.com/auucoder/gptgrok2api-go/internal/httpapi/external_api.go:216.2,217.66 2 0
github.com/auucoder/gptgrok2api-go/internal/httpapi/external_api.go:217.66,219.3 1 0
github.com/auucoder/gptgrok2api-go/internal/httpapi/external_api.go:220.2,220.42 1 0
github.com/auucoder/gptgrok2api-go/internal/httpapi/external_api.go:223.76,224.27 1 0
github.com/auucoder/gptgrok2api-go/internal/httpapi/external_api.go:224.27,226.3 1 0
github.com/auucoder/gptgrok2api-go/internal/httpapi/external_api.go:227.2,227.42 1 0
github.com/auucoder/gptgrok2api-go/internal/httpapi/external_api.go:227.42,230.3 2 0
github.com/auucoder/gptgrok2api-go/internal/httpapi/external_api.go:231.2,231.32 1 0
github.com/auucoder/gptgrok2api-go/internal/httpapi/external_api.go:231.32,234.30 3 0
github.com/auucoder/gptgrok2api-go/internal/httpapi/external_api.go:234.30,236.4 1 0
github.com/auucoder/gptgrok2api-go/internal/httpapi/external_api.go:237.3,238.9 2 0
github.com/auucoder/gptgrok2api-go/internal/httpapi/external_api.go:240.2,240.33 1 0
github.com/auucoder/gptgrok2api-go/internal/httpapi/external_api.go:240.33,243.3 2 0
github.com/auucoder/gptgrok2api-go/internal/httpapi/external_api.go:244.2,253.30 2 0
github.com/auucoder/gptgrok2api-go/internal/httpapi/external_api.go:253.30,255.3 1 0
github.com/auucoder/gptgrok2api-go/internal/httpapi/external_api.go:256.2,256.43 1 0
github.com/auucoder/gptgrok2api-go/internal/httpapi/external_api.go:256.43,259.3 2 0
github.com/auucoder/gptgrok2api-go/internal/httpapi/external_api.go:260.2,260.125 1 0
github.com/auucoder/gptgrok2api-go/internal/httpapi/external_api.go:260.125,263.3 2 0
github.com/auucoder/gptgrok2api-go/internal/httpapi/external_api.go:264.2,265.27 2 0
github.com/auucoder/gptgrok2api-go/internal/httpapi/external_api.go:265.27,267.3 1 0
github.com/auucoder/gptgrok2api-go/internal/httpapi/external_api.go:268.2,270.54 3 0
github.com/auucoder/gptgrok2api-go/internal/httpapi/external_api.go:270.54,273.3 2 0
github.com/auucoder/gptgrok2api-go/internal/httpapi/external_api.go:274.2,274.104 1 0
github.com/auucoder/gptgrok2api-go/internal/httpapi/external_api.go:277.67,279.29 2 0
github.com/auucoder/gptgrok2api-go/internal/httpapi/external_api.go:279.29,281.3 1 0
github.com/auucoder/gptgrok2api-go/internal/httpapi/external_api.go:282.2,282.15 1 0
github.com/auucoder/gptgrok2api-go/internal/httpapi/external_api.go:285.75,286.27 1 0
github.com/auucoder/gptgrok2api-go/internal/httpapi/external_api.go:286.27,288.3 1 0
github.com/auucoder/gptgrok2api-go/internal/httpapi/external_api.go:289.2,291.12 3 0
github.com/auucoder/gptgrok2api-go/internal/httpapi/external_api.go:291.12,294.3 2 0
github.com/auucoder/gptgrok2api-go/internal/httpapi/external_api.go:295.2,295.54 1 0
github.com/auucoder/gptgrok2api-go/internal/httpapi/external_api.go:295.54,297.17 2 0
github.com/auucoder/gptgrok2api-go/internal/httpapi/external_api.go:297.17,300.4 2 0
github.com/auucoder/gptgrok2api-go/internal/httpapi/external_api.go:301.3,302.9 2 0
github.com/auucoder/gptgrok2api-go/internal/httpapi/external_api.go:304.2,304.56 1 0
github.com/auucoder/gptgrok2api-go/internal/httpapi/external_api.go:304.56,306.20 2 0
github.com/auucoder/gptgrok2api-go/internal/httpapi/external_api.go:306.20,308.4 1 0
github.com/auucoder/gptgrok2api-go/internal/httpapi/external_api.go:309.3,310.17 2 0
github.com/auucoder/gptgrok2api-go/internal/httpapi/external_api.go:310.17,313.4 2 0
github.com/auucoder/gptgrok2api-go/internal/httpapi/external_api.go:314.3,315.9 2 0
github.com/auucoder/gptgrok2api-go/internal/httpapi/external_api.go:317.2,317.24 1 0
github.com/auucoder/gptgrok2api-go/internal/httpapi/external_api.go:317.24,318.33 1 0
github.com/auucoder/gptgrok2api-go/internal/httpapi/external_api.go:318.33,321.4 2 0
github.com/auucoder/gptgrok2api-go/internal/httpapi/external_api.go:322.3,322.34 1 0
github.com/auucoder/gptgrok2api-go/internal/httpapi/external_api.go:322.34,326.32 2 0
github.com/auucoder/gptgrok2api-go/internal/httpapi/external_api.go:326.32,328.5 1 0
github.com/auucoder/gptgrok2api-go/internal/httpapi/external_api.go:329.4,330.21 2 0
github.com/auucoder/gptgrok2api-go/internal/httpapi/external_api.go:330.21,333.5 2 0
github.com/auucoder/gptgrok2api-go/internal/httpapi/external_api.go:334.4,335.50 2 0
github.com/auucoder/gptgrok2api-go/internal/httpapi/external_api.go:335.50,338.5 2 0
github.com/auucoder/gptgrok2api-go/internal/httpapi/external_api.go:339.4,341.10 3 0
github.com/auucoder/gptgrok2api-go/internal/httpapi/external_api.go:343.3,344.9 2 0
github.com/auucoder/gptgrok2api-go/internal/httpapi/external_api.go:346.2,346.18 1 0
github.com/auucoder/gptgrok2api-go/internal/httpapi/external_api.go:346.18,349.3 2 0
github.com/auucoder/gptgrok2api-go/internal/httpapi/external_api.go:350.2,350.33 1 0
github.com/auucoder/gptgrok2api-go/internal/httpapi/external_api.go:350.33,352.31 2 0
github.com/auucoder/gptgrok2api-go/internal/httpapi/external_api.go:352.31,354.4 1 0
github.com/auucoder/gptgrok2api-go/internal/httpapi/external_api.go:355.3,355.45 1 0
github.com/auucoder/gptgrok2api-go/internal/httpapi/external_api.go:355.45,357.4 1 0
github.com/auucoder/gptgrok2api-go/internal/httpapi/external_api.go:358.3,358.83 1 0
github.com/auucoder/gptgrok2api-go/internal/httpapi/external_api.go:358.83,360.4 1 0
github.com/auucoder/gptgrok2api-go/internal/httpapi/external_api.go:361.3,361.46 1 0
github.com/auucoder/gptgrok2api-go/internal/httpapi/external_api.go:361.46,363.4 1 0
github.com/auucoder/gptgrok2api-go/internal/httpapi/external_api.go:364.3,364.64 1 0
github.com/auucoder/gptgrok2api-go/internal/httpapi/external_api.go:364.64,366.4 1 0
github.com/auucoder/gptgrok2api-go/internal/httpapi/external_api.go:367.3,367.63 1 0
github.com/auucoder/gptgrok2api-go/internal/httpapi/external_api.go:367.63,369.4 1 0
github.com/auucoder/gptgrok2api-go/internal/httpapi/external_api.go:370.3,370.49 1 0
github.com/auucoder/gptgrok2api-go/internal/httpapi/external_api.go:370.49,372.4 1 0
github.com/auucoder/gptgrok2api-go/internal/httpapi/external_api.go:373.3,373.49 1 0
github.com/auucoder/gptgrok2api-go/internal/httpapi/external_api.go:373.49,375.4 1 0
github.com/auucoder/gptgrok2api-go/internal/httpapi/external_api.go:376.3,377.24 2 0
github.com/auucoder/gptgrok2api-go/internal/httpapi/external_api.go:377.24,378.25 1 0
github.com/auucoder/gptgrok2api-go/internal/httpapi/external_api.go:378.25,380.5 1 0
github.com/auucoder/gptgrok2api-go/internal/httpapi/external_api.go:382.3,382.55 1 0
github.com/auucoder/gptgrok2api-go/internal/httpapi/external_api.go:382.55,385.4 2 0
github.com/auucoder/gptgrok2api-go/internal/httpapi/external_api.go:386.3,387.9 2 0
github.com/auucoder/gptgrok2api-go/internal/httpapi/external_api.go:389.2,389.35 1 0
github.com/auucoder/gptgrok2api-go/internal/httpapi/external_api.go:389.35,392.31 3 0
github.com/auucoder/gptgrok2api-go/internal/httpapi/external_api.go:392.31,393.22 1 0
github.com/auucoder/gptgrok2api-go/internal/httpapi/external_api.go:393.22,395.5 1 0
github.com/auucoder/gptgrok2api-go/internal/httpapi/external_api.go:397.3,397.34 1 0
github.com/auucoder/gptgrok2api-go/internal/httpapi/external_api.go:397.34,400.4 2 0
github.com/auucoder/gptgrok2api-go/internal/httpapi/external_api.go:401.3,401.58 1 0
github.com/auucoder/gptgrok2api-go/internal/httpapi/external_api.go:401.58,404.4 2 0
github.com/auucoder/gptgrok2api-go/internal/httpapi/external_api.go:405.3,406.9 2 0
github.com/auucoder/gptgrok2api-go/internal/httpapi/external_api.go:408.2,408.67 1 0
github.com/auucoder/gptgrok2api-go/internal/httpapi/external_api.go:411.68,413.23 2 0
github.com/auucoder/gptgrok2api-go/internal/httpapi/external_api.go:413.23,414.24 1 0
github.com/auucoder/gptgrok2api-go/internal/httpapi/external_api.go:414.24,417.4 2 0
github.com/auucoder/gptgrok2api-go/internal/httpapi/external_api.go:419.2,419.23 1 0
github.com/auucoder/gptgrok2api-go/internal/httpapi/external_api.go:422.68,423.42 1 0
github.com/auucoder/gptgrok2api-go/internal/httpapi/external_api.go:423.42,425.3 1 0
github.com/auucoder/gptgrok2api-go/internal/httpapi/external_api.go:426.2,427.16 2 0
github.com/auucoder/gptgrok2api-go/internal/httpapi/external_api.go:427.16,429.3 1 0
github.com/auucoder/gptgrok2api-go/internal/httpapi/external_api.go:430.2,431.17 2 0
github.com/auucoder/gptgrok2api-go/internal/httpapi/external_api.go:431.17,433.3 1 0
github.com/auucoder/gptgrok2api-go/internal/httpapi/external_api.go:434.2,434.97 1 0
github.com/auucoder/gptgrok2api-go/internal/httpapi/external_api.go:437.72,439.16 2 0
github.com/auucoder/gptgrok2api-go/internal/httpapi/external_api.go:439.16,441.3 1 0
github.com/auucoder/gptgrok2api-go/internal/httpapi/external_api.go:442.2,443.16 2 0
github.com/auucoder/gptgrok2api-go/internal/httpapi/external_api.go:443.16,445.3 1 0
github.com/auucoder/gptgrok2api-go/internal/httpapi/external_api.go:446.2,448.31 3 0
github.com/auucoder/gptgrok2api-go/internal/httpapi/external_api.go:448.31,449.46 1 0
github.com/auucoder/gptgrok2api-go/internal/httpapi/external_api.go:449.46,451.4 1 0
github.com/auucoder/gptgrok2api-go/internal/httpapi/external_api.go:453.2,453.20 1 0
github.com/auucoder/gptgrok2api-go/internal/httpapi/external_api.go:456.74,458.16 2 0
github.com/auucoder/gptgrok2api-go/internal/httpapi/external_api.go:458.16,460.3 1 0
github.com/auucoder/gptgrok2api-go/internal/httpapi/external_api.go:461.2,462.24 2 0
github.com/auucoder/gptgrok2api-go/internal/httpapi/external_api.go:462.24,465.3 2 0
github.com/auucoder/gptgrok2api-go/internal/httpapi/external_api.go:466.2,467.16 2 0
github.com/auucoder/gptgrok2api-go/internal/httpapi/external_api.go:467.16,469.3 1 0
github.com/auucoder/gptgrok2api-go/internal/httpapi/external_api.go:470.2,472.31 3 0
github.com/auucoder/gptgrok2api-go/internal/httpapi/external_api.go:472.31,473.48 1 0
github.com/auucoder/gptgrok2api-go/internal/httpapi/external_api.go:473.48,476.4 2 0
github.com/auucoder/gptgrok2api-go/internal/httpapi/external_api.go:478.2,478.20 1 0
github.com/auucoder/gptgrok2api-go/internal/httpapi/external_api.go:481.89,482.40 1 0
github.com/auucoder/gptgrok2api-go/internal/httpapi/external_api.go:482.40,482.100 2 0
github.com/auucoder/gptgrok2api-go/internal/httpapi/external_api.go:483.2,485.16 3 0
github.com/auucoder/gptgrok2api-go/internal/httpapi/external_api.go:485.16,486.26 1 0
github.com/auucoder/gptgrok2api-go/internal/httpapi/external_api.go:486.26,489.4 2 0
github.com/auucoder/gptgrok2api-go/internal/httpapi/external_api.go:490.3,491.9 2 0
github.com/auucoder/gptgrok2api-go/internal/httpapi/external_api.go:493.2,493.25 1 0
github.com/auucoder/gptgrok2api-go/internal/httpapi/external_api.go:493.25,497.22 4 0
github.com/auucoder/gptgrok2api-go/internal/httpapi/external_api.go:497.22,499.4 1 0
github.com/auucoder/gptgrok2api-go/internal/httpapi/external_api.go:500.3,500.22 1 0
github.com/auucoder/gptgrok2api-go/internal/httpapi/external_api.go:500.22,502.4 1 0
github.com/auucoder/gptgrok2api-go/internal/httpapi/external_api.go:502.9,502.25 1 0
github.com/auucoder/gptgrok2api-go/internal/httpapi/external_api.go:502.25,504.4 1 0
github.com/auucoder/gptgrok2api-go/internal/httpapi/external_api.go:504.9,504.99 1 0
github.com/auucoder/gptgrok2api-go/internal/httpapi/external_api.go:504.99,506.4 1 0
github.com/auucoder/gptgrok2api-go/internal/httpapi/external_api.go:506.9,509.4 2 0
github.com/auucoder/gptgrok2api-go/internal/httpapi/external_api.go:510.3,511.27 2 0
github.com/auucoder/gptgrok2api-go/internal/httpapi/external_api.go:513.2,514.66 2 0
github.com/auucoder/gptgrok2api-go/internal/httpapi/external_api.go:514.66,516.3 1 0
github.com/auucoder/gptgrok2api-go/internal/httpapi/external_api.go:517.2,517.42 1 0
github.com/auucoder/gptgrok2api-go/internal/httpapi/external_api.go:520.57,523.21 3 0
github.com/auucoder/gptgrok2api-go/internal/httpapi/external_api.go:523.21,525.3 1 0
github.com/auucoder/gptgrok2api-go/internal/httpapi/external_api.go:526.2,526.27 1 0
github.com/auucoder/gptgrok2api-go/internal/httpapi/external_api.go:528.46,531.31 3 1
github.com/auucoder/gptgrok2api-go/internal/httpapi/external_api.go:531.31,533.34 2 1
github.com/auucoder/gptgrok2api-go/internal/httpapi/external_api.go:533.34,536.4 2 1
github.com/auucoder/gptgrok2api-go/internal/httpapi/external_api.go:538.2,538.15 1 1
github.com/auucoder/gptgrok2api-go/internal/httpapi/external_api.go:540.68,541.27 1 0
github.com/auucoder/gptgrok2api-go/internal/httpapi/external_api.go:541.27,542.50 1 0
github.com/auucoder/gptgrok2api-go/internal/httpapi/external_api.go:542.50,544.4 1 0
github.com/auucoder/gptgrok2api-go/internal/httpapi/external_api.go:546.2,546.25 1 0
github.com/auucoder/gptgrok2api-go/internal/httpapi/external_api.go:548.61,549.36 1 0
github.com/auucoder/gptgrok2api-go/internal/httpapi/external_api.go:549.36,550.45 1 0
github.com/auucoder/gptgrok2api-go/internal/httpapi/external_api.go:550.45,552.4 1 0
github.com/auucoder/gptgrok2api-go/internal/httpapi/external_api.go:553.3,553.64 1 0
github.com/auucoder/gptgrok2api-go/internal/httpapi/external_api.go:553.64,555.4 1 0
github.com/auucoder/gptgrok2api-go/internal/httpapi/external_api.go:557.2,557.11 1 0
github.com/auucoder/gptgrok2api-go/internal/httpapi/external_api.go:560.56,561.46 1 0
github.com/auucoder/gptgrok2api-go/internal/httpapi/external_api.go:561.46,562.28 1 0
github.com/auucoder/gptgrok2api-go/internal/httpapi/external_api.go:562.28,563.52 1 0
github.com/auucoder/gptgrok2api-go/internal/httpapi/external_api.go:563.52,565.5 1 0
github.com/auucoder/gptgrok2api-go/internal/httpapi/external_api.go:567.3,567.32 1 0
github.com/auucoder/gptgrok2api-go/internal/httpapi/external_api.go:567.32,568.59 1 0
github.com/auucoder/gptgrok2api-go/internal/httpapi/external_api.go:568.59,570.5 1 0
github.com/auucoder/gptgrok2api-go/internal/httpapi/external_api.go:573.2,573.35 1 0
github.com/auucoder/gptgrok2api-go/internal/httpapi/external_api.go:573.35,574.30 1 0
github.com/auucoder/gptgrok2api-go/internal/httpapi/external_api.go:574.30,575.59 1 0
github.com/auucoder/gptgrok2api-go/internal/httpapi/external_api.go:575.59,577.5 1 0
github.com/auucoder/gptgrok2api-go/internal/httpapi/external_api.go:580.2,580.11 1 0
github.com/auucoder/gptgrok2api-go/internal/httpapi/external_api.go:582.61,583.51 1 0
github.com/auucoder/gptgrok2api-go/internal/httpapi/external_api.go:583.51,584.60 1 0
github.com/auucoder/gptgrok2api-go/internal/httpapi/external_api.go:584.60,586.4 1 0
github.com/auucoder/gptgrok2api-go/internal/httpapi/external_api.go:588.2,588.27 1 0
github.com/auucoder/gptgrok2api-go/internal/httpapi/external_api.go:588.27,589.42 1 0
github.com/auucoder/gptgrok2api-go/internal/httpapi/external_api.go:589.42,591.4 1 0
github.com/auucoder/gptgrok2api-go/internal/httpapi/external_api.go:593.2,593.42 1 0
github.com/auucoder/gptgrok2api-go/internal/httpapi/external_api.go:593.42,595.3 1 0
github.com/auucoder/gptgrok2api-go/internal/httpapi/external_api.go:596.2,596.12 1 0
github.com/auucoder/gptgrok2api-go/internal/httpapi/grok_probe_scheduler.go:12.39,13.6 1 1
github.com/auucoder/gptgrok2api-go/internal/httpapi/grok_probe_scheduler.go:13.6,15.43 2 1
github.com/auucoder/gptgrok2api-go/internal/httpapi/grok_probe_scheduler.go:15.43,16.11 1 1
github.com/auucoder/gptgrok2api-go/internal/httpapi/grok_probe_scheduler.go:17.22,18.11 1 0
github.com/auucoder/gptgrok2api-go/internal/httpapi/grok_probe_scheduler.go:19.23,20.11 1 0
github.com/auucoder/gptgrok2api-go/internal/httpapi/grok_probe_scheduler.go:21.23,21.23 0 0
github.com/auucoder/gptgrok2api-go/internal/httpapi/grok_probe_scheduler.go:23.4,23.12 1 0
github.com/auucoder/gptgrok2api-go/internal/httpapi/grok_probe_scheduler.go:25.3,26.19 2 0
github.com/auucoder/gptgrok2api-go/internal/httpapi/grok_probe_scheduler.go:26.19,28.4 1 0
github.com/auucoder/gptgrok2api-go/internal/httpapi/grok_probe_scheduler.go:29.3,31.64 3 0
github.com/auucoder/gptgrok2api-go/internal/httpapi/grok_probe_scheduler.go:31.64,33.4 1 0
github.com/auucoder/gptgrok2api-go/internal/httpapi/grok_probe_scheduler.go:34.3,34.10 1 0
github.com/auucoder/gptgrok2api-go/internal/httpapi/grok_probe_scheduler.go:34.10,36.4 1 0
github.com/auucoder/gptgrok2api-go/internal/httpapi/grok_probe_scheduler.go:37.3,40.10 4 0
github.com/auucoder/gptgrok2api-go/internal/httpapi/grok_probe_scheduler.go:41.21,43.10 2 0
github.com/auucoder/gptgrok2api-go/internal/httpapi/grok_probe_scheduler.go:44.22,46.10 2 0
github.com/auucoder/gptgrok2api-go/internal/httpapi/grok_probe_scheduler.go:47.22,48.16 1 0
github.com/auucoder/gptgrok2api-go/internal/httpapi/grok_probe_scheduler.go:49.18,49.18 0 0
github.com/auucoder/gptgrok2api-go/internal/httpapi/grok_probe_scheduler.go:54.38,57.16 3 0
github.com/auucoder/gptgrok2api-go/internal/httpapi/grok_probe_scheduler.go:57.16,60.3 2 0
github.com/auucoder/gptgrok2api-go/internal/httpapi/grok_probe_scheduler.go:61.2,63.32 3 0
github.com/auucoder/gptgrok2api-go/internal/httpapi/grok_probe_scheduler.go:63.32,65.81 2 0
github.com/auucoder/gptgrok2api-go/internal/httpapi/grok_probe_scheduler.go:65.81,66.12 1 0
github.com/auucoder/gptgrok2api-go/internal/httpapi/grok_probe_scheduler.go:68.3,69.13 2 0
github.com/auucoder/gptgrok2api-go/internal/httpapi/grok_probe_scheduler.go:69.13,69.64 3 0
github.com/auucoder/gptgrok2api-go/internal/httpapi/grok_probe_scheduler.go:69.64,69.73 1 0
github.com/auucoder/gptgrok2api-go/internal/httpapi/grok_probe_scheduler.go:69.77,69.105 1 0
github.com/auucoder/gptgrok2api-go/internal/httpapi/grok_probe_scheduler.go:71.2,72.107 2 0
github.com/auucoder/gptgrok2api-go/internal/httpapi/grok_probe_scheduler.go:75.59,81.30 6 0
github.com/auucoder/gptgrok2api-go/internal/httpapi/grok_probe_scheduler.go:81.30,83.3 1 0
github.com/auucoder/gptgrok2api-go/internal/httpapi/grok_probe_scheduler.go:83.8,83.39 1 0
github.com/auucoder/gptgrok2api-go/internal/httpapi/grok_probe_scheduler.go:83.39,85.3 1 0
github.com/auucoder/gptgrok2api-go/internal/httpapi/grok_probe_scheduler.go:85.8,85.39 1 0
github.com/auucoder/gptgrok2api-go/internal/httpapi/grok_probe_scheduler.go:85.39,87.3 1 0
github.com/auucoder/gptgrok2api-go/internal/httpapi/grok_probe_scheduler.go:88.2,89.46 2 0
github.com/auucoder/gptgrok2api-go/internal/httpapi/grok_probe_scheduler.go:89.46,91.3 1 0
github.com/auucoder/gptgrok2api-go/internal/httpapi/grok_runtime_admin.go:17.78,18.27 1 1
github.com/auucoder/gptgrok2api-go/internal/httpapi/grok_runtime_admin.go:18.27,20.3 1 0
github.com/auucoder/gptgrok2api-go/internal/httpapi/grok_runtime_admin.go:21.2,22.9 2 1
github.com/auucoder/gptgrok2api-go/internal/httpapi/grok_runtime_admin.go:23.54,24.57 1 0
github.com/auucoder/gptgrok2api-go/internal/httpapi/grok_runtime_admin.go:25.54,27.157 2 0
github.com/auucoder/gptgrok2api-go/internal/httpapi/grok_runtime_admin.go:28.55,29.52 1 0
github.com/auucoder/gptgrok2api-go/internal/httpapi/grok_runtime_admin.go:30.54,32.25 2 0
github.com/auucoder/gptgrok2api-go/internal/httpapi/grok_runtime_admin.go:33.55,35.34 2 0
github.com/auucoder/gptgrok2api-go/internal/httpapi/grok_runtime_admin.go:35.34,37.4 1 0
github.com/auucoder/gptgrok2api-go/internal/httpapi/grok_runtime_admin.go:38.3,38.74 1 0
github.com/auucoder/gptgrok2api-go/internal/httpapi/grok_runtime_admin.go:38.74,41.4 2 0
github.com/auucoder/gptgrok2api-go/internal/httpapi/grok_runtime_admin.go:42.3,42.87 1 0
github.com/auucoder/gptgrok2api-go/internal/httpapi/grok_runtime_admin.go:43.54,44.25 1 1
github.com/auucoder/gptgrok2api-go/internal/httpapi/grok_runtime_admin.go:45.57,46.34 1 1
github.com/auucoder/gptgrok2api-go/internal/httpapi/grok_runtime_admin.go:47.64,48.30 1 1
github.com/auucoder/gptgrok2api-go/internal/httpapi/grok_runtime_admin.go:49.62,53.31 2 1
github.com/auucoder/gptgrok2api-go/internal/httpapi/grok_runtime_admin.go:53.31,55.4 1 0
github.com/auucoder/gptgrok2api-go/internal/httpapi/grok_runtime_admin.go:56.3,56.43 1 1
github.com/auucoder/gptgrok2api-go/internal/httpapi/grok_runtime_admin.go:56.43,59.4 2 1
github.com/auucoder/gptgrok2api-go/internal/httpapi/grok_runtime_admin.go:60.3,60.55 1 1
github.com/auucoder/gptgrok2api-go/internal/httpapi/grok_runtime_admin.go:60.55,63.4 2 1
github.com/auucoder/gptgrok2api-go/internal/httpapi/grok_runtime_admin.go:64.3,64.99 1 0
github.com/auucoder/gptgrok2api-go/internal/httpapi/grok_runtime_admin.go:65.10,66.75 1 0
github.com/auucoder/gptgrok2api-go/internal/httpapi/grok_runtime_admin.go:70.99,75.46 5 0
github.com/auucoder/gptgrok2api-go/internal/httpapi/grok_runtime_admin.go:75.46,78.13 3 0
github.com/auucoder/gptgrok2api-go/internal/httpapi/grok_runtime_admin.go:78.13,81.17 3 0
github.com/auucoder/gptgrok2api-go/internal/httpapi/grok_runtime_admin.go:81.17,81.26 1 0
github.com/auucoder/gptgrok2api-go/internal/httpapi/grok_runtime_admin.go:82.4,86.18 5 0
github.com/auucoder/gptgrok2api-go/internal/httpapi/grok_runtime_admin.go:86.18,88.59 2 0
github.com/auucoder/gptgrok2api-go/internal/httpapi/grok_runtime_admin.go:88.59,90.6 1 0
github.com/auucoder/gptgrok2api-go/internal/httpapi/grok_runtime_admin.go:91.10,95.5 3 0
github.com/auucoder/gptgrok2api-go/internal/httpapi/grok_runtime_admin.go:96.4,98.15 3 0
github.com/auucoder/gptgrok2api-go/internal/httpapi/grok_runtime_admin.go:101.2,103.31 3 0
github.com/auucoder/gptgrok2api-go/internal/httpapi/grok_runtime_admin.go:103.31,104.25 1 0
github.com/auucoder/gptgrok2api-go/internal/httpapi/grok_runtime_admin.go:104.25,106.4 1 0
github.com/auucoder/gptgrok2api-go/internal/httpapi/grok_runtime_admin.go:106.9,108.4 1 0
github.com/auucoder/gptgrok2api-go/internal/httpapi/grok_runtime_admin.go:110.2,110.118 1 0
github.com/auucoder/gptgrok2api-go/internal/httpapi/grok_runtime_admin.go:113.118,115.35 2 1
github.com/auucoder/gptgrok2api-go/internal/httpapi/grok_runtime_admin.go:115.35,117.3 1 1
github.com/auucoder/gptgrok2api-go/internal/httpapi/grok_runtime_admin.go:118.2,120.16 3 1
github.com/auucoder/gptgrok2api-go/internal/httpapi/grok_runtime_admin.go:120.16,122.3 1 0
github.com/auucoder/gptgrok2api-go/internal/httpapi/grok_runtime_admin.go:123.2,123.29 1 1
github.com/auucoder/gptgrok2api-go/internal/httpapi/grok_runtime_admin.go:123.29,125.63 2 1
github.com/auucoder/gptgrok2api-go/internal/httpapi/grok_runtime_admin.go:125.63,126.12 1 0
github.com/auucoder/gptgrok2api-go/internal/httpapi/grok_runtime_admin.go:128.3,129.97 2 1
github.com/auucoder/gptgrok2api-go/internal/httpapi/grok_runtime_admin.go:133.70,135.35 2 1
github.com/auucoder/gptgrok2api-go/internal/httpapi/grok_runtime_admin.go:135.35,137.3 1 1
github.com/auucoder/gptgrok2api-go/internal/httpapi/grok_runtime_admin.go:138.2,138.15 1 1
github.com/auucoder/gptgrok2api-go/internal/httpapi/grok_runtime_admin.go:141.38,143.16 2 0
github.com/auucoder/gptgrok2api-go/internal/httpapi/grok_runtime_admin.go:143.16,145.3 1 0
github.com/auucoder/gptgrok2api-go/internal/httpapi/grok_runtime_admin.go:146.2,146.34 1 0
github.com/auucoder/gptgrok2api-go/internal/httpapi/grok_runtime_admin.go:149.59,153.35 4 1
github.com/auucoder/gptgrok2api-go/internal/httpapi/grok_runtime_admin.go:153.35,155.18 2 1
github.com/auucoder/gptgrok2api-go/internal/httpapi/grok_runtime_admin.go:155.18,156.12 1 0
github.com/auucoder/gptgrok2api-go/internal/httpapi/grok_runtime_admin.go:158.3,159.19 2 1
github.com/auucoder/gptgrok2api-go/internal/httpapi/grok_runtime_admin.go:159.19,161.4 1 0
github.com/auucoder/gptgrok2api-go/internal/httpapi/grok_runtime_admin.go:162.3,163.79 2 1
github.com/auucoder/gptgrok2api-go/internal/httpapi/grok_runtime_admin.go:163.79,164.64 1 1
github.com/auucoder/gptgrok2api-go/internal/httpapi/grok_runtime_admin.go:164.64,166.5 1 0
github.com/auucoder/gptgrok2api-go/internal/httpapi/grok_runtime_admin.go:168.3,168.365 1 1
github.com/auucoder/gptgrok2api-go/internal/httpapi/grok_runtime_admin.go:170.2,170.53 1 1
github.com/auucoder/gptgrok2api-go/internal/httpapi/grok_runtime_admin.go:173.82,175.32 2 1
github.com/auucoder/gptgrok2api-go/internal/httpapi/grok_runtime_admin.go:175.32,177.3 1 0
github.com/auucoder/gptgrok2api-go/internal/httpapi/grok_runtime_admin.go:178.2,180.31 3 1
github.com/auucoder/gptgrok2api-go/internal/httpapi/grok_runtime_admin.go:180.31,182.3 1 1
github.com/auucoder/gptgrok2api-go/internal/httpapi/grok_runtime_admin.go:183.2,185.35 3 1
github.com/auucoder/gptgrok2api-go/internal/httpapi/grok_runtime_admin.go:185.35,187.53 2 1
github.com/auucoder/gptgrok2api-go/internal/httpapi/grok_runtime_admin.go:187.53,189.12 2 1
github.com/auucoder/gptgrok2api-go/internal/httpapi/grok_runtime_admin.go:191.3,191.39 1 0
github.com/auucoder/gptgrok2api-go/internal/httpapi/grok_runtime_admin.go:193.2,193.55 1 1
github.com/auucoder/gptgrok2api-go/internal/httpapi/grok_runtime_admin.go:193.55,196.3 2 0
github.com/auucoder/gptgrok2api-go/internal/httpapi/grok_runtime_admin.go:197.2,197.55 1 1
github.com/auucoder/gptgrok2api-go/internal/httpapi/grok_runtime_admin.go:200.78,206.30 2 1
github.com/auucoder/gptgrok2api-go/internal/httpapi/grok_runtime_admin.go:206.30,208.3 1 0
github.com/auucoder/gptgrok2api-go/internal/httpapi/grok_runtime_admin.go:209.2,211.35 3 1
github.com/auucoder/gptgrok2api-go/internal/httpapi/grok_runtime_admin.go:211.35,213.60 2 1
github.com/auucoder/gptgrok2api-go/internal/httpapi/grok_runtime_admin.go:213.60,214.12 1 0
github.com/auucoder/gptgrok2api-go/internal/httpapi/grok_runtime_admin.go:216.3,218.20 3 1
github.com/auucoder/gptgrok2api-go/internal/httpapi/grok_runtime_admin.go:218.20,220.4 1 1
github.com/auucoder/gptgrok2api-go/internal/httpapi/grok_runtime_admin.go:220.9,222.4 1 0
github.com/auucoder/gptgrok2api-go/internal/httpapi/grok_runtime_admin.go:224.2,224.12 1 1
github.com/auucoder/gptgrok2api-go/internal/httpapi/grok_runtime_admin.go:224.12,227.3 2 0
github.com/auucoder/gptgrok2api-go/internal/httpapi/grok_runtime_admin.go:228.2,228.55 1 1
github.com/auucoder/gptgrok2api-go/internal/httpapi/grok_runtime_admin.go:228.55,231.3 2 0
github.com/auucoder/gptgrok2api-go/internal/httpapi/grok_runtime_admin.go:232.2,232.190 1 1
github.com/auucoder/gptgrok2api-go/internal/httpapi/grok_runtime_admin.go:237.42,240.2 2 1
github.com/auucoder/gptgrok2api-go/internal/httpapi/grok_runtime_admin.go:242.67,246.2 1 1
github.com/auucoder/gptgrok2api-go/internal/httpapi/grok_runtime_admin.go:248.44,250.22 2 1
github.com/auucoder/gptgrok2api-go/internal/httpapi/grok_runtime_admin.go:250.22,252.3 1 0
github.com/auucoder/gptgrok2api-go/internal/httpapi/grok_runtime_admin.go:253.2,253.49 1 1
github.com/auucoder/gptgrok2api-go/internal/httpapi/image_retention.go:13.44,14.20 1 1
github.com/auucoder/gptgrok2api-go/internal/httpapi/image_retention.go:14.20,16.18 2 1
github.com/auucoder/gptgrok2api-go/internal/httpapi/image_retention.go:16.18,18.4 1 0
github.com/auucoder/gptgrok2api-go/internal/httpapi/image_retention.go:20.2,22.19 3 1
github.com/auucoder/gptgrok2api-go/internal/httpapi/image_retention.go:22.19,24.3 1 1
github.com/auucoder/gptgrok2api-go/internal/httpapi/image_retention.go:25.2,27.6 3 1
github.com/auucoder/gptgrok2api-go/internal/httpapi/image_retention.go:27.6,28.10 1 1
github.com/auucoder/gptgrok2api-go/internal/httpapi/image_retention.go:29.21,30.10 1 0
github.com/auucoder/gptgrok2api-go/internal/httpapi/image_retention.go:31.19,32.13 1 0
github.com/auucoder/gptgrok2api-go/internal/httpapi/image_retention.go:37.54,39.14 2 1
github.com/auucoder/gptgrok2api-go/internal/httpapi/image_retention.go:39.14,41.3 1 1
github.com/auucoder/gptgrok2api-go/internal/httpapi/image_retention.go:42.2,45.93 4 1
github.com/auucoder/gptgrok2api-go/internal/httpapi/image_retention.go:45.93,46.82 1 1
github.com/auucoder/gptgrok2api-go/internal/httpapi/image_retention.go:46.82,48.4 1 1
github.com/auucoder/gptgrok2api-go/internal/httpapi/image_retention.go:49.3,49.53 1 1
github.com/auucoder/gptgrok2api-go/internal/httpapi/image_retention.go:49.53,52.4 2 1
github.com/auucoder/gptgrok2api-go/internal/httpapi/image_retention.go:53.3,53.13 1 1
github.com/auucoder/gptgrok2api-go/internal/httpapi/image_retention.go:55.2,56.30 2 1
github.com/auucoder/gptgrok2api-go/internal/httpapi/management.go:18.64,19.25 1 0
github.com/auucoder/gptgrok2api-go/internal/httpapi/management.go:19.25,21.3 1 0
github.com/auucoder/gptgrok2api-go/internal/httpapi/management.go:22.2,22.18 1 0
github.com/auucoder/gptgrok2api-go/internal/httpapi/management.go:23.23,24.56 1 0
github.com/auucoder/gptgrok2api-go/internal/httpapi/management.go:24.56,27.4 2 0
github.com/auucoder/gptgrok2api-go/internal/httpapi/management.go:28.3,29.17 2 0
github.com/auucoder/gptgrok2api-go/internal/httpapi/management.go:29.17,32.4 2 0
github.com/auucoder/gptgrok2api-go/internal/httpapi/management.go:33.3,35.34 3 0
github.com/auucoder/gptgrok2api-go/internal/httpapi/management.go:35.34,38.4 2 0
github.com/auucoder/gptgrok2api-go/internal/httpapi/management.go:39.3,40.17 2 0
github.com/auucoder/gptgrok2api-go/internal/httpapi/management.go:40.17,43.4 2 0
github.com/auucoder/gptgrok2api-go/internal/httpapi/management.go:44.3,46.24 3 0
github.com/auucoder/gptgrok2api-go/internal/httpapi/management.go:46.24,48.25 2 0
github.com/auucoder/gptgrok2api-go/internal/httpapi/management.go:48.25,50.5 1 0
github.com/auucoder/gptgrok2api-go/internal/httpapi/management.go:52.3,53.17 2 0
github.com/auucoder/gptgrok2api-go/internal/httpapi/management.go:53.17,57.4 3 0
github.com/auucoder/gptgrok2api-go/internal/httpapi/management.go:58.3,59.193 2 0
github.com/auucoder/gptgrok2api-go/internal/httpapi/management.go:60.22,61.147 1 0
github.com/auucoder/gptgrok2api-go/internal/httpapi/management.go:62.25,64.15 2 0
github.com/auucoder/gptgrok2api-go/internal/httpapi/management.go:64.15,67.4 2 0
github.com/auucoder/gptgrok2api-go/internal/httpapi/management.go:68.3,69.19 2 0
github.com/auucoder/gptgrok2api-go/internal/httpapi/management.go:69.19,72.4 2 0
github.com/auucoder/gptgrok2api-go/internal/httpapi/management.go:73.3,73.73 1 0
github.com/auucoder/gptgrok2api-go/internal/httpapi/management.go:74.10,75.92 1 0
github.com/auucoder/gptgrok2api-go/internal/httpapi/management.go:79.68,80.27 1 0
github.com/auucoder/gptgrok2api-go/internal/httpapi/management.go:80.27,82.3 1 0
github.com/auucoder/gptgrok2api-go/internal/httpapi/management.go:83.2,84.9 2 0
github.com/auucoder/gptgrok2api-go/internal/httpapi/management.go:85.56,87.17 2 0
github.com/auucoder/gptgrok2api-go/internal/httpapi/management.go:87.17,90.4 2 0
github.com/auucoder/gptgrok2api-go/internal/httpapi/management.go:91.3,91.112 1 0
github.com/auucoder/gptgrok2api-go/internal/httpapi/management.go:92.64,102.34 2 0
github.com/auucoder/gptgrok2api-go/internal/httpapi/management.go:102.34,104.4 1 0
github.com/auucoder/gptgrok2api-go/internal/httpapi/management.go:105.3,106.17 2 0
github.com/auucoder/gptgrok2api-go/internal/httpapi/management.go:106.17,109.4 2 0
github.com/auucoder/gptgrok2api-go/internal/httpapi/management.go:110.3,110.76 1 0
github.com/auucoder/gptgrok2api-go/internal/httpapi/management.go:111.61,115.75 2 0
github.com/auucoder/gptgrok2api-go/internal/httpapi/management.go:115.75,117.4 1 0
github.com/auucoder/gptgrok2api-go/internal/httpapi/management.go:118.3,119.17 2 0
github.com/auucoder/gptgrok2api-go/internal/httpapi/management.go:119.17,122.4 2 0
github.com/auucoder/gptgrok2api-go/internal/httpapi/management.go:123.3,123.38 1 0
github.com/auucoder/gptgrok2api-go/internal/httpapi/management.go:124.60,128.34 2 0
github.com/auucoder/gptgrok2api-go/internal/httpapi/management.go:128.34,130.4 1 0
github.com/auucoder/gptgrok2api-go/internal/httpapi/management.go:131.3,132.17 2 0
github.com/auucoder/gptgrok2api-go/internal/httpapi/management.go:132.17,134.87 2 0
github.com/auucoder/gptgrok2api-go/internal/httpapi/management.go:134.87,136.5 1 0
github.com/auucoder/gptgrok2api-go/internal/httpapi/management.go:136.10,138.5 1 0
github.com/auucoder/gptgrok2api-go/internal/httpapi/management.go:139.4,139.10 1 0
github.com/auucoder/gptgrok2api-go/internal/httpapi/management.go:141.3,141.38 1 0
github.com/auucoder/gptgrok2api-go/internal/httpapi/management.go:142.64,147.34 2 0
github.com/auucoder/gptgrok2api-go/internal/httpapi/management.go:147.34,149.4 1 0
github.com/auucoder/gptgrok2api-go/internal/httpapi/management.go:150.3,151.17 2 0
github.com/auucoder/gptgrok2api-go/internal/httpapi/management.go:151.17,154.4 2 0
github.com/auucoder/gptgrok2api-go/internal/httpapi/management.go:155.3,155.84 1 0
github.com/auucoder/gptgrok2api-go/internal/httpapi/management.go:156.59,160.34 2 0
github.com/auucoder/gptgrok2api-go/internal/httpapi/management.go:160.34,162.4 1 0
github.com/auucoder/gptgrok2api-go/internal/httpapi/management.go:163.3,164.17 2 0
github.com/auucoder/gptgrok2api-go/internal/httpapi/management.go:164.17,167.4 2 0
github.com/auucoder/gptgrok2api-go/internal/httpapi/management.go:168.3,168.54 1 0
github.com/auucoder/gptgrok2api-go/internal/httpapi/management.go:169.114,170.117 1 0
github.com/auucoder/gptgrok2api-go/internal/httpapi/management.go:171.118,172.120 1 0
github.com/auucoder/gptgrok2api-go/internal/httpapi/management.go:173.111,174.111 1 0
github.com/auucoder/gptgrok2api-go/internal/httpapi/management.go:175.10,176.78 1 0
github.com/auucoder/gptgrok2api-go/internal/httpapi/management.go:180.102,182.16 2 0
github.com/auucoder/gptgrok2api-go/internal/httpapi/management.go:182.16,185.3 2 0
github.com/auucoder/gptgrok2api-go/internal/httpapi/management.go:186.2,187.27 2 0
github.com/auucoder/gptgrok2api-go/internal/httpapi/management.go:187.27,188.47 1 0
github.com/auucoder/gptgrok2api-go/internal/httpapi/management.go:188.47,190.9 2 0
github.com/auucoder/gptgrok2api-go/internal/httpapi/management.go:193.2,193.20 1 0
github.com/auucoder/gptgrok2api-go/internal/httpapi/management.go:193.20,196.3 2 0
github.com/auucoder/gptgrok2api-go/internal/httpapi/management.go:197.2,198.22 2 0
github.com/auucoder/gptgrok2api-go/internal/httpapi/management.go:198.22,203.34 2 0
github.com/auucoder/gptgrok2api-go/internal/httpapi/management.go:203.34,205.4 1 0
github.com/auucoder/gptgrok2api-go/internal/httpapi/management.go:206.3,206.48 1 0
github.com/auucoder/gptgrok2api-go/internal/httpapi/management.go:208.2,213.22 4 0
github.com/auucoder/gptgrok2api-go/internal/httpapi/management.go:213.22,216.3 2 0
github.com/auucoder/gptgrok2api-go/internal/httpapi/management.go:217.2,217.12 1 0
github.com/auucoder/gptgrok2api-go/internal/httpapi/management.go:217.12,220.3 2 0
github.com/auucoder/gptgrok2api-go/internal/httpapi/management.go:221.2,221.52 1 0
github.com/auucoder/gptgrok2api-go/internal/httpapi/management.go:221.52,223.69 2 0
github.com/auucoder/gptgrok2api-go/internal/httpapi/management.go:223.69,225.4 1 0
github.com/auucoder/gptgrok2api-go/internal/httpapi/management.go:227.2,228.32 2 0
github.com/auucoder/gptgrok2api-go/internal/httpapi/management.go:228.32,230.3 1 0
github.com/auucoder/gptgrok2api-go/internal/httpapi/management.go:230.8,230.39 1 0
github.com/auucoder/gptgrok2api-go/internal/httpapi/management.go:230.39,232.3 1 0
github.com/auucoder/gptgrok2api-go/internal/httpapi/management.go:233.2,233.172 1 0
github.com/auucoder/gptgrok2api-go/internal/httpapi/management.go:236.74,240.9 4 0
github.com/auucoder/gptgrok2api-go/internal/httpapi/management.go:241.33,242.46 1 0
github.com/auucoder/gptgrok2api-go/internal/httpapi/management.go:243.51,244.94 1 0
github.com/auucoder/gptgrok2api-go/internal/httpapi/management.go:245.49,246.90 1 0
github.com/auucoder/gptgrok2api-go/internal/httpapi/management.go:247.10,249.9 2 0
github.com/auucoder/gptgrok2api-go/internal/httpapi/management.go:251.2,251.23 1 0
github.com/auucoder/gptgrok2api-go/internal/httpapi/management.go:254.82,255.27 1 0
github.com/auucoder/gptgrok2api-go/internal/httpapi/management.go:255.27,257.3 1 0
github.com/auucoder/gptgrok2api-go/internal/httpapi/management.go:258.2,259.9 2 0
github.com/auucoder/gptgrok2api-go/internal/httpapi/management.go:260.54,264.34 2 0
github.com/auucoder/gptgrok2api-go/internal/httpapi/management.go:264.34,266.4 1 0
github.com/auucoder/gptgrok2api-go/internal/httpapi/management.go:267.3,267.49 1 0
github.com/auucoder/gptgrok2api-go/internal/httpapi/management.go:267.49,270.4 2 0
github.com/auucoder/gptgrok2api-go/internal/httpapi/management.go:271.3,272.84 2 0
github.com/auucoder/gptgrok2api-go/internal/httpapi/management.go:273.54,274.117 1 0
github.com/auucoder/gptgrok2api-go/internal/httpapi/management.go:275.70,278.10 3 0
github.com/auucoder/gptgrok2api-go/internal/httpapi/management.go:278.10,281.4 2 0
github.com/auucoder/gptgrok2api-go/internal/httpapi/management.go:282.3,282.59 1 0
github.com/auucoder/gptgrok2api-go/internal/httpapi/management.go:283.10,284.81 1 0
github.com/auucoder/gptgrok2api-go/internal/httpapi/management.go:288.66,289.27 1 0
github.com/auucoder/gptgrok2api-go/internal/httpapi/management.go:289.27,291.3 1 0
github.com/auucoder/gptgrok2api-go/internal/httpapi/management.go:292.2,293.31 2 0
github.com/auucoder/gptgrok2api-go/internal/httpapi/management.go:293.31,294.33 1 0
github.com/auucoder/gptgrok2api-go/internal/httpapi/management.go:294.33,297.4 2 0
github.com/auucoder/gptgrok2api-go/internal/httpapi/management.go:298.3,298.34 1 0
github.com/auucoder/gptgrok2api-go/internal/httpapi/management.go:298.34,303.35 2 0
github.com/auucoder/gptgrok2api-go/internal/httpapi/management.go:303.35,305.5 1 0
github.com/auucoder/gptgrok2api-go/internal/httpapi/management.go:306.4,306.45 1 0
github.com/auucoder/gptgrok2api-go/internal/httpapi/management.go:306.45,309.5 2 0
github.com/auucoder/gptgrok2api-go/internal/httpapi/management.go:310.4,311.10 2 0
github.com/auucoder/gptgrok2api-go/internal/httpapi/management.go:314.2,315.69 2 0
github.com/auucoder/gptgrok2api-go/internal/httpapi/management.go:315.69,317.30 2 0
github.com/auucoder/gptgrok2api-go/internal/httpapi/management.go:317.30,320.4 2 0
github.com/auucoder/gptgrok2api-go/internal/httpapi/management.go:321.3,322.9 2 0
github.com/auucoder/gptgrok2api-go/internal/httpapi/management.go:324.2,324.32 1 0
github.com/auucoder/gptgrok2api-go/internal/httpapi/management.go:324.32,326.10 2 0
github.com/auucoder/gptgrok2api-go/internal/httpapi/management.go:326.10,329.4 2 0
github.com/auucoder/gptgrok2api-go/internal/httpapi/management.go:330.3,331.9 2 0
github.com/auucoder/gptgrok2api-go/internal/httpapi/management.go:333.2,333.91 1 0
github.com/auucoder/gptgrok2api-go/internal/httpapi/management.go:336.72,337.27 1 0
github.com/auucoder/gptgrok2api-go/internal/httpapi/management.go:337.27,339.3 1 0
github.com/auucoder/gptgrok2api-go/internal/httpapi/management.go:340.2,342.18 3 0
github.com/auucoder/gptgrok2api-go/internal/httpapi/management.go:343.22,344.58 1 0
github.com/auucoder/gptgrok2api-go/internal/httpapi/management.go:345.23,347.34 2 0
github.com/auucoder/gptgrok2api-go/internal/httpapi/management.go:347.34,349.4 1 0
github.com/auucoder/gptgrok2api-go/internal/httpapi/management.go:350.3,351.15 2 0
github.com/auucoder/gptgrok2api-go/internal/httpapi/management.go:351.15,353.4 1 0
github.com/auucoder/gptgrok2api-go/internal/httpapi/management.go:354.3,357.33 4 0
github.com/auucoder/gptgrok2api-go/internal/httpapi/management.go:357.33,358.37 1 0
github.com/auucoder/gptgrok2api-go/internal/httpapi/management.go:358.37,361.5 2 0
github.com/auucoder/gptgrok2api-go/internal/httpapi/management.go:361.10,363.5 1 0
github.com/auucoder/gptgrok2api-go/internal/httpapi/management.go:365.3,365.16 1 0
github.com/auucoder/gptgrok2api-go/internal/httpapi/management.go:365.16,367.4 1 0
github.com/auucoder/gptgrok2api-go/internal/httpapi/management.go:368.3,369.17 2 0
github.com/auucoder/gptgrok2api-go/internal/httpapi/management.go:369.17,372.4 2 0
github.com/auucoder/gptgrok2api-go/internal/httpapi/management.go:373.3,373.104 1 0
github.com/auucoder/gptgrok2api-go/internal/httpapi/management.go:374.10,375.68 1 0
github.com/auucoder/gptgrok2api-go/internal/httpapi/management.go:379.70,380.27 1 0
github.com/auucoder/gptgrok2api-go/internal/httpapi/management.go:380.27,382.3 1 0
github.com/auucoder/gptgrok2api-go/internal/httpapi/management.go:383.2,385.32 3 0
github.com/auucoder/gptgrok2api-go/internal/httpapi/management.go:385.32,388.3 2 0
github.com/auucoder/gptgrok2api-go/internal/httpapi/management.go:389.2,389.33 1 0
github.com/auucoder/gptgrok2api-go/internal/httpapi/management.go:389.33,392.3 2 0
github.com/auucoder/gptgrok2api-go/internal/httpapi/management.go:393.2,394.33 2 0
github.com/auucoder/gptgrok2api-go/internal/httpapi/management.go:394.33,396.3 1 0
github.com/auucoder/gptgrok2api-go/internal/httpapi/management.go:397.2,398.14 2 0
github.com/auucoder/gptgrok2api-go/internal/httpapi/management.go:398.14,400.3 1 0
github.com/auucoder/gptgrok2api-go/internal/httpapi/management.go:401.2,404.30 4 0
github.com/auucoder/gptgrok2api-go/internal/httpapi/management.go:404.30,405.36 1 0
github.com/auucoder/gptgrok2api-go/internal/httpapi/management.go:405.36,408.4 2 0
github.com/auucoder/gptgrok2api-go/internal/httpapi/management.go:408.9,410.4 1 0
github.com/auucoder/gptgrok2api-go/internal/httpapi/management.go:412.2,412.12 1 0
github.com/auucoder/gptgrok2api-go/internal/httpapi/management.go:412.12,414.3 1 0
github.com/auucoder/gptgrok2api-go/internal/httpapi/management.go:415.2,416.16 2 0
github.com/auucoder/gptgrok2api-go/internal/httpapi/management.go:416.16,419.3 2 0
github.com/auucoder/gptgrok2api-go/internal/httpapi/management.go:420.2,420.48 1 0
github.com/auucoder/gptgrok2api-go/internal/httpapi/management.go:420.48,423.3 2 0
github.com/auucoder/gptgrok2api-go/internal/httpapi/management.go:424.2,424.97 1 0
github.com/auucoder/gptgrok2api-go/internal/httpapi/management.go:427.70,428.27 1 0
github.com/auucoder/gptgrok2api-go/internal/httpapi/management.go:428.27,430.3 1 0
github.com/auucoder/gptgrok2api-go/internal/httpapi/management.go:431.2,431.136 1 0
github.com/auucoder/gptgrok2api-go/internal/httpapi/management.go:434.53,437.32 3 0
github.com/auucoder/gptgrok2api-go/internal/httpapi/management.go:437.32,438.20 1 0
github.com/auucoder/gptgrok2api-go/internal/httpapi/management.go:438.20,439.12 1 0
github.com/auucoder/gptgrok2api-go/internal/httpapi/management.go:441.3,442.17 2 0
github.com/auucoder/gptgrok2api-go/internal/httpapi/management.go:442.17,443.12 1 0
github.com/auucoder/gptgrok2api-go/internal/httpapi/management.go:445.3,445.198 1 0
github.com/auucoder/gptgrok2api-go/internal/httpapi/management.go:447.2,447.15 1 0
github.com/auucoder/gptgrok2api-go/internal/httpapi/management.go:449.44,452.32 3 0
github.com/auucoder/gptgrok2api-go/internal/httpapi/management.go:452.32,453.46 1 0
github.com/auucoder/gptgrok2api-go/internal/httpapi/management.go:453.46,454.59 1 0
github.com/auucoder/gptgrok2api-go/internal/httpapi/management.go:454.59,456.5 1 0
github.com/auucoder/gptgrok2api-go/internal/httpapi/management.go:459.2,459.14 1 0
github.com/auucoder/gptgrok2api-go/internal/httpapi/management.go:461.53,463.2 1 0
github.com/auucoder/gptgrok2api-go/internal/httpapi/media.go:58.45,58.65 1 1
github.com/auucoder/gptgrok2api-go/internal/httpapi/media.go:60.75,61.25 1 1
github.com/auucoder/gptgrok2api-go/internal/httpapi/media.go:61.25,63.3 1 0
github.com/auucoder/gptgrok2api-go/internal/httpapi/media.go:64.2,64.33 1 1
github.com/auucoder/gptgrok2api-go/internal/httpapi/media.go:64.33,67.3 2 0
github.com/auucoder/gptgrok2api-go/internal/httpapi/media.go:68.2,77.33 3 1
github.com/auucoder/gptgrok2api-go/internal/httpapi/media.go:77.33,79.3 1 0
github.com/auucoder/gptgrok2api-go/internal/httpapi/media.go:80.2,81.45 2 1
github.com/auucoder/gptgrok2api-go/internal/httpapi/media.go:81.45,84.3 2 0
github.com/auucoder/gptgrok2api-go/internal/httpapi/media.go:85.2,85.20 1 1
github.com/auucoder/gptgrok2api-go/internal/httpapi/media.go:85.20,87.3 1 0
github.com/auucoder/gptgrok2api-go/internal/httpapi/media.go:88.2,88.24 1 1
github.com/auucoder/gptgrok2api-go/internal/httpapi/media.go:88.24,90.3 1 1
github.com/auucoder/gptgrok2api-go/internal/httpapi/media.go:91.2,91.39 1 1
github.com/auucoder/gptgrok2api-go/internal/httpapi/media.go:91.39,93.3 1 1
github.com/auucoder/gptgrok2api-go/internal/httpapi/media.go:94.2,94.34 1 1
github.com/auucoder/gptgrok2api-go/internal/httpapi/media.go:94.34,96.3 1 0
github.com/auucoder/gptgrok2api-go/internal/httpapi/media.go:97.2,97.27 1 1
github.com/auucoder/gptgrok2api-go/internal/httpapi/media.go:97.27,99.3 1 1
github.com/auucoder/gptgrok2api-go/internal/httpapi/media.go:100.2,100.37 1 1
github.com/auucoder/gptgrok2api-go/internal/httpapi/media.go:100.37,103.3 2 0
github.com/auucoder/gptgrok2api-go/internal/httpapi/media.go:104.2,105.45 2 1
github.com/auucoder/gptgrok2api-go/internal/httpapi/media.go:105.45,108.3 2 0
github.com/auucoder/gptgrok2api-go/internal/httpapi/media.go:109.2,109.40 1 1
github.com/auucoder/gptgrok2api-go/internal/httpapi/media.go:109.40,110.55 1 0
github.com/auucoder/gptgrok2api-go/internal/httpapi/media.go:110.55,113.4 2 0
github.com/auucoder/gptgrok2api-go/internal/httpapi/media.go:114.8,114.48 1 1
github.com/auucoder/gptgrok2api-go/internal/httpapi/media.go:114.48,117.3 2 0
github.com/auucoder/gptgrok2api-go/internal/httpapi/media.go:118.2,118.39 1 1
github.com/auucoder/gptgrok2api-go/internal/httpapi/media.go:118.39,120.17 2 1
github.com/auucoder/gptgrok2api-go/internal/httpapi/media.go:120.17,123.4 2 0
github.com/auucoder/gptgrok2api-go/internal/httpapi/media.go:124.3,126.9 3 1
github.com/auucoder/gptgrok2api-go/internal/httpapi/media.go:128.2,131.16 4 0
github.com/auucoder/gptgrok2api-go/internal/httpapi/media.go:131.16,134.3 2 0
github.com/auucoder/gptgrok2api-go/internal/httpapi/media.go:135.2,140.48 6 0
github.com/auucoder/gptgrok2api-go/internal/httpapi/media.go:140.48,142.3 1 0
github.com/auucoder/gptgrok2api-go/internal/httpapi/media.go:142.8,145.3 2 0
github.com/auucoder/gptgrok2api-go/internal/httpapi/media.go:146.2,146.16 1 0
github.com/auucoder/gptgrok2api-go/internal/httpapi/media.go:146.16,150.3 3 0
github.com/auucoder/gptgrok2api-go/internal/httpapi/media.go:151.2,152.29 2 0
github.com/auucoder/gptgrok2api-go/internal/httpapi/media.go:152.29,154.3 1 0
github.com/auucoder/gptgrok2api-go/internal/httpapi/media.go:155.2,156.31 2 0
github.com/auucoder/gptgrok2api-go/internal/httpapi/media.go:156.31,159.24 3 0
github.com/auucoder/gptgrok2api-go/internal/httpapi/media.go:159.24,163.4 3 0
github.com/auucoder/gptgrok2api-go/internal/httpapi/media.go:164.3,167.29 4 0
github.com/auucoder/gptgrok2api-go/internal/httpapi/media.go:169.2,171.89 3 0
github.com/auucoder/gptgrok2api-go/internal/httpapi/media.go:174.228,175.15 1 1
github.com/auucoder/gptgrok2api-go/internal/httpapi/media.go:175.15,177.3 1 0
github.com/auucoder/gptgrok2api-go/internal/httpapi/media.go:178.2,188.29 8 1
github.com/auucoder/gptgrok2api-go/internal/httpapi/media.go:188.29,189.17 1 0
github.com/auucoder/gptgrok2api-go/internal/httpapi/media.go:189.17,191.4 1 0
github.com/auucoder/gptgrok2api-go/internal/httpapi/media.go:192.3,192.10 1 0
github.com/auucoder/gptgrok2api-go/internal/httpapi/media.go:193.21,193.21 0 0
github.com/auucoder/gptgrok2api-go/internal/httpapi/media.go:194.11,194.11 0 0
github.com/auucoder/gptgrok2api-go/internal/httpapi/media.go:197.2,197.41 1 1
github.com/auucoder/gptgrok2api-go/internal/httpapi/media.go:197.41,200.13 3 1
github.com/auucoder/gptgrok2api-go/internal/httpapi/media.go:200.13,203.22 3 1
github.com/auucoder/gptgrok2api-go/internal/httpapi/media.go:203.22,207.5 3 0
github.com/auucoder/gptgrok2api-go/internal/httpapi/media.go:208.4,210.65 3 1
github.com/auucoder/gptgrok2api-go/internal/httpapi/media.go:210.65,214.26 4 1
github.com/auucoder/gptgrok2api-go/internal/httpapi/media.go:214.26,218.6 3 0
github.com/auucoder/gptgrok2api-go/internal/httpapi/media.go:219.5,223.27 4 1
github.com/auucoder/gptgrok2api-go/internal/httpapi/media.go:223.27,227.61 4 0
github.com/auucoder/gptgrok2api-go/internal/httpapi/media.go:227.61,228.15 1 0
github.com/auucoder/gptgrok2api-go/internal/httpapi/media.go:230.6,232.12 3 0
github.com/auucoder/gptgrok2api-go/internal/httpapi/media.go:235.5,237.37 3 1
github.com/auucoder/gptgrok2api-go/internal/httpapi/media.go:237.37,239.20 2 1
github.com/auucoder/gptgrok2api-go/internal/httpapi/media.go:239.20,241.12 2 0
github.com/auucoder/gptgrok2api-go/internal/httpapi/media.go:243.6,248.11 3 1
github.com/auucoder/gptgrok2api-go/internal/httpapi/media.go:250.5,250.26 1 1
github.com/auucoder/gptgrok2api-go/internal/httpapi/media.go:250.26,254.60 4 0
github.com/auucoder/gptgrok2api-go/internal/httpapi/media.go:254.60,255.15 1 0
github.com/auucoder/gptgrok2api-go/internal/httpapi/media.go:257.6,259.12 3 0
github.com/auucoder/gptgrok2api-go/internal/httpapi/media.go:261.5,265.11 5 1
github.com/auucoder/gptgrok2api-go/internal/httpapi/media.go:269.2,270.9 2 1
github.com/auucoder/gptgrok2api-go/internal/httpapi/media.go:271.22,272.18 1 0
github.com/auucoder/gptgrok2api-go/internal/httpapi/media.go:273.10,273.10 0 1
github.com/auucoder/gptgrok2api-go/internal/httpapi/media.go:275.2,276.32 2 1
github.com/auucoder/gptgrok2api-go/internal/httpapi/media.go:276.32,278.3 1 1
github.com/auucoder/gptgrok2api-go/internal/httpapi/media.go:279.2,279.20 1 1
github.com/auucoder/gptgrok2api-go/internal/httpapi/media.go:279.20,281.3 1 0
github.com/auucoder/gptgrok2api-go/internal/httpapi/media.go:282.2,282.23 1 1
github.com/auucoder/gptgrok2api-go/internal/httpapi/media.go:282.23,284.3 1 0
github.com/auucoder/gptgrok2api-go/internal/httpapi/media.go:285.2,285.18 1 1
github.com/auucoder/gptgrok2api-go/internal/httpapi/media.go:288.75,289.25 1 1
github.com/auucoder/gptgrok2api-go/internal/httpapi/media.go:289.25,291.3 1 1
github.com/auucoder/gptgrok2api-go/internal/httpapi/media.go:292.2,293.27 2 1
github.com/auucoder/gptgrok2api-go/internal/httpapi/media.go:293.27,295.3 1 0
github.com/auucoder/gptgrok2api-go/internal/httpapi/media.go:296.2,296.27 1 1
github.com/auucoder/gptgrok2api-go/internal/httpapi/media.go:296.27,298.3 1 0
github.com/auucoder/gptgrok2api-go/internal/httpapi/media.go:299.2,299.14 1 1
github.com/auucoder/gptgrok2api-go/internal/httpapi/media.go:302.83,304.39 2 1
github.com/auucoder/gptgrok2api-go/internal/httpapi/media.go:304.39,306.3 1 1
github.com/auucoder/gptgrok2api-go/internal/httpapi/media.go:307.2,307.63 1 1
github.com/auucoder/gptgrok2api-go/internal/httpapi/media.go:307.63,309.3 1 0
github.com/auucoder/gptgrok2api-go/internal/httpapi/media.go:310.2,310.55 1 1
github.com/auucoder/gptgrok2api-go/internal/httpapi/media.go:310.55,312.65 2 1
github.com/auucoder/gptgrok2api-go/internal/httpapi/media.go:312.65,314.4 1 1
github.com/auucoder/gptgrok2api-go/internal/httpapi/media.go:315.3,315.67 1 1
github.com/auucoder/gptgrok2api-go/internal/httpapi/media.go:317.2,327.49 4 1
github.com/auucoder/gptgrok2api-go/internal/httpapi/media.go:327.49,328.54 1 1
github.com/auucoder/gptgrok2api-go/internal/httpapi/media.go:328.54,330.18 2 1
github.com/auucoder/gptgrok2api-go/internal/httpapi/media.go:330.18,332.5 1 0
github.com/auucoder/gptgrok2api-go/internal/httpapi/media.go:333.4,333.50 1 1
github.com/auucoder/gptgrok2api-go/internal/httpapi/media.go:335.3,335.39 1 1
github.com/auucoder/gptgrok2api-go/internal/httpapi/media.go:335.39,337.18 2 0
github.com/auucoder/gptgrok2api-go/internal/httpapi/media.go:337.18,339.5 1 0
github.com/auucoder/gptgrok2api-go/internal/httpapi/media.go:340.4,340.54 1 0
github.com/auucoder/gptgrok2api-go/internal/httpapi/media.go:343.2,343.21 1 1
github.com/auucoder/gptgrok2api-go/internal/httpapi/media.go:346.87,347.40 1 1
github.com/auucoder/gptgrok2api-go/internal/httpapi/media.go:347.40,349.3 1 1
github.com/auucoder/gptgrok2api-go/internal/httpapi/media.go:350.2,351.16 2 1
github.com/auucoder/gptgrok2api-go/internal/httpapi/media.go:351.16,353.3 1 0
github.com/auucoder/gptgrok2api-go/internal/httpapi/media.go:354.2,354.33 1 1
github.com/auucoder/gptgrok2api-go/internal/httpapi/media.go:354.33,356.3 1 0
github.com/auucoder/gptgrok2api-go/internal/httpapi/media.go:357.2,358.9 2 1
github.com/auucoder/gptgrok2api-go/internal/httpapi/media.go:358.9,360.3 1 0
github.com/auucoder/gptgrok2api-go/internal/httpapi/media.go:361.2,362.55 2 1
github.com/auucoder/gptgrok2api-go/internal/httpapi/media.go:362.55,364.3 1 1
github.com/auucoder/gptgrok2api-go/internal/httpapi/media.go:365.2,373.51 2 1
github.com/auucoder/gptgrok2api-go/internal/httpapi/media.go:373.51,374.79 1 1
github.com/auucoder/gptgrok2api-go/internal/httpapi/media.go:374.79,376.4 1 0
github.com/auucoder/gptgrok2api-go/internal/httpapi/media.go:378.2,378.49 1 1
github.com/auucoder/gptgrok2api-go/internal/httpapi/media.go:378.49,380.10 2 1
github.com/auucoder/gptgrok2api-go/internal/httpapi/media.go:380.10,381.12 1 1
github.com/auucoder/gptgrok2api-go/internal/httpapi/media.go:383.3,384.17 2 1
github.com/auucoder/gptgrok2api-go/internal/httpapi/media.go:384.17,386.4 1 0
github.com/auucoder/gptgrok2api-go/internal/httpapi/media.go:387.3,387.53 1 1
github.com/auucoder/gptgrok2api-go/internal/httpapi/media.go:389.2,389.21 1 1
github.com/auucoder/gptgrok2api-go/internal/httpapi/media.go:392.68,393.36 1 1
github.com/auucoder/gptgrok2api-go/internal/httpapi/media.go:393.36,394.37 1 1
github.com/auucoder/gptgrok2api-go/internal/httpapi/media.go:394.37,396.4 1 1
github.com/auucoder/gptgrok2api-go/internal/httpapi/media.go:398.2,398.11 1 1
github.com/auucoder/gptgrok2api-go/internal/httpapi/media.go:401.68,402.17 1 1
github.com/auucoder/gptgrok2api-go/internal/httpapi/media.go:402.17,404.3 1 0
github.com/auucoder/gptgrok2api-go/internal/httpapi/media.go:405.2,405.31 1 1
github.com/auucoder/gptgrok2api-go/internal/httpapi/media.go:405.31,406.32 1 1
github.com/auucoder/gptgrok2api-go/internal/httpapi/media.go:406.32,408.4 1 0
github.com/auucoder/gptgrok2api-go/internal/httpapi/media.go:409.3,409.43 1 1
github.com/auucoder/gptgrok2api-go/internal/httpapi/media.go:409.43,410.38 1 0
github.com/auucoder/gptgrok2api-go/internal/httpapi/media.go:410.38,412.5 1 0
github.com/auucoder/gptgrok2api-go/internal/httpapi/media.go:415.2,415.14 1 1
github.com/auucoder/gptgrok2api-go/internal/httpapi/media.go:418.96,420.16 2 1
github.com/auucoder/gptgrok2api-go/internal/httpapi/media.go:420.16,422.3 1 0
github.com/auucoder/gptgrok2api-go/internal/httpapi/media.go:423.2,425.20 3 1
github.com/auucoder/gptgrok2api-go/internal/httpapi/media.go:425.20,427.3 1 0
github.com/auucoder/gptgrok2api-go/internal/httpapi/media.go:428.2,428.19 1 1
github.com/auucoder/gptgrok2api-go/internal/httpapi/media.go:428.19,430.3 1 0
github.com/auucoder/gptgrok2api-go/internal/httpapi/media.go:431.2,431.43 1 1
github.com/auucoder/gptgrok2api-go/internal/httpapi/media.go:431.43,433.3 1 0
github.com/auucoder/gptgrok2api-go/internal/httpapi/media.go:434.2,435.20 2 1
github.com/auucoder/gptgrok2api-go/internal/httpapi/media.go:435.20,437.3 1 0
github.com/auucoder/gptgrok2api-go/internal/httpapi/media.go:438.2,438.20 1 1
github.com/auucoder/gptgrok2api-go/internal/httpapi/media.go:438.20,440.3 1 0
github.com/auucoder/gptgrok2api-go/internal/httpapi/media.go:441.2,441.132 1 1
github.com/auucoder/gptgrok2api-go/internal/httpapi/media.go:444.108,445.31 1 1
github.com/auucoder/gptgrok2api-go/internal/httpapi/media.go:446.11,447.18 1 0
github.com/auucoder/gptgrok2api-go/internal/httpapi/media.go:448.14,450.17 2 1
github.com/auucoder/gptgrok2api-go/internal/httpapi/media.go:450.17,452.4 1 0
github.com/auucoder/gptgrok2api-go/internal/httpapi/media.go:453.3,453.97 1 1
github.com/auucoder/gptgrok2api-go/internal/httpapi/media.go:453.97,455.52 2 0
github.com/auucoder/gptgrok2api-go/internal/httpapi/media.go:455.52,457.5 1 0
github.com/auucoder/gptgrok2api-go/internal/httpapi/media.go:459.3,460.17 2 1
github.com/auucoder/gptgrok2api-go/internal/httpapi/media.go:460.17,462.4 1 0
github.com/auucoder/gptgrok2api-go/internal/httpapi/media.go:463.3,463.49 1 1
github.com/auucoder/gptgrok2api-go/internal/httpapi/media.go:464.13,466.30 2 0
github.com/auucoder/gptgrok2api-go/internal/httpapi/media.go:466.30,468.18 2 0
github.com/auucoder/gptgrok2api-go/internal/httpapi/media.go:468.18,470.5 1 0
github.com/auucoder/gptgrok2api-go/internal/httpapi/media.go:471.4,471.38 1 0
github.com/auucoder/gptgrok2api-go/internal/httpapi/media.go:473.3,473.21 1 0
github.com/auucoder/gptgrok2api-go/internal/httpapi/media.go:474.22,475.69 1 1
github.com/auucoder/gptgrok2api-go/internal/httpapi/media.go:475.69,477.4 1 0
github.com/auucoder/gptgrok2api-go/internal/httpapi/media.go:478.3,478.106 1 1
github.com/auucoder/gptgrok2api-go/internal/httpapi/media.go:478.106,482.18 4 0
github.com/auucoder/gptgrok2api-go/internal/httpapi/media.go:482.18,484.5 1 0
github.com/auucoder/gptgrok2api-go/internal/httpapi/media.go:485.4,485.50 1 0
github.com/auucoder/gptgrok2api-go/internal/httpapi/media.go:487.3,488.22 2 1
github.com/auucoder/gptgrok2api-go/internal/httpapi/media.go:488.22,490.4 1 0
github.com/auucoder/gptgrok2api-go/internal/httpapi/media.go:491.3,491.50 1 1
github.com/auucoder/gptgrok2api-go/internal/httpapi/media.go:491.50,493.4 1 1
github.com/auucoder/gptgrok2api-go/internal/httpapi/media.go:494.3,494.47 1 1
github.com/auucoder/gptgrok2api-go/internal/httpapi/media.go:495.10,496.70 1 0
github.com/auucoder/gptgrok2api-go/internal/httpapi/media.go:500.109,502.9 2 1
github.com/auucoder/gptgrok2api-go/internal/httpapi/media.go:503.41,504.35 1 1
github.com/auucoder/gptgrok2api-go/internal/httpapi/media.go:505.83,506.42 1 0
github.com/auucoder/gptgrok2api-go/internal/httpapi/media.go:507.10,508.60 1 0
github.com/auucoder/gptgrok2api-go/internal/httpapi/media.go:512.74,514.9 2 1
github.com/auucoder/gptgrok2api-go/internal/httpapi/media.go:514.9,516.3 1 0
github.com/auucoder/gptgrok2api-go/internal/httpapi/media.go:517.2,518.20 2 1
github.com/auucoder/gptgrok2api-go/internal/httpapi/media.go:518.20,520.3 1 0
github.com/auucoder/gptgrok2api-go/internal/httpapi/media.go:521.2,521.61 1 1
github.com/auucoder/gptgrok2api-go/internal/httpapi/media.go:521.61,523.3 1 0
github.com/auucoder/gptgrok2api-go/internal/httpapi/media.go:524.2,526.58 3 1
github.com/auucoder/gptgrok2api-go/internal/httpapi/media.go:526.58,528.3 1 1
github.com/auucoder/gptgrok2api-go/internal/httpapi/media.go:528.8,532.3 3 0
github.com/auucoder/gptgrok2api-go/internal/httpapi/media.go:533.2,533.33 1 1
github.com/auucoder/gptgrok2api-go/internal/httpapi/media.go:533.33,535.3 1 0
github.com/auucoder/gptgrok2api-go/internal/httpapi/media.go:536.2,536.43 1 1
github.com/auucoder/gptgrok2api-go/internal/httpapi/media.go:536.43,538.3 1 0
github.com/auucoder/gptgrok2api-go/internal/httpapi/media.go:539.2,539.123 1 1
github.com/auucoder/gptgrok2api-go/internal/httpapi/media.go:542.93,547.16 5 0
github.com/auucoder/gptgrok2api-go/internal/httpapi/media.go:547.16,549.3 1 0
github.com/auucoder/gptgrok2api-go/internal/httpapi/media.go:550.2,550.33 1 0
github.com/auucoder/gptgrok2api-go/internal/httpapi/media.go:550.33,552.3 1 0
github.com/auucoder/gptgrok2api-go/internal/httpapi/media.go:553.2,553.43 1 0
github.com/auucoder/gptgrok2api-go/internal/httpapi/media.go:553.43,555.3 1 0
github.com/auucoder/gptgrok2api-go/internal/httpapi/media.go:556.2,556.65 1 0
github.com/auucoder/gptgrok2api-go/internal/httpapi/media.go:556.65,558.3 1 0
github.com/auucoder/gptgrok2api-go/internal/httpapi/media.go:559.2,559.20 1 0
github.com/auucoder/gptgrok2api-go/internal/httpapi/media.go:559.20,561.3 1 0
github.com/auucoder/gptgrok2api-go/internal/httpapi/media.go:562.2,562.125 1 0
github.com/auucoder/gptgrok2api-go/internal/httpapi/media.go:565.108,566.60 1 0
github.com/auucoder/gptgrok2api-go/internal/httpapi/media.go:566.60,568.3 1 0
github.com/auucoder/gptgrok2api-go/internal/httpapi/media.go:569.2,570.16 2 0
github.com/auucoder/gptgrok2api-go/internal/httpapi/media.go:570.16,572.3 1 0
github.com/auucoder/gptgrok2api-go/internal/httpapi/media.go:573.2,576.19 4 0
github.com/auucoder/gptgrok2api-go/internal/httpapi/media.go:576.19,578.3 1 0
github.com/auucoder/gptgrok2api-go/internal/httpapi/media.go:579.2,581.83 3 0
github.com/auucoder/gptgrok2api-go/internal/httpapi/media.go:581.83,582.19 1 0
github.com/auucoder/gptgrok2api-go/internal/httpapi/media.go:582.19,584.4 1 0
github.com/auucoder/gptgrok2api-go/internal/httpapi/media.go:585.3,585.81 1 0
github.com/auucoder/gptgrok2api-go/internal/httpapi/media.go:585.81,587.4 1 0
github.com/auucoder/gptgrok2api-go/internal/httpapi/media.go:588.3,588.30 1 0
github.com/auucoder/gptgrok2api-go/internal/httpapi/media.go:588.30,590.4 1 0
github.com/auucoder/gptgrok2api-go/internal/httpapi/media.go:591.3,591.13 1 0
github.com/auucoder/gptgrok2api-go/internal/httpapi/media.go:593.2,594.16 2 0
github.com/auucoder/gptgrok2api-go/internal/httpapi/media.go:594.16,596.3 1 0
github.com/auucoder/gptgrok2api-go/internal/httpapi/media.go:597.2,598.61 2 0
github.com/auucoder/gptgrok2api-go/internal/httpapi/media.go:598.61,600.3 1 0
github.com/auucoder/gptgrok2api-go/internal/httpapi/media.go:601.2,602.33 2 0
github.com/auucoder/gptgrok2api-go/internal/httpapi/media.go:602.33,604.3 1 0
github.com/auucoder/gptgrok2api-go/internal/httpapi/media.go:605.2,605.43 1 0
github.com/auucoder/gptgrok2api-go/internal/httpapi/media.go:605.43,607.3 1 0
github.com/auucoder/gptgrok2api-go/internal/httpapi/media.go:608.2,610.99 3 0
github.com/auucoder/gptgrok2api-go/internal/httpapi/media.go:610.99,612.21 2 0
github.com/auucoder/gptgrok2api-go/internal/httpapi/media.go:612.21,614.4 1 0
github.com/auucoder/gptgrok2api-go/internal/httpapi/media.go:616.2,616.44 1 0
github.com/auucoder/gptgrok2api-go/internal/httpapi/media.go:616.44,618.3 1 0
github.com/auucoder/gptgrok2api-go/internal/httpapi/media.go:619.2,619.147 1 0
github.com/auucoder/gptgrok2api-go/internal/httpapi/media.go:622.71,624.100 2 1
github.com/auucoder/gptgrok2api-go/internal/httpapi/media.go:624.100,626.3 1 0
github.com/auucoder/gptgrok2api-go/internal/httpapi/media.go:627.2,627.24 1 1
github.com/auucoder/gptgrok2api-go/internal/httpapi/media.go:627.24,629.3 1 0
github.com/auucoder/gptgrok2api-go/internal/httpapi/media.go:630.2,630.29 1 1
github.com/auucoder/gptgrok2api-go/internal/httpapi/media.go:630.29,632.3 1 0
github.com/auucoder/gptgrok2api-go/internal/httpapi/media.go:633.2,634.74 2 1
github.com/auucoder/gptgrok2api-go/internal/httpapi/media.go:634.74,636.3 1 1
github.com/auucoder/gptgrok2api-go/internal/httpapi/media.go:637.2,638.54 2 1
github.com/auucoder/gptgrok2api-go/internal/httpapi/media.go:638.54,640.3 1 1
github.com/auucoder/gptgrok2api-go/internal/httpapi/media.go:640.8,642.46 2 0
github.com/auucoder/gptgrok2api-go/internal/httpapi/media.go:642.46,644.4 1 0
github.com/auucoder/gptgrok2api-go/internal/httpapi/media.go:645.3,645.33 1 0
github.com/auucoder/gptgrok2api-go/internal/httpapi/media.go:645.33,647.4 1 0
github.com/auucoder/gptgrok2api-go/internal/httpapi/media.go:649.2,649.36 1 1
github.com/auucoder/gptgrok2api-go/internal/httpapi/media.go:649.36,650.37 1 1
github.com/auucoder/gptgrok2api-go/internal/httpapi/media.go:650.37,652.4 1 1
github.com/auucoder/gptgrok2api-go/internal/httpapi/media.go:654.2,654.12 1 1
github.com/auucoder/gptgrok2api-go/internal/httpapi/media.go:657.35,658.86 1 1
github.com/auucoder/gptgrok2api-go/internal/httpapi/media.go:659.32,660.14 1 0
github.com/auucoder/gptgrok2api-go/internal/httpapi/media.go:661.10,662.15 1 1
github.com/auucoder/gptgrok2api-go/internal/httpapi/media.go:666.48,667.215 1 1
github.com/auucoder/gptgrok2api-go/internal/httpapi/media.go:667.215,669.3 1 1
github.com/auucoder/gptgrok2api-go/internal/httpapi/media.go:670.2,671.43 2 1
github.com/auucoder/gptgrok2api-go/internal/httpapi/media.go:674.65,676.69 2 1
github.com/auucoder/gptgrok2api-go/internal/httpapi/media.go:676.69,678.3 1 0
github.com/auucoder/gptgrok2api-go/internal/httpapi/media.go:679.2,679.39 1 1
github.com/auucoder/gptgrok2api-go/internal/httpapi/media.go:679.39,680.111 1 1
github.com/auucoder/gptgrok2api-go/internal/httpapi/media.go:680.111,682.4 1 1
github.com/auucoder/gptgrok2api-go/internal/httpapi/media.go:683.3,683.13 1 0
github.com/auucoder/gptgrok2api-go/internal/httpapi/media.go:685.2,686.16 2 1
github.com/auucoder/gptgrok2api-go/internal/httpapi/media.go:686.16,688.3 1 0
github.com/auucoder/gptgrok2api-go/internal/httpapi/media.go:689.2,689.30 1 1
github.com/auucoder/gptgrok2api-go/internal/httpapi/media.go:689.30,691.3 1 0
github.com/auucoder/gptgrok2api-go/internal/httpapi/media.go:692.2,692.13 1 1
github.com/auucoder/gptgrok2api-go/internal/httpapi/media.go:695.56,696.77 1 1
github.com/auucoder/gptgrok2api-go/internal/httpapi/media.go:697.33,698.16 1 0
github.com/auucoder/gptgrok2api-go/internal/httpapi/media.go:699.20,700.17 1 0
github.com/auucoder/gptgrok2api-go/internal/httpapi/media.go:701.19,702.16 1 0
github.com/auucoder/gptgrok2api-go/internal/httpapi/media.go:703.10,704.16 1 1
github.com/auucoder/gptgrok2api-go/internal/httpapi/media.go:708.69,709.25 1 0
github.com/auucoder/gptgrok2api-go/internal/httpapi/media.go:709.25,711.3 1 0
github.com/auucoder/gptgrok2api-go/internal/httpapi/media.go:712.2,712.33 1 0
github.com/auucoder/gptgrok2api-go/internal/httpapi/media.go:712.33,715.3 2 0
github.com/auucoder/gptgrok2api-go/internal/httpapi/media.go:716.2,718.16 3 0
github.com/auucoder/gptgrok2api-go/internal/httpapi/media.go:718.16,721.62 3 0
github.com/auucoder/gptgrok2api-go/internal/httpapi/media.go:721.62,723.4 1 0
github.com/auucoder/gptgrok2api-go/internal/httpapi/media.go:724.3,725.9 2 0
github.com/auucoder/gptgrok2api-go/internal/httpapi/media.go:727.2,729.21 3 0
github.com/auucoder/gptgrok2api-go/internal/httpapi/media.go:729.21,731.3 1 0
github.com/auucoder/gptgrok2api-go/internal/httpapi/media.go:732.2,733.18 2 0
github.com/auucoder/gptgrok2api-go/internal/httpapi/media.go:733.18,736.3 2 0
github.com/auucoder/gptgrok2api-go/internal/httpapi/media.go:737.2,738.12 2 0
github.com/auucoder/gptgrok2api-go/internal/httpapi/media.go:738.12,740.3 1 0
github.com/auucoder/gptgrok2api-go/internal/httpapi/media.go:741.2,741.11 1 0
github.com/auucoder/gptgrok2api-go/internal/httpapi/media.go:741.11,744.3 2 0
github.com/auucoder/gptgrok2api-go/internal/httpapi/media.go:745.2,745.127 1 0
github.com/auucoder/gptgrok2api-go/internal/httpapi/media.go:745.127,748.3 2 0
github.com/auucoder/gptgrok2api-go/internal/httpapi/media.go:749.2,749.130 1 0
github.com/auucoder/gptgrok2api-go/internal/httpapi/media.go:749.130,752.3 2 0
github.com/auucoder/gptgrok2api-go/internal/httpapi/media.go:753.2,753.21 1 0
github.com/auucoder/gptgrok2api-go/internal/httpapi/media.go:753.21,756.3 2 0
github.com/auucoder/gptgrok2api-go/internal/httpapi/media.go:757.2,758.22 2 0
github.com/auucoder/gptgrok2api-go/internal/httpapi/media.go:758.22,761.3 2 0
github.com/auucoder/gptgrok2api-go/internal/httpapi/media.go:762.2,762.21 1 0
github.com/auucoder/gptgrok2api-go/internal/httpapi/media.go:762.21,764.3 1 0
github.com/auucoder/gptgrok2api-go/internal/httpapi/media.go:765.2,765.35 1 0
github.com/auucoder/gptgrok2api-go/internal/httpapi/media.go:765.35,767.17 2 0
github.com/auucoder/gptgrok2api-go/internal/httpapi/media.go:767.17,769.4 1 0
github.com/auucoder/gptgrok2api-go/internal/httpapi/media.go:770.3,772.17 3 0
github.com/auucoder/gptgrok2api-go/internal/httpapi/media.go:772.17,775.4 2 0
github.com/auucoder/gptgrok2api-go/internal/httpapi/media.go:776.3,777.9 2 0
github.com/auucoder/gptgrok2api-go/internal/httpapi/media.go:779.2,780.16 2 0
github.com/auucoder/gptgrok2api-go/internal/httpapi/media.go:780.16,783.3 2 0
github.com/auucoder/gptgrok2api-go/internal/httpapi/media.go:784.2,786.31 3 0
github.com/auucoder/gptgrok2api-go/internal/httpapi/media.go:786.31,788.23 2 0
github.com/auucoder/gptgrok2api-go/internal/httpapi/media.go:788.23,792.4 3 0
github.com/auucoder/gptgrok2api-go/internal/httpapi/media.go:793.3,794.16 2 0
github.com/auucoder/gptgrok2api-go/internal/httpapi/media.go:794.16,797.4 2 0
github.com/auucoder/gptgrok2api-go/internal/httpapi/media.go:798.3,798.27 1 0
github.com/auucoder/gptgrok2api-go/internal/httpapi/media.go:800.2,801.16 2 0
github.com/auucoder/gptgrok2api-go/internal/httpapi/media.go:801.16,805.3 3 0
github.com/auucoder/gptgrok2api-go/internal/httpapi/media.go:806.2,808.20 3 0
github.com/auucoder/gptgrok2api-go/internal/httpapi/media.go:808.20,811.3 2 0
github.com/auucoder/gptgrok2api-go/internal/httpapi/media.go:812.2,813.16 2 0
github.com/auucoder/gptgrok2api-go/internal/httpapi/media.go:813.16,817.3 3 0
github.com/auucoder/gptgrok2api-go/internal/httpapi/media.go:818.2,820.22 3 0
github.com/auucoder/gptgrok2api-go/internal/httpapi/media.go:820.22,823.3 2 0
github.com/auucoder/gptgrok2api-go/internal/httpapi/media.go:824.2,826.56 3 0
github.com/auucoder/gptgrok2api-go/internal/httpapi/media.go:826.56,828.24 2 0
github.com/auucoder/gptgrok2api-go/internal/httpapi/media.go:828.24,831.4 2 0
github.com/auucoder/gptgrok2api-go/internal/httpapi/media.go:832.3,833.29 2 0
github.com/auucoder/gptgrok2api-go/internal/httpapi/media.go:835.2,836.89 2 0
github.com/auucoder/gptgrok2api-go/internal/httpapi/media.go:839.45,841.2 1 1
github.com/auucoder/gptgrok2api-go/internal/httpapi/media.go:843.68,845.2 1 0
github.com/auucoder/gptgrok2api-go/internal/httpapi/media.go:847.98,848.14 1 1
github.com/auucoder/gptgrok2api-go/internal/httpapi/media.go:848.14,850.3 1 0
github.com/auucoder/gptgrok2api-go/internal/httpapi/media.go:851.2,851.86 1 1
github.com/auucoder/gptgrok2api-go/internal/httpapi/media.go:851.86,868.10 3 1
github.com/auucoder/gptgrok2api-go/internal/httpapi/media.go:868.10,870.4 1 0
github.com/auucoder/gptgrok2api-go/internal/httpapi/media.go:871.3,871.103 1 1
github.com/auucoder/gptgrok2api-go/internal/httpapi/media.go:873.2,873.67 1 1
github.com/auucoder/gptgrok2api-go/internal/httpapi/media.go:873.67,876.18 3 1
github.com/auucoder/gptgrok2api-go/internal/httpapi/media.go:876.18,879.4 2 1
github.com/auucoder/gptgrok2api-go/internal/httpapi/media.go:879.9,883.30 4 0
github.com/auucoder/gptgrok2api-go/internal/httpapi/media.go:883.30,889.5 5 0
github.com/auucoder/gptgrok2api-go/internal/httpapi/media.go:891.3,891.34 1 1
github.com/auucoder/gptgrok2api-go/internal/httpapi/media.go:895.46,897.15 2 1
github.com/auucoder/gptgrok2api-go/internal/httpapi/media.go:897.15,899.3 1 1
github.com/auucoder/gptgrok2api-go/internal/httpapi/media.go:900.2,901.43 2 1
github.com/auucoder/gptgrok2api-go/internal/httpapi/media.go:901.43,903.3 1 0
github.com/auucoder/gptgrok2api-go/internal/httpapi/media.go:904.2,904.25 1 1
github.com/auucoder/gptgrok2api-go/internal/httpapi/media.go:904.25,906.3 1 1
github.com/auucoder/gptgrok2api-go/internal/httpapi/media.go:907.2,907.50 1 0
github.com/auucoder/gptgrok2api-go/internal/httpapi/media.go:910.68,912.2 1 0
github.com/auucoder/gptgrok2api-go/internal/httpapi/media.go:914.92,916.36 2 0
github.com/auucoder/gptgrok2api-go/internal/httpapi/media.go:916.36,919.3 2 0
github.com/auucoder/gptgrok2api-go/internal/httpapi/media.go:920.2,921.32 2 0
github.com/auucoder/gptgrok2api-go/internal/httpapi/media.go:921.32,922.64 1 0
github.com/auucoder/gptgrok2api-go/internal/httpapi/media.go:922.64,924.29 2 0
github.com/auucoder/gptgrok2api-go/internal/httpapi/media.go:924.29,925.13 1 0
github.com/auucoder/gptgrok2api-go/internal/httpapi/media.go:927.4,927.23 1 0
github.com/auucoder/gptgrok2api-go/internal/httpapi/media.go:927.23,929.5 1 0
github.com/auucoder/gptgrok2api-go/internal/httpapi/media.go:929.10,931.5 1 0
github.com/auucoder/gptgrok2api-go/internal/httpapi/media.go:932.4,933.10 2 0
github.com/auucoder/gptgrok2api-go/internal/httpapi/media.go:936.2,936.73 1 0
github.com/auucoder/gptgrok2api-go/internal/httpapi/media.go:939.44,940.44 1 0
github.com/auucoder/gptgrok2api-go/internal/httpapi/media.go:940.44,942.3 1 0
github.com/auucoder/gptgrok2api-go/internal/httpapi/media.go:943.2,943.35 1 0
github.com/auucoder/gptgrok2api-go/internal/httpapi/media.go:946.48,948.2 1 1
github.com/auucoder/gptgrok2api-go/internal/httpapi/media.go:950.45,952.36 2 1
github.com/auucoder/gptgrok2api-go/internal/httpapi/media.go:952.36,954.3 1 0
github.com/auucoder/gptgrok2api-go/internal/httpapi/media.go:955.2,956.21 2 1
github.com/auucoder/gptgrok2api-go/internal/httpapi/media.go:956.21,958.3 1 1
github.com/auucoder/gptgrok2api-go/internal/httpapi/media.go:959.2,961.49 3 1
github.com/auucoder/gptgrok2api-go/internal/httpapi/media.go:964.53,966.16 2 1
github.com/auucoder/gptgrok2api-go/internal/httpapi/media.go:967.71,968.14 1 0
github.com/auucoder/gptgrok2api-go/internal/httpapi/media.go:972.2,972.66 1 1
github.com/auucoder/gptgrok2api-go/internal/httpapi/media.go:975.66,980.21 5 0
github.com/auucoder/gptgrok2api-go/internal/httpapi/media.go:980.21,982.21 2 0
github.com/auucoder/gptgrok2api-go/internal/httpapi/media.go:982.21,983.9 1 0
github.com/auucoder/gptgrok2api-go/internal/httpapi/media.go:985.3,985.32 1 0
github.com/auucoder/gptgrok2api-go/internal/httpapi/media.go:985.32,986.72 1 0
github.com/auucoder/gptgrok2api-go/internal/httpapi/media.go:986.72,987.13 1 0
github.com/auucoder/gptgrok2api-go/internal/httpapi/media.go:989.4,990.42 2 0
github.com/auucoder/gptgrok2api-go/internal/httpapi/media.go:990.42,992.5 1 0
github.com/auucoder/gptgrok2api-go/internal/httpapi/media.go:993.4,993.35 1 0
github.com/auucoder/gptgrok2api-go/internal/httpapi/media.go:993.35,996.5 2 0
github.com/auucoder/gptgrok2api-go/internal/httpapi/media.go:999.2,999.16 1 0
github.com/auucoder/gptgrok2api-go/internal/httpapi/media.go:1002.48,1003.77 1 1
github.com/auucoder/gptgrok2api-go/internal/httpapi/media.go:1003.77,1004.67 1 1
github.com/auucoder/gptgrok2api-go/internal/httpapi/media.go:1004.67,1006.4 1 1
github.com/auucoder/gptgrok2api-go/internal/httpapi/media.go:1008.2,1009.25 2 1
github.com/auucoder/gptgrok2api-go/internal/httpapi/media.go:1009.25,1010.86 1 0
github.com/auucoder/gptgrok2api-go/internal/httpapi/media.go:1010.86,1012.4 1 0
github.com/auucoder/gptgrok2api-go/internal/httpapi/media.go:1014.2,1015.25 2 1
github.com/auucoder/gptgrok2api-go/internal/httpapi/media.go:1015.25,1017.3 1 0
github.com/auucoder/gptgrok2api-go/internal/httpapi/media.go:1018.2,1018.16 1 1
github.com/auucoder/gptgrok2api-go/internal/httpapi/media.go:1018.16,1020.3 1 1
github.com/auucoder/gptgrok2api-go/internal/httpapi/media.go:1021.2,1021.16 1 1
github.com/auucoder/gptgrok2api-go/internal/httpapi/media.go:1021.16,1023.26 2 1
github.com/auucoder/gptgrok2api-go/internal/httpapi/media.go:1023.26,1025.4 1 0
github.com/auucoder/gptgrok2api-go/internal/httpapi/media.go:1026.3,1026.19 1 1
github.com/auucoder/gptgrok2api-go/internal/httpapi/media.go:1026.19,1028.20 2 1
github.com/auucoder/gptgrok2api-go/internal/httpapi/media.go:1028.20,1030.5 1 0
github.com/auucoder/gptgrok2api-go/internal/httpapi/media.go:1032.3,1033.26 2 1
github.com/auucoder/gptgrok2api-go/internal/httpapi/media.go:1033.26,1035.4 1 0
github.com/auucoder/gptgrok2api-go/internal/httpapi/media.go:1036.3,1037.22 2 1
github.com/auucoder/gptgrok2api-go/internal/httpapi/media.go:1037.22,1039.4 1 0
github.com/auucoder/gptgrok2api-go/internal/httpapi/media.go:1040.3,1041.70 2 1
github.com/auucoder/gptgrok2api-go/internal/httpapi/media.go:1041.70,1043.4 1 1
github.com/auucoder/gptgrok2api-go/internal/httpapi/media.go:1045.2,1045.11 1 1
github.com/auucoder/gptgrok2api-go/internal/httpapi/media.go:1048.50,1050.17 2 1
github.com/auucoder/gptgrok2api-go/internal/httpapi/media.go:1050.17,1052.3 1 1
github.com/auucoder/gptgrok2api-go/internal/httpapi/media.go:1053.2,1054.172 2 1
github.com/auucoder/gptgrok2api-go/internal/httpapi/media.go:1054.172,1056.3 1 0
github.com/auucoder/gptgrok2api-go/internal/httpapi/media.go:1057.2,1057.48 1 1
github.com/auucoder/gptgrok2api-go/internal/httpapi/media.go:1060.36,1061.97 1 1
github.com/auucoder/gptgrok2api-go/internal/httpapi/media.go:1061.97,1062.61 1 1
github.com/auucoder/gptgrok2api-go/internal/httpapi/media.go:1063.33,1064.15 1 0
github.com/auucoder/gptgrok2api-go/internal/httpapi/media.go:1067.2,1067.14 1 1
github.com/auucoder/gptgrok2api-go/internal/httpapi/media.go:1070.50,1072.115 2 1
github.com/auucoder/gptgrok2api-go/internal/httpapi/media.go:1072.115,1074.3 1 0
github.com/auucoder/gptgrok2api-go/internal/httpapi/media.go:1075.2,1075.54 1 1
github.com/auucoder/gptgrok2api-go/internal/httpapi/media.go:1075.54,1077.3 1 1
github.com/auucoder/gptgrok2api-go/internal/httpapi/media.go:1078.2,1078.14 1 1
github.com/auucoder/gptgrok2api-go/internal/httpapi/media.go:1081.63,1082.27 1 0
github.com/auucoder/gptgrok2api-go/internal/httpapi/media.go:1082.27,1084.18 2 0
github.com/auucoder/gptgrok2api-go/internal/httpapi/media.go:1084.18,1085.12 1 0
github.com/auucoder/gptgrok2api-go/internal/httpapi/media.go:1087.3,1087.35 1 0
github.com/auucoder/gptgrok2api-go/internal/httpapi/media.go:1087.35,1089.4 1 0
github.com/auucoder/gptgrok2api-go/internal/httpapi/media.go:1090.3,1090.15 1 0
github.com/auucoder/gptgrok2api-go/internal/httpapi/media.go:1092.2,1092.11 1 0
github.com/auucoder/gptgrok2api-go/internal/httpapi/media.go:1095.48,1097.33 2 0
github.com/auucoder/gptgrok2api-go/internal/httpapi/media.go:1097.33,1099.3 1 0
github.com/auucoder/gptgrok2api-go/internal/httpapi/media.go:1100.2,1100.110 1 0
github.com/auucoder/gptgrok2api-go/internal/httpapi/media.go:1100.110,1102.3 1 0
github.com/auucoder/gptgrok2api-go/internal/httpapi/media.go:1103.2,1103.36 1 0
github.com/auucoder/gptgrok2api-go/internal/httpapi/media.go:1103.36,1105.3 1 0
github.com/auucoder/gptgrok2api-go/internal/httpapi/media.go:1106.2,1106.38 1 0
github.com/auucoder/gptgrok2api-go/internal/httpapi/media.go:1109.52,1111.18 2 0
github.com/auucoder/gptgrok2api-go/internal/httpapi/media.go:1111.18,1113.3 1 0
github.com/auucoder/gptgrok2api-go/internal/httpapi/media.go:1114.2,1115.21 2 0
github.com/auucoder/gptgrok2api-go/internal/httpapi/media.go:1115.21,1117.3 1 0
github.com/auucoder/gptgrok2api-go/internal/httpapi/media.go:1118.2,1118.11 1 0
github.com/auucoder/gptgrok2api-go/internal/httpapi/media.go:1121.36,1122.46 1 1
github.com/auucoder/gptgrok2api-go/internal/httpapi/media.go:1122.46,1124.3 1 1
github.com/auucoder/gptgrok2api-go/internal/httpapi/media.go:1125.2,1126.57 2 1
github.com/auucoder/gptgrok2api-go/internal/httpapi/media.go:1126.57,1128.3 1 1
github.com/auucoder/gptgrok2api-go/internal/httpapi/media.go:1129.2,1129.30 1 0
github.com/auucoder/gptgrok2api-go/internal/httpapi/media.go:1132.27,1133.11 1 0
github.com/auucoder/gptgrok2api-go/internal/httpapi/media.go:1133.11,1135.3 1 0
github.com/auucoder/gptgrok2api-go/internal/httpapi/media.go:1136.2,1136.10 1 0
github.com/auucoder/gptgrok2api-go/internal/httpapi/media_metadata.go:16.86,18.18 2 1
github.com/auucoder/gptgrok2api-go/internal/httpapi/media_metadata.go:18.18,20.3 1 0
github.com/auucoder/gptgrok2api-go/internal/httpapi/media_metadata.go:21.2,22.16 2 1
github.com/auucoder/gptgrok2api-go/internal/httpapi/media_metadata.go:22.16,24.3 1 0
github.com/auucoder/gptgrok2api-go/internal/httpapi/media_metadata.go:25.2,26.14 2 1
github.com/auucoder/gptgrok2api-go/internal/httpapi/media_metadata.go:26.14,28.3 1 0
github.com/auucoder/gptgrok2api-go/internal/httpapi/media_metadata.go:29.2,31.32 3 1
github.com/auucoder/gptgrok2api-go/internal/httpapi/media_metadata.go:31.32,32.114 1 1
github.com/auucoder/gptgrok2api-go/internal/httpapi/media_metadata.go:32.114,34.9 2 1
github.com/auucoder/gptgrok2api-go/internal/httpapi/media_metadata.go:37.2,37.20 1 1
github.com/auucoder/gptgrok2api-go/internal/httpapi/media_metadata.go:37.20,39.3 1 0
github.com/auucoder/gptgrok2api-go/internal/httpapi/media_metadata.go:40.2,42.18 3 1
github.com/auucoder/gptgrok2api-go/internal/httpapi/media_metadata.go:42.18,43.49 1 1
github.com/auucoder/gptgrok2api-go/internal/httpapi/media_metadata.go:43.49,46.4 2 1
github.com/auucoder/gptgrok2api-go/internal/httpapi/media_metadata.go:48.2,52.86 5 1
github.com/auucoder/gptgrok2api-go/internal/httpapi/media_metadata.go:55.48,57.16 2 1
github.com/auucoder/gptgrok2api-go/internal/httpapi/media_metadata.go:57.16,59.3 1 1
github.com/auucoder/gptgrok2api-go/internal/httpapi/media_metadata.go:60.2,61.36 2 0
github.com/auucoder/gptgrok2api-go/internal/httpapi/media_metadata.go:61.36,63.3 1 0
github.com/auucoder/gptgrok2api-go/internal/httpapi/media_metadata.go:64.2,64.12 1 0
github.com/auucoder/gptgrok2api-go/internal/httpapi/messages.go:14.67,15.25 1 0
github.com/auucoder/gptgrok2api-go/internal/httpapi/messages.go:15.25,17.3 1 0
github.com/auucoder/gptgrok2api-go/internal/httpapi/messages.go:18.2,18.33 1 0
github.com/auucoder/gptgrok2api-go/internal/httpapi/messages.go:18.33,21.3 2 0
github.com/auucoder/gptgrok2api-go/internal/httpapi/messages.go:22.2,34.33 2 0
github.com/auucoder/gptgrok2api-go/internal/httpapi/messages.go:34.33,36.3 1 0
github.com/auucoder/gptgrok2api-go/internal/httpapi/messages.go:37.2,37.55 1 0
github.com/auucoder/gptgrok2api-go/internal/httpapi/messages.go:37.55,40.3 2 0
github.com/auucoder/gptgrok2api-go/internal/httpapi/messages.go:41.2,42.86 2 0
github.com/auucoder/gptgrok2api-go/internal/httpapi/messages.go:42.86,45.3 2 0
github.com/auucoder/gptgrok2api-go/internal/httpapi/messages.go:46.2,47.59 2 0
github.com/auucoder/gptgrok2api-go/internal/httpapi/messages.go:47.59,49.3 1 0
github.com/auucoder/gptgrok2api-go/internal/httpapi/messages.go:50.2,50.39 1 0
github.com/auucoder/gptgrok2api-go/internal/httpapi/messages.go:50.39,54.3 3 0
github.com/auucoder/gptgrok2api-go/internal/httpapi/messages.go:55.2,58.101 4 0
github.com/auucoder/gptgrok2api-go/internal/httpapi/messages.go:58.101,60.3 1 0
github.com/auucoder/gptgrok2api-go/internal/httpapi/messages.go:61.2,61.20 1 0
github.com/auucoder/gptgrok2api-go/internal/httpapi/messages.go:61.20,63.3 1 0
github.com/auucoder/gptgrok2api-go/internal/httpapi/messages.go:64.2,64.44 1 0
github.com/auucoder/gptgrok2api-go/internal/httpapi/messages.go:64.44,67.3 2 0
github.com/auucoder/gptgrok2api-go/internal/httpapi/messages.go:68.2,68.20 1 0
github.com/auucoder/gptgrok2api-go/internal/httpapi/messages.go:68.20,73.3 4 0
github.com/auucoder/gptgrok2api-go/internal/httpapi/messages.go:74.2,76.54 3 0
github.com/auucoder/gptgrok2api-go/internal/httpapi/messages.go:79.109,80.28 1 0
github.com/auucoder/gptgrok2api-go/internal/httpapi/messages.go:80.28,84.3 3 0
github.com/auucoder/gptgrok2api-go/internal/httpapi/messages.go:85.2,86.57 2 0
github.com/auucoder/gptgrok2api-go/internal/httpapi/messages.go:86.57,89.3 2 0
github.com/auucoder/gptgrok2api-go/internal/httpapi/messages.go:90.2,93.22 4 0
github.com/auucoder/gptgrok2api-go/internal/httpapi/messages.go:93.22,96.53 3 0
github.com/auucoder/gptgrok2api-go/internal/httpapi/messages.go:96.53,98.30 2 0
github.com/auucoder/gptgrok2api-go/internal/httpapi/messages.go:98.30,104.5 5 0
github.com/auucoder/gptgrok2api-go/internal/httpapi/messages.go:105.9,107.4 1 0
github.com/auucoder/gptgrok2api-go/internal/httpapi/messages.go:109.2,109.371 1 0
github.com/auucoder/gptgrok2api-go/internal/httpapi/messages.go:112.107,113.28 1 0
github.com/auucoder/gptgrok2api-go/internal/httpapi/messages.go:113.28,117.3 3 0
github.com/auucoder/gptgrok2api-go/internal/httpapi/messages.go:118.2,123.22 6 0
github.com/auucoder/gptgrok2api-go/internal/httpapi/messages.go:123.22,126.53 3 0
github.com/auucoder/gptgrok2api-go/internal/httpapi/messages.go:126.53,127.34 1 0
github.com/auucoder/gptgrok2api-go/internal/httpapi/messages.go:127.34,133.5 5 0
github.com/auucoder/gptgrok2api-go/internal/httpapi/messages.go:134.9,139.4 4 0
github.com/auucoder/gptgrok2api-go/internal/httpapi/messages.go:141.2,143.46 3 0
github.com/auucoder/gptgrok2api-go/internal/httpapi/messages.go:146.38,147.36 1 0
github.com/auucoder/gptgrok2api-go/internal/httpapi/messages.go:147.36,149.3 1 0
github.com/auucoder/gptgrok2api-go/internal/httpapi/messages.go:150.2,150.35 1 0
github.com/auucoder/gptgrok2api-go/internal/httpapi/messages.go:150.35,152.28 2 0
github.com/auucoder/gptgrok2api-go/internal/httpapi/messages.go:152.28,154.45 2 0
github.com/auucoder/gptgrok2api-go/internal/httpapi/messages.go:154.45,156.5 1 0
github.com/auucoder/gptgrok2api-go/internal/httpapi/messages.go:158.3,158.35 1 0
github.com/auucoder/gptgrok2api-go/internal/httpapi/messages.go:160.2,160.11 1 0
github.com/auucoder/gptgrok2api-go/internal/httpapi/messages.go:162.69,164.29 2 0
github.com/auucoder/gptgrok2api-go/internal/httpapi/messages.go:164.29,166.3 1 0
github.com/auucoder/gptgrok2api-go/internal/httpapi/messages.go:167.2,167.15 1 0
github.com/auucoder/gptgrok2api-go/internal/httpapi/messages.go:169.44,171.9 2 0
github.com/auucoder/gptgrok2api-go/internal/httpapi/messages.go:171.9,173.3 1 0
github.com/auucoder/gptgrok2api-go/internal/httpapi/messages.go:174.2,174.43 1 0
github.com/auucoder/gptgrok2api-go/internal/httpapi/messages.go:174.43,176.3 1 0
github.com/auucoder/gptgrok2api-go/internal/httpapi/messages.go:177.2,177.14 1 0
github.com/auucoder/gptgrok2api-go/internal/httpapi/messages.go:179.59,179.94 1 0
github.com/auucoder/gptgrok2api-go/internal/httpapi/messages.go:180.53,184.2 3 0
github.com/auucoder/gptgrok2api-go/internal/httpapi/migration_routes.go:25.69,26.32 1 1
github.com/auucoder/gptgrok2api-go/internal/httpapi/migration_routes.go:26.32,29.3 2 0
github.com/auucoder/gptgrok2api-go/internal/httpapi/migration_routes.go:30.2,46.23 7 1
github.com/auucoder/gptgrok2api-go/internal/httpapi/migration_routes.go:46.23,52.3 5 0
github.com/auucoder/gptgrok2api-go/internal/httpapi/migration_routes.go:53.2,53.25 1 1
github.com/auucoder/gptgrok2api-go/internal/httpapi/migration_routes.go:53.25,54.80 1 0
github.com/auucoder/gptgrok2api-go/internal/httpapi/migration_routes.go:54.80,57.4 2 0
github.com/auucoder/gptgrok2api-go/internal/httpapi/migration_routes.go:57.9,57.31 1 0
github.com/auucoder/gptgrok2api-go/internal/httpapi/migration_routes.go:57.31,60.4 2 0
github.com/auucoder/gptgrok2api-go/internal/httpapi/migration_routes.go:62.2,62.39 1 1
github.com/auucoder/gptgrok2api-go/internal/httpapi/migration_routes.go:65.111,66.19 1 1
github.com/auucoder/gptgrok2api-go/internal/httpapi/migration_routes.go:66.19,68.3 1 0
github.com/auucoder/gptgrok2api-go/internal/httpapi/migration_routes.go:69.2,70.16 2 1
github.com/auucoder/gptgrok2api-go/internal/httpapi/migration_routes.go:70.16,72.3 1 0
github.com/auucoder/gptgrok2api-go/internal/httpapi/migration_routes.go:73.2,76.16 4 1
github.com/auucoder/gptgrok2api-go/internal/httpapi/migration_routes.go:76.16,78.3 1 0
github.com/auucoder/gptgrok2api-go/internal/httpapi/migration_routes.go:79.2,80.61 2 1
github.com/auucoder/gptgrok2api-go/internal/httpapi/migration_routes.go:80.61,82.3 1 0
github.com/auucoder/gptgrok2api-go/internal/httpapi/migration_routes.go:83.2,84.16 2 1
github.com/auucoder/gptgrok2api-go/internal/httpapi/migration_routes.go:84.16,86.3 1 0
github.com/auucoder/gptgrok2api-go/internal/httpapi/migration_routes.go:87.2,87.44 1 1
github.com/auucoder/gptgrok2api-go/internal/httpapi/migration_routes.go:90.55,93.62 3 1
github.com/auucoder/gptgrok2api-go/internal/httpapi/migration_routes.go:93.62,95.24 2 1
github.com/auucoder/gptgrok2api-go/internal/httpapi/migration_routes.go:95.24,97.4 1 1
github.com/auucoder/gptgrok2api-go/internal/httpapi/migration_routes.go:98.3,98.25 1 1
github.com/auucoder/gptgrok2api-go/internal/httpapi/migration_routes.go:98.25,100.4 1 1
github.com/auucoder/gptgrok2api-go/internal/httpapi/migration_routes.go:101.3,101.30 1 1
github.com/auucoder/gptgrok2api-go/internal/httpapi/migration_routes.go:101.30,103.4 1 1
github.com/auucoder/gptgrok2api-go/internal/httpapi/migration_routes.go:105.2,105.14 1 1
github.com/auucoder/gptgrok2api-go/internal/httpapi/migration_routes.go:108.46,111.70 3 1
github.com/auucoder/gptgrok2api-go/internal/httpapi/migration_routes.go:111.70,111.99 1 1
github.com/auucoder/gptgrok2api-go/internal/httpapi/migration_routes.go:111.101,113.17 2 1
github.com/auucoder/gptgrok2api-go/internal/httpapi/migration_routes.go:113.17,115.4 1 1
github.com/auucoder/gptgrok2api-go/internal/httpapi/migration_routes.go:117.2,117.14 1 1
github.com/auucoder/gptgrok2api-go/internal/httpapi/migration_routes.go:120.76,121.35 1 1
github.com/auucoder/gptgrok2api-go/internal/httpapi/migration_routes.go:121.35,123.3 1 1
github.com/auucoder/gptgrok2api-go/internal/httpapi/migration_routes.go:124.2,124.33 1 1
github.com/auucoder/gptgrok2api-go/internal/httpapi/migration_routes.go:124.33,127.3 2 1
github.com/auucoder/gptgrok2api-go/internal/httpapi/migration_routes.go:128.2,134.33 2 0
github.com/auucoder/gptgrok2api-go/internal/httpapi/migration_routes.go:134.33,136.3 1 0
github.com/auucoder/gptgrok2api-go/internal/httpapi/migration_routes.go:137.2,137.58 1 0
github.com/auucoder/gptgrok2api-go/internal/httpapi/migration_routes.go:137.58,139.44 2 0
github.com/auucoder/gptgrok2api-go/internal/httpapi/migration_routes.go:139.44,141.4 1 0
github.com/auucoder/gptgrok2api-go/internal/httpapi/migration_routes.go:142.3,143.17 2 0
github.com/auucoder/gptgrok2api-go/internal/httpapi/migration_routes.go:143.17,146.4 2 0
github.com/auucoder/gptgrok2api-go/internal/httpapi/migration_routes.go:147.3,148.9 2 0
github.com/auucoder/gptgrok2api-go/internal/httpapi/migration_routes.go:150.2,151.73 2 0
github.com/auucoder/gptgrok2api-go/internal/httpapi/migration_routes.go:151.73,154.3 2 0
github.com/auucoder/gptgrok2api-go/internal/httpapi/migration_routes.go:155.2,156.16 2 0
github.com/auucoder/gptgrok2api-go/internal/httpapi/migration_routes.go:156.16,159.3 2 0
github.com/auucoder/gptgrok2api-go/internal/httpapi/migration_routes.go:160.2,160.42 1 0
github.com/auucoder/gptgrok2api-go/internal/httpapi/migration_routes.go:160.42,162.3 1 0
github.com/auucoder/gptgrok2api-go/internal/httpapi/migration_routes.go:163.2,164.16 2 0
github.com/auucoder/gptgrok2api-go/internal/httpapi/migration_routes.go:164.16,167.3 2 0
github.com/auucoder/gptgrok2api-go/internal/httpapi/migration_routes.go:168.2,169.53 2 0
github.com/auucoder/gptgrok2api-go/internal/httpapi/migration_routes.go:169.53,172.3 2 0
github.com/auucoder/gptgrok2api-go/internal/httpapi/migration_routes.go:173.2,174.16 2 0
github.com/auucoder/gptgrok2api-go/internal/httpapi/migration_routes.go:174.16,177.3 2 0
github.com/auucoder/gptgrok2api-go/internal/httpapi/migration_routes.go:178.2,179.54 2 0
github.com/auucoder/gptgrok2api-go/internal/httpapi/migration_routes.go:179.54,182.3 2 0
github.com/auucoder/gptgrok2api-go/internal/httpapi/migration_routes.go:183.2,184.30 2 0
github.com/auucoder/gptgrok2api-go/internal/httpapi/migration_routes.go:184.30,186.3 1 0
github.com/auucoder/gptgrok2api-go/internal/httpapi/migration_routes.go:187.2,188.16 2 0
github.com/auucoder/gptgrok2api-go/internal/httpapi/migration_routes.go:188.16,191.3 2 0
github.com/auucoder/gptgrok2api-go/internal/httpapi/migration_routes.go:192.2,192.113 1 0
github.com/auucoder/gptgrok2api-go/internal/httpapi/migration_routes.go:195.84,196.33 1 1
github.com/auucoder/gptgrok2api-go/internal/httpapi/migration_routes.go:196.33,198.3 1 0
github.com/auucoder/gptgrok2api-go/internal/httpapi/migration_routes.go:199.2,200.16 2 1
github.com/auucoder/gptgrok2api-go/internal/httpapi/migration_routes.go:200.16,204.167 4 1
github.com/auucoder/gptgrok2api-go/internal/httpapi/migration_routes.go:204.167,206.4 1 1
github.com/auucoder/gptgrok2api-go/internal/httpapi/migration_routes.go:208.2,209.14 2 1
github.com/auucoder/gptgrok2api-go/internal/httpapi/migration_routes.go:212.70,214.144 2 1
github.com/auucoder/gptgrok2api-go/internal/httpapi/migration_routes.go:214.144,216.3 1 1
github.com/auucoder/gptgrok2api-go/internal/httpapi/migration_routes.go:217.2,217.160 1 1
github.com/auucoder/gptgrok2api-go/internal/httpapi/migration_routes.go:217.160,219.3 1 1
github.com/auucoder/gptgrok2api-go/internal/httpapi/migration_routes.go:220.2,220.215 1 1
github.com/auucoder/gptgrok2api-go/internal/httpapi/migration_routes.go:220.215,222.3 1 1
github.com/auucoder/gptgrok2api-go/internal/httpapi/migration_routes.go:223.2,229.15 7 1
github.com/auucoder/gptgrok2api-go/internal/httpapi/migration_routes.go:232.68,236.24 4 0
github.com/auucoder/gptgrok2api-go/internal/httpapi/migration_routes.go:236.24,237.31 1 0
github.com/auucoder/gptgrok2api-go/internal/httpapi/migration_routes.go:238.14,239.32 1 0
github.com/auucoder/gptgrok2api-go/internal/httpapi/migration_routes.go:239.32,241.5 1 0
github.com/auucoder/gptgrok2api-go/internal/httpapi/migration_routes.go:242.23,243.108 1 0
github.com/auucoder/gptgrok2api-go/internal/httpapi/migration_routes.go:243.108,246.5 2 0
github.com/auucoder/gptgrok2api-go/internal/httpapi/migration_routes.go:247.4,247.73 1 0
github.com/auucoder/gptgrok2api-go/internal/httpapi/migration_routes.go:247.73,248.36 1 0
github.com/auucoder/gptgrok2api-go/internal/httpapi/migration_routes.go:248.36,250.6 1 0
github.com/auucoder/gptgrok2api-go/internal/httpapi/migration_routes.go:252.15,253.54 1 0
github.com/auucoder/gptgrok2api-go/internal/httpapi/migration_routes.go:253.54,255.5 1 0
github.com/auucoder/gptgrok2api-go/internal/httpapi/migration_routes.go:258.2,259.25 2 0
github.com/auucoder/gptgrok2api-go/internal/httpapi/migration_routes.go:262.69,263.27 1 0
github.com/auucoder/gptgrok2api-go/internal/httpapi/migration_routes.go:263.27,265.3 1 0
github.com/auucoder/gptgrok2api-go/internal/httpapi/migration_routes.go:266.2,266.33 1 0
github.com/auucoder/gptgrok2api-go/internal/httpapi/migration_routes.go:266.33,269.3 2 0
github.com/auucoder/gptgrok2api-go/internal/httpapi/migration_routes.go:270.2,270.58 1 0
github.com/auucoder/gptgrok2api-go/internal/httpapi/migration_routes.go:270.58,273.3 2 0
github.com/auucoder/gptgrok2api-go/internal/httpapi/migration_routes.go:274.2,275.16 2 0
github.com/auucoder/gptgrok2api-go/internal/httpapi/migration_routes.go:275.16,279.3 3 0
github.com/auucoder/gptgrok2api-go/internal/httpapi/migration_routes.go:280.2,280.16 1 0
github.com/auucoder/gptgrok2api-go/internal/httpapi/migration_routes.go:280.16,283.3 2 0
github.com/auucoder/gptgrok2api-go/internal/httpapi/migration_routes.go:284.2,284.105 1 0
github.com/auucoder/gptgrok2api-go/internal/httpapi/migration_routes.go:287.75,288.27 1 0
github.com/auucoder/gptgrok2api-go/internal/httpapi/migration_routes.go:288.27,290.3 1 0
github.com/auucoder/gptgrok2api-go/internal/httpapi/migration_routes.go:291.2,291.33 1 0
github.com/auucoder/gptgrok2api-go/internal/httpapi/migration_routes.go:291.33,294.3 2 0
github.com/auucoder/gptgrok2api-go/internal/httpapi/migration_routes.go:295.2,295.77 1 0
github.com/auucoder/gptgrok2api-go/internal/httpapi/migration_routes.go:295.77,296.55 1 0
github.com/auucoder/gptgrok2api-go/internal/httpapi/migration_routes.go:296.55,299.4 2 0
github.com/auucoder/gptgrok2api-go/internal/httpapi/migration_routes.go:301.2,301.77 1 0
github.com/auucoder/gptgrok2api-go/internal/httpapi/migration_routes.go:304.75,305.27 1 0
github.com/auucoder/gptgrok2api-go/internal/httpapi/migration_routes.go:305.27,307.3 1 0
github.com/auucoder/gptgrok2api-go/internal/httpapi/migration_routes.go:308.2,308.33 1 0
github.com/auucoder/gptgrok2api-go/internal/httpapi/migration_routes.go:308.33,311.3 2 0
github.com/auucoder/gptgrok2api-go/internal/httpapi/migration_routes.go:312.2,313.116 2 0
github.com/auucoder/gptgrok2api-go/internal/httpapi/migration_routes.go:316.75,318.2 1 0
github.com/auucoder/gptgrok2api-go/internal/httpapi/migration_routes.go:320.73,322.54 2 1
github.com/auucoder/gptgrok2api-go/internal/httpapi/migration_routes.go:322.54,326.3 3 1
github.com/auucoder/gptgrok2api-go/internal/httpapi/migration_routes.go:327.2,327.75 1 0
github.com/auucoder/gptgrok2api-go/internal/httpapi/migration_routes.go:330.115,331.27 1 0
github.com/auucoder/gptgrok2api-go/internal/httpapi/migration_routes.go:331.27,333.3 1 0
github.com/auucoder/gptgrok2api-go/internal/httpapi/migration_routes.go:334.2,335.35 2 0
github.com/auucoder/gptgrok2api-go/internal/httpapi/migration_routes.go:335.35,338.3 2 0
github.com/auucoder/gptgrok2api-go/internal/httpapi/migration_routes.go:339.2,340.16 2 0
github.com/auucoder/gptgrok2api-go/internal/httpapi/migration_routes.go:340.16,343.3 2 0
github.com/auucoder/gptgrok2api-go/internal/httpapi/migration_routes.go:344.2,347.30 4 0
github.com/auucoder/gptgrok2api-go/internal/httpapi/migration_routes.go:347.30,348.36 1 0
github.com/auucoder/gptgrok2api-go/internal/httpapi/migration_routes.go:348.36,350.12 2 0
github.com/auucoder/gptgrok2api-go/internal/httpapi/migration_routes.go:352.3,352.28 1 0
github.com/auucoder/gptgrok2api-go/internal/httpapi/migration_routes.go:354.2,354.12 1 0
github.com/auucoder/gptgrok2api-go/internal/httpapi/migration_routes.go:354.12,357.3 2 0
github.com/auucoder/gptgrok2api-go/internal/httpapi/migration_routes.go:358.2,359.16 2 0
github.com/auucoder/gptgrok2api-go/internal/httpapi/migration_routes.go:359.16,362.3 2 0
github.com/auucoder/gptgrok2api-go/internal/httpapi/migration_routes.go:363.2,363.33 1 0
github.com/auucoder/gptgrok2api-go/internal/httpapi/migration_routes.go:363.33,364.49 1 0
github.com/auucoder/gptgrok2api-go/internal/httpapi/migration_routes.go:364.49,367.4 2 0
github.com/auucoder/gptgrok2api-go/internal/httpapi/migration_routes.go:369.2,369.102 1 0
github.com/auucoder/gptgrok2api-go/internal/httpapi/migration_routes.go:372.80,373.27 1 0
github.com/auucoder/gptgrok2api-go/internal/httpapi/migration_routes.go:373.27,375.3 1 0
github.com/auucoder/gptgrok2api-go/internal/httpapi/migration_routes.go:376.2,376.33 1 0
github.com/auucoder/gptgrok2api-go/internal/httpapi/migration_routes.go:376.33,379.3 2 0
github.com/auucoder/gptgrok2api-go/internal/httpapi/migration_routes.go:380.2,381.16 2 0
github.com/auucoder/gptgrok2api-go/internal/httpapi/migration_routes.go:381.16,384.3 2 0
github.com/auucoder/gptgrok2api-go/internal/httpapi/migration_routes.go:385.2,386.30 2 0
github.com/auucoder/gptgrok2api-go/internal/httpapi/migration_routes.go:386.30,388.3 1 0
github.com/auucoder/gptgrok2api-go/internal/httpapi/migration_routes.go:389.2,391.16 3 0
github.com/auucoder/gptgrok2api-go/internal/httpapi/migration_routes.go:391.16,394.3 2 0
github.com/auucoder/gptgrok2api-go/internal/httpapi/migration_routes.go:395.2,396.83 2 0
github.com/auucoder/gptgrok2api-go/internal/httpapi/migration_routes.go:396.83,399.3 2 0
github.com/auucoder/gptgrok2api-go/internal/httpapi/migration_routes.go:400.2,401.16 2 0
github.com/auucoder/gptgrok2api-go/internal/httpapi/migration_routes.go:401.16,404.3 2 0
github.com/auucoder/gptgrok2api-go/internal/httpapi/migration_routes.go:405.2,408.53 4 0
github.com/auucoder/gptgrok2api-go/internal/httpapi/migration_routes.go:411.79,412.30 1 0
github.com/auucoder/gptgrok2api-go/internal/httpapi/migration_routes.go:412.30,414.3 1 0
github.com/auucoder/gptgrok2api-go/internal/httpapi/migration_routes.go:415.2,415.33 1 0
github.com/auucoder/gptgrok2api-go/internal/httpapi/migration_routes.go:415.33,418.3 2 0
github.com/auucoder/gptgrok2api-go/internal/httpapi/migration_routes.go:419.2,420.30 2 0
github.com/auucoder/gptgrok2api-go/internal/httpapi/migration_routes.go:420.30,422.3 1 0
github.com/auucoder/gptgrok2api-go/internal/httpapi/migration_routes.go:423.2,425.14 3 0
github.com/auucoder/gptgrok2api-go/internal/httpapi/migration_routes.go:426.15,427.115 1 0
github.com/auucoder/gptgrok2api-go/internal/httpapi/migration_routes.go:428.15,430.33 2 0
github.com/auucoder/gptgrok2api-go/internal/httpapi/migration_routes.go:431.16,432.168 1 0
github.com/auucoder/gptgrok2api-go/internal/httpapi/migration_routes.go:433.10,435.9 2 0
github.com/auucoder/gptgrok2api-go/internal/httpapi/migration_routes.go:437.2,437.57 1 0
github.com/auucoder/gptgrok2api-go/internal/httpapi/migration_routes.go:440.81,441.30 1 0
github.com/auucoder/gptgrok2api-go/internal/httpapi/migration_routes.go:441.30,443.3 1 0
github.com/auucoder/gptgrok2api-go/internal/httpapi/migration_routes.go:444.2,445.52 2 0
github.com/auucoder/gptgrok2api-go/internal/httpapi/migration_routes.go:445.52,448.42 3 0
github.com/auucoder/gptgrok2api-go/internal/httpapi/migration_routes.go:448.42,450.4 1 0
github.com/auucoder/gptgrok2api-go/internal/httpapi/migration_routes.go:451.3,453.9 3 0
github.com/auucoder/gptgrok2api-go/internal/httpapi/migration_routes.go:455.2,455.54 1 0
github.com/auucoder/gptgrok2api-go/internal/httpapi/migration_routes.go:455.54,457.31 2 0
github.com/auucoder/gptgrok2api-go/internal/httpapi/migration_routes.go:457.31,459.4 1 0
github.com/auucoder/gptgrok2api-go/internal/httpapi/migration_routes.go:460.3,466.9 7 0
github.com/auucoder/gptgrok2api-go/internal/httpapi/migration_routes.go:468.2,469.52 2 0
github.com/auucoder/gptgrok2api-go/internal/httpapi/migration_routes.go:469.52,472.3 2 0
github.com/auucoder/gptgrok2api-go/internal/httpapi/migration_routes.go:473.2,476.17 4 0
github.com/auucoder/gptgrok2api-go/internal/httpapi/migration_routes.go:476.17,480.3 3 0
github.com/auucoder/gptgrok2api-go/internal/httpapi/migration_routes.go:481.2,481.25 1 0
github.com/auucoder/gptgrok2api-go/internal/httpapi/migration_routes.go:481.25,486.3 4 0
github.com/auucoder/gptgrok2api-go/internal/httpapi/migration_routes.go:487.2,487.53 1 0
github.com/auucoder/gptgrok2api-go/internal/httpapi/migration_routes.go:487.53,493.3 5 0
github.com/auucoder/gptgrok2api-go/internal/httpapi/migration_routes.go:494.2,495.81 2 0
github.com/auucoder/gptgrok2api-go/internal/httpapi/migration_routes.go:498.74,499.30 1 0
github.com/auucoder/gptgrok2api-go/internal/httpapi/migration_routes.go:499.30,501.3 1 0
github.com/auucoder/gptgrok2api-go/internal/httpapi/migration_routes.go:502.2,502.33 1 0
github.com/auucoder/gptgrok2api-go/internal/httpapi/migration_routes.go:502.33,505.3 2 0
github.com/auucoder/gptgrok2api-go/internal/httpapi/migration_routes.go:506.2,507.30 2 0
github.com/auucoder/gptgrok2api-go/internal/httpapi/migration_routes.go:507.30,509.3 1 0
github.com/auucoder/gptgrok2api-go/internal/httpapi/migration_routes.go:510.2,513.16 4 0
github.com/auucoder/gptgrok2api-go/internal/httpapi/migration_routes.go:513.16,516.3 2 0
github.com/auucoder/gptgrok2api-go/internal/httpapi/migration_routes.go:517.2,520.16 4 0
github.com/auucoder/gptgrok2api-go/internal/httpapi/migration_routes.go:520.16,523.3 2 0
github.com/auucoder/gptgrok2api-go/internal/httpapi/migration_routes.go:524.2,524.57 1 0
github.com/auucoder/gptgrok2api-go/internal/httpapi/migration_routes.go:527.79,530.44 3 0
github.com/auucoder/gptgrok2api-go/internal/httpapi/migration_routes.go:530.44,533.3 2 0
github.com/auucoder/gptgrok2api-go/internal/httpapi/migration_routes.go:534.2,534.13 1 0
github.com/auucoder/gptgrok2api-go/internal/httpapi/openai_chat.go:18.130,20.38 2 0
github.com/auucoder/gptgrok2api-go/internal/httpapi/openai_chat.go:20.38,23.3 2 0
github.com/auucoder/gptgrok2api-go/internal/httpapi/openai_chat.go:24.2,28.63 5 0
github.com/auucoder/gptgrok2api-go/internal/httpapi/openai_chat.go:28.63,30.17 2 0
github.com/auucoder/gptgrok2api-go/internal/httpapi/openai_chat.go:30.17,32.9 2 0
github.com/auucoder/gptgrok2api-go/internal/httpapi/openai_chat.go:34.3,37.17 4 0
github.com/auucoder/gptgrok2api-go/internal/httpapi/openai_chat.go:37.17,41.38 4 0
github.com/auucoder/gptgrok2api-go/internal/httpapi/openai_chat.go:41.38,42.13 1 0
github.com/auucoder/gptgrok2api-go/internal/httpapi/openai_chat.go:44.4,44.9 1 0
github.com/auucoder/gptgrok2api-go/internal/httpapi/openai_chat.go:46.3,47.8 2 0
github.com/auucoder/gptgrok2api-go/internal/httpapi/openai_chat.go:49.2,49.20 1 0
github.com/auucoder/gptgrok2api-go/internal/httpapi/openai_chat.go:49.20,52.3 2 0
github.com/auucoder/gptgrok2api-go/internal/httpapi/openai_chat.go:53.2,54.57 2 0
github.com/auucoder/gptgrok2api-go/internal/httpapi/openai_chat.go:54.57,56.3 1 0
github.com/auucoder/gptgrok2api-go/internal/httpapi/openai_chat.go:57.2,61.4 1 0
github.com/auucoder/gptgrok2api-go/internal/httpapi/openai_chat.go:64.128,66.38 2 0
github.com/auucoder/gptgrok2api-go/internal/httpapi/openai_chat.go:66.38,69.3 2 0
github.com/auucoder/gptgrok2api-go/internal/httpapi/openai_chat.go:70.2,79.63 10 0
github.com/auucoder/gptgrok2api-go/internal/httpapi/openai_chat.go:79.63,81.17 2 0
github.com/auucoder/gptgrok2api-go/internal/httpapi/openai_chat.go:81.17,83.9 2 0
github.com/auucoder/gptgrok2api-go/internal/httpapi/openai_chat.go:85.3,86.109 2 0
github.com/auucoder/gptgrok2api-go/internal/httpapi/openai_chat.go:86.109,87.48 1 0
github.com/auucoder/gptgrok2api-go/internal/httpapi/openai_chat.go:87.48,89.5 1 0
github.com/auucoder/gptgrok2api-go/internal/httpapi/openai_chat.go:90.4,90.16 1 0
github.com/auucoder/gptgrok2api-go/internal/httpapi/openai_chat.go:90.16,93.5 2 0
github.com/auucoder/gptgrok2api-go/internal/httpapi/openai_chat.go:94.4,95.24 2 0
github.com/auucoder/gptgrok2api-go/internal/httpapi/openai_chat.go:95.24,97.5 1 0
github.com/auucoder/gptgrok2api-go/internal/httpapi/openai_chat.go:98.4,98.65 1 0
github.com/auucoder/gptgrok2api-go/internal/httpapi/openai_chat.go:98.65,100.5 1 0
github.com/auucoder/gptgrok2api-go/internal/httpapi/openai_chat.go:101.4,102.22 2 0
github.com/auucoder/gptgrok2api-go/internal/httpapi/openai_chat.go:102.22,104.5 1 0
github.com/auucoder/gptgrok2api-go/internal/httpapi/openai_chat.go:105.4,105.14 1 0
github.com/auucoder/gptgrok2api-go/internal/httpapi/openai_chat.go:107.3,108.17 2 0
github.com/auucoder/gptgrok2api-go/internal/httpapi/openai_chat.go:108.17,112.50 4 0
github.com/auucoder/gptgrok2api-go/internal/httpapi/openai_chat.go:112.50,113.13 1 0
github.com/auucoder/gptgrok2api-go/internal/httpapi/openai_chat.go:115.4,115.9 1 0
github.com/auucoder/gptgrok2api-go/internal/httpapi/openai_chat.go:117.3,119.8 3 0
github.com/auucoder/gptgrok2api-go/internal/httpapi/openai_chat.go:121.2,121.20 1 0
github.com/auucoder/gptgrok2api-go/internal/httpapi/openai_chat.go:121.20,123.3 1 0
github.com/auucoder/gptgrok2api-go/internal/httpapi/openai_chat.go:124.2,124.14 1 0
github.com/auucoder/gptgrok2api-go/internal/httpapi/openai_chat.go:124.14,126.3 1 0
github.com/auucoder/gptgrok2api-go/internal/httpapi/openai_chat.go:127.2,128.44 2 0
github.com/auucoder/gptgrok2api-go/internal/httpapi/openai_chat.go:131.112,136.16 5 1
github.com/auucoder/gptgrok2api-go/internal/httpapi/openai_chat.go:136.16,139.3 2 0
github.com/auucoder/gptgrok2api-go/internal/httpapi/openai_chat.go:140.2,144.37 5 1
github.com/auucoder/gptgrok2api-go/internal/httpapi/openai_chat.go:144.37,147.3 2 0
github.com/auucoder/gptgrok2api-go/internal/httpapi/openai_chat.go:148.2,154.43 7 1
github.com/auucoder/gptgrok2api-go/internal/httpapi/openai_chat.go:154.43,159.66 1 1
github.com/auucoder/gptgrok2api-go/internal/httpapi/openai_chat.go:159.66,160.12 1 0
github.com/auucoder/gptgrok2api-go/internal/httpapi/openai_chat.go:162.3,163.17 2 1
github.com/auucoder/gptgrok2api-go/internal/httpapi/openai_chat.go:163.17,166.4 2 0
github.com/auucoder/gptgrok2api-go/internal/httpapi/openai_chat.go:167.3,167.37 1 1
github.com/auucoder/gptgrok2api-go/internal/httpapi/openai_chat.go:169.2,170.21 2 1
github.com/auucoder/gptgrok2api-go/internal/httpapi/openai_chat.go:170.21,172.3 1 0
github.com/auucoder/gptgrok2api-go/internal/httpapi/openai_chat.go:173.2,174.16 2 1
github.com/auucoder/gptgrok2api-go/internal/httpapi/openai_chat.go:174.16,176.3 1 1
github.com/auucoder/gptgrok2api-go/internal/httpapi/openai_chat.go:177.2,180.63 4 1
github.com/auucoder/gptgrok2api-go/internal/httpapi/openai_chat.go:180.63,183.17 3 1
github.com/auucoder/gptgrok2api-go/internal/httpapi/openai_chat.go:183.17,185.9 2 0
github.com/auucoder/gptgrok2api-go/internal/httpapi/openai_chat.go:187.3,192.17 6 1
github.com/auucoder/gptgrok2api-go/internal/httpapi/openai_chat.go:192.17,196.51 4 0
github.com/auucoder/gptgrok2api-go/internal/httpapi/openai_chat.go:196.51,197.13 1 0
github.com/auucoder/gptgrok2api-go/internal/httpapi/openai_chat.go:199.4,199.9 1 0
github.com/auucoder/gptgrok2api-go/internal/httpapi/openai_chat.go:201.3,203.8 3 1
github.com/auucoder/gptgrok2api-go/internal/httpapi/openai_chat.go:205.2,206.20 2 1
github.com/auucoder/gptgrok2api-go/internal/httpapi/openai_chat.go:206.20,209.3 2 0
github.com/auucoder/gptgrok2api-go/internal/httpapi/openai_chat.go:210.2,211.31 2 1
github.com/auucoder/gptgrok2api-go/internal/httpapi/openai_chat.go:211.31,213.24 2 1
github.com/auucoder/gptgrok2api-go/internal/httpapi/openai_chat.go:213.24,217.4 3 0
github.com/auucoder/gptgrok2api-go/internal/httpapi/openai_chat.go:218.3,222.8 3 1
github.com/auucoder/gptgrok2api-go/internal/httpapi/openai_chat.go:224.2,231.4 4 1
github.com/auucoder/gptgrok2api-go/internal/httpapi/openai_chat.go:236.114,237.31 1 1
github.com/auucoder/gptgrok2api-go/internal/httpapi/openai_chat.go:238.19,239.18 1 1
github.com/auucoder/gptgrok2api-go/internal/httpapi/openai_chat.go:240.13,242.30 2 1
github.com/auucoder/gptgrok2api-go/internal/httpapi/openai_chat.go:242.30,244.11 2 1
github.com/auucoder/gptgrok2api-go/internal/httpapi/openai_chat.go:244.11,245.13 1 0
github.com/auucoder/gptgrok2api-go/internal/httpapi/openai_chat.go:247.4,248.71 2 1
github.com/auucoder/gptgrok2api-go/internal/httpapi/openai_chat.go:248.71,249.13 1 0
github.com/auucoder/gptgrok2api-go/internal/httpapi/openai_chat.go:251.4,252.18 2 1
github.com/auucoder/gptgrok2api-go/internal/httpapi/openai_chat.go:252.18,254.5 1 0
github.com/auucoder/gptgrok2api-go/internal/httpapi/openai_chat.go:255.4,255.38 1 1
github.com/auucoder/gptgrok2api-go/internal/httpapi/openai_chat.go:257.3,257.21 1 1
github.com/auucoder/gptgrok2api-go/internal/httpapi/openai_chat.go:258.22,260.70 2 0
github.com/auucoder/gptgrok2api-go/internal/httpapi/openai_chat.go:260.70,262.4 1 0
github.com/auucoder/gptgrok2api-go/internal/httpapi/openai_chat.go:263.3,263.18 1 0
github.com/auucoder/gptgrok2api-go/internal/httpapi/openai_chat.go:264.10,265.18 1 0
github.com/auucoder/gptgrok2api-go/internal/httpapi/openai_chat.go:269.110,273.28 4 0
github.com/auucoder/gptgrok2api-go/internal/httpapi/openai_chat.go:273.28,277.3 3 0
github.com/auucoder/gptgrok2api-go/internal/httpapi/openai_chat.go:278.2,279.73 2 0
github.com/auucoder/gptgrok2api-go/internal/httpapi/openai_chat.go:279.73,282.3 2 0
github.com/auucoder/gptgrok2api-go/internal/httpapi/openai_chat.go:283.2,286.44 4 0
github.com/auucoder/gptgrok2api-go/internal/httpapi/openai_chat.go:289.54,291.23 2 0
github.com/auucoder/gptgrok2api-go/internal/httpapi/openai_chat.go:291.23,293.3 1 0
github.com/auucoder/gptgrok2api-go/internal/httpapi/openai_chat.go:294.2,296.40 3 0
github.com/auucoder/gptgrok2api-go/internal/httpapi/openai_chat.go:299.61,301.45 2 0
github.com/auucoder/gptgrok2api-go/internal/httpapi/openai_chat.go:301.45,303.3 1 0
github.com/auucoder/gptgrok2api-go/internal/httpapi/openai_chat.go:304.2,304.54 1 0
github.com/auucoder/gptgrok2api-go/internal/httpapi/proxy_group_health.go:27.73,28.27 1 1
github.com/auucoder/gptgrok2api-go/internal/httpapi/proxy_group_health.go:28.27,30.3 1 0
github.com/auucoder/gptgrok2api-go/internal/httpapi/proxy_group_health.go:31.2,31.33 1 1
github.com/auucoder/gptgrok2api-go/internal/httpapi/proxy_group_health.go:31.33,34.3 2 0
github.com/auucoder/gptgrok2api-go/internal/httpapi/proxy_group_health.go:35.2,39.33 2 1
github.com/auucoder/gptgrok2api-go/internal/httpapi/proxy_group_health.go:39.33,41.3 1 0
github.com/auucoder/gptgrok2api-go/internal/httpapi/proxy_group_health.go:42.2,44.19 3 1
github.com/auucoder/gptgrok2api-go/internal/httpapi/proxy_group_health.go:44.19,47.3 2 0
github.com/auucoder/gptgrok2api-go/internal/httpapi/proxy_group_health.go:49.2,50.16 2 1
github.com/auucoder/gptgrok2api-go/internal/httpapi/proxy_group_health.go:50.16,53.3 2 0
github.com/auucoder/gptgrok2api-go/internal/httpapi/proxy_group_health.go:54.2,55.57 2 1
github.com/auucoder/gptgrok2api-go/internal/httpapi/proxy_group_health.go:55.57,56.54 1 1
github.com/auucoder/gptgrok2api-go/internal/httpapi/proxy_group_health.go:56.54,58.9 2 1
github.com/auucoder/gptgrok2api-go/internal/httpapi/proxy_group_health.go:61.2,61.18 1 1
github.com/auucoder/gptgrok2api-go/internal/httpapi/proxy_group_health.go:61.18,64.3 2 0
github.com/auucoder/gptgrok2api-go/internal/httpapi/proxy_group_health.go:65.2,66.18 2 1
github.com/auucoder/gptgrok2api-go/internal/httpapi/proxy_group_health.go:66.18,68.30 2 0
github.com/auucoder/gptgrok2api-go/internal/httpapi/proxy_group_health.go:68.30,69.49 1 0
github.com/auucoder/gptgrok2api-go/internal/httpapi/proxy_group_health.go:69.49,71.10 2 0
github.com/auucoder/gptgrok2api-go/internal/httpapi/proxy_group_health.go:74.3,74.25 1 0
github.com/auucoder/gptgrok2api-go/internal/httpapi/proxy_group_health.go:74.25,77.4 2 0
github.com/auucoder/gptgrok2api-go/internal/httpapi/proxy_group_health.go:78.3,78.19 1 0
github.com/auucoder/gptgrok2api-go/internal/httpapi/proxy_group_health.go:80.2,80.21 1 1
github.com/auucoder/gptgrok2api-go/internal/httpapi/proxy_group_health.go:80.21,83.3 2 0
github.com/auucoder/gptgrok2api-go/internal/httpapi/proxy_group_health.go:85.2,87.16 3 1
github.com/auucoder/gptgrok2api-go/internal/httpapi/proxy_group_health.go:87.16,90.3 2 0
github.com/auucoder/gptgrok2api-go/internal/httpapi/proxy_group_health.go:91.2,91.48 1 1
github.com/auucoder/gptgrok2api-go/internal/httpapi/proxy_group_health.go:91.48,94.3 2 0
github.com/auucoder/gptgrok2api-go/internal/httpapi/proxy_group_health.go:95.2,96.39 2 1
github.com/auucoder/gptgrok2api-go/internal/httpapi/proxy_group_health.go:96.39,98.3 1 0
github.com/auucoder/gptgrok2api-go/internal/httpapi/proxy_group_health.go:99.2,99.39 1 1
github.com/auucoder/gptgrok2api-go/internal/httpapi/proxy_group_health.go:102.104,110.33 5 1
github.com/auucoder/gptgrok2api-go/internal/httpapi/proxy_group_health.go:110.33,113.13 3 1
github.com/auucoder/gptgrok2api-go/internal/httpapi/proxy_group_health.go:113.13,115.11 2 1
github.com/auucoder/gptgrok2api-go/internal/httpapi/proxy_group_health.go:116.33,117.18 1 1
github.com/auucoder/gptgrok2api-go/internal/httpapi/proxy_group_health.go:117.18,117.33 1 1
github.com/auucoder/gptgrok2api-go/internal/httpapi/proxy_group_health.go:118.22,120.11 2 0
github.com/auucoder/gptgrok2api-go/internal/httpapi/proxy_group_health.go:122.4,125.5 1 1
github.com/auucoder/gptgrok2api-go/internal/httpapi/proxy_group_health.go:128.2,129.16 2 1
github.com/auucoder/gptgrok2api-go/internal/httpapi/proxy_group_health.go:132.120,136.37 4 1
github.com/auucoder/gptgrok2api-go/internal/httpapi/proxy_group_health.go:136.37,139.3 2 0
github.com/auucoder/gptgrok2api-go/internal/httpapi/proxy_group_health.go:140.2,143.18 4 1
github.com/auucoder/gptgrok2api-go/internal/httpapi/proxy_group_health.go:143.18,145.3 1 0
github.com/auucoder/gptgrok2api-go/internal/httpapi/proxy_group_health.go:146.2,147.16 2 1
github.com/auucoder/gptgrok2api-go/internal/httpapi/proxy_group_health.go:147.16,150.22 3 1
github.com/auucoder/gptgrok2api-go/internal/httpapi/proxy_group_health.go:150.22,156.51 6 1
github.com/auucoder/gptgrok2api-go/internal/httpapi/proxy_group_health.go:156.51,159.5 2 1
github.com/auucoder/gptgrok2api-go/internal/httpapi/proxy_group_health.go:159.10,159.53 1 1
github.com/auucoder/gptgrok2api-go/internal/httpapi/proxy_group_health.go:159.53,162.5 2 1
github.com/auucoder/gptgrok2api-go/internal/httpapi/proxy_group_health.go:162.10,164.5 1 0
github.com/auucoder/gptgrok2api-go/internal/httpapi/proxy_group_health.go:167.2,168.16 2 1
github.com/auucoder/gptgrok2api-go/internal/httpapi/proxy_group_health.go:168.16,172.3 3 0
github.com/auucoder/gptgrok2api-go/internal/httpapi/proxy_group_health.go:173.2,173.15 1 1
github.com/auucoder/gptgrok2api-go/internal/httpapi/proxy_group_health.go:176.41,178.2 1 1
github.com/auucoder/gptgrok2api-go/internal/httpapi/proxy_group_health.go:180.42,182.2 1 1
github.com/auucoder/gptgrok2api-go/internal/httpapi/proxy_group_health.go:184.54,186.16 2 0
github.com/auucoder/gptgrok2api-go/internal/httpapi/proxy_group_health.go:186.16,188.3 1 0
github.com/auucoder/gptgrok2api-go/internal/httpapi/proxy_group_health.go:189.2,189.181 1 0
github.com/auucoder/gptgrok2api-go/internal/httpapi/proxy_group_health.go:192.112,194.31 2 1
github.com/auucoder/gptgrok2api-go/internal/httpapi/proxy_group_health.go:194.31,195.42 1 1
github.com/auucoder/gptgrok2api-go/internal/httpapi/proxy_group_health.go:195.42,197.4 1 1
github.com/auucoder/gptgrok2api-go/internal/httpapi/proxy_group_health.go:199.2,200.75 2 1
github.com/auucoder/gptgrok2api-go/internal/httpapi/proxy_group_health.go:200.75,203.48 3 1
github.com/auucoder/gptgrok2api-go/internal/httpapi/proxy_group_health.go:203.48,204.58 1 1
github.com/auucoder/gptgrok2api-go/internal/httpapi/proxy_group_health.go:204.58,205.13 1 0
github.com/auucoder/gptgrok2api-go/internal/httpapi/proxy_group_health.go:207.4,210.46 4 1
github.com/auucoder/gptgrok2api-go/internal/httpapi/proxy_group_health.go:210.46,212.22 2 1
github.com/auucoder/gptgrok2api-go/internal/httpapi/proxy_group_health.go:212.22,213.14 1 0
github.com/auucoder/gptgrok2api-go/internal/httpapi/proxy_group_health.go:215.5,221.39 7 1
github.com/auucoder/gptgrok2api-go/internal/httpapi/proxy_group_health.go:221.39,224.6 2 1
github.com/auucoder/gptgrok2api-go/internal/httpapi/proxy_group_health.go:224.11,227.6 2 0
github.com/auucoder/gptgrok2api-go/internal/httpapi/proxy_group_health.go:228.5,228.32 1 1
github.com/auucoder/gptgrok2api-go/internal/httpapi/proxy_group_health.go:230.4,232.9 3 1
github.com/auucoder/gptgrok2api-go/internal/httpapi/proxy_group_health.go:234.3,234.13 1 1
github.com/auucoder/gptgrok2api-go/internal/httpapi/proxy_group_health.go:234.13,236.4 1 0
github.com/auucoder/gptgrok2api-go/internal/httpapi/proxy_group_health.go:237.3,237.21 1 1
github.com/auucoder/gptgrok2api-go/internal/httpapi/proxy_runtime_failure.go:10.92,11.77 1 1
github.com/auucoder/gptgrok2api-go/internal/httpapi/proxy_runtime_failure.go:11.77,13.3 1 0
github.com/auucoder/gptgrok2api-go/internal/httpapi/proxy_runtime_failure.go:14.2,15.78 2 1
github.com/auucoder/gptgrok2api-go/internal/httpapi/proxy_runtime_failure.go:15.78,17.41 2 1
github.com/auucoder/gptgrok2api-go/internal/httpapi/proxy_runtime_failure.go:17.41,18.49 1 1
github.com/auucoder/gptgrok2api-go/internal/httpapi/proxy_runtime_failure.go:18.49,19.13 1 0
github.com/auucoder/gptgrok2api-go/internal/httpapi/proxy_runtime_failure.go:21.4,25.31 5 1
github.com/auucoder/gptgrok2api-go/internal/httpapi/proxy_runtime_failure.go:25.31,26.48 1 1
github.com/auucoder/gptgrok2api-go/internal/httpapi/proxy_runtime_failure.go:26.48,28.14 2 1
github.com/auucoder/gptgrok2api-go/internal/httpapi/proxy_runtime_failure.go:30.5,31.22 2 1
github.com/auucoder/gptgrok2api-go/internal/httpapi/proxy_runtime_failure.go:31.22,32.14 1 1
github.com/auucoder/gptgrok2api-go/internal/httpapi/proxy_runtime_failure.go:34.5,37.28 4 0
github.com/auucoder/gptgrok2api-go/internal/httpapi/proxy_runtime_failure.go:37.28,39.6 1 0
github.com/auucoder/gptgrok2api-go/internal/httpapi/proxy_runtime_failure.go:40.5,40.27 1 0
github.com/auucoder/gptgrok2api-go/internal/httpapi/proxy_runtime_failure.go:40.27,42.6 1 0
github.com/auucoder/gptgrok2api-go/internal/httpapi/proxy_runtime_failure.go:42.11,44.6 1 0
github.com/auucoder/gptgrok2api-go/internal/httpapi/proxy_runtime_failure.go:45.5,45.44 1 0
github.com/auucoder/gptgrok2api-go/internal/httpapi/proxy_runtime_failure.go:47.4,47.14 1 1
github.com/auucoder/gptgrok2api-go/internal/httpapi/proxy_runtime_failure.go:47.14,49.5 1 0
github.com/auucoder/gptgrok2api-go/internal/httpapi/proxy_runtime_failure.go:50.4,51.21 2 1
github.com/auucoder/gptgrok2api-go/internal/httpapi/proxy_runtime_failure.go:51.21,54.69 3 1
github.com/auucoder/gptgrok2api-go/internal/httpapi/proxy_runtime_failure.go:54.69,56.6 1 1
github.com/auucoder/gptgrok2api-go/internal/httpapi/proxy_runtime_failure.go:57.5,62.36 6 1
github.com/auucoder/gptgrok2api-go/internal/httpapi/proxy_runtime_failure.go:62.36,63.39 1 1
github.com/auucoder/gptgrok2api-go/internal/httpapi/proxy_runtime_failure.go:63.39,65.7 1 1
github.com/auucoder/gptgrok2api-go/internal/httpapi/proxy_runtime_failure.go:67.5,67.61 1 1
github.com/auucoder/gptgrok2api-go/internal/httpapi/proxy_runtime_failure.go:69.4,70.22 2 1
github.com/auucoder/gptgrok2api-go/internal/httpapi/proxy_runtime_failure.go:72.3,72.21 1 0
github.com/auucoder/gptgrok2api-go/internal/httpapi/proxy_runtime_failure.go:74.2,74.16 1 1
github.com/auucoder/gptgrok2api-go/internal/httpapi/proxy_runtime_failure.go:74.16,77.3 2 0
github.com/auucoder/gptgrok2api-go/internal/httpapi/proxy_runtime_failure.go:78.2,78.19 1 1
github.com/auucoder/gptgrok2api-go/internal/httpapi/proxy_runtime_failure.go:78.19,80.3 1 1
github.com/auucoder/gptgrok2api-go/internal/httpapi/proxy_subscription.go:28.99,29.27 1 1
github.com/auucoder/gptgrok2api-go/internal/httpapi/proxy_subscription.go:29.27,31.3 1 0
github.com/auucoder/gptgrok2api-go/internal/httpapi/proxy_subscription.go:32.2,32.33 1 1
github.com/auucoder/gptgrok2api-go/internal/httpapi/proxy_subscription.go:32.33,35.3 2 0
github.com/auucoder/gptgrok2api-go/internal/httpapi/proxy_subscription.go:36.2,38.16 3 1
github.com/auucoder/gptgrok2api-go/internal/httpapi/proxy_subscription.go:38.16,41.3 2 0
github.com/auucoder/gptgrok2api-go/internal/httpapi/proxy_subscription.go:42.2,44.103 3 1
github.com/auucoder/gptgrok2api-go/internal/httpapi/proxy_subscription.go:44.103,49.3 4 0
github.com/auucoder/gptgrok2api-go/internal/httpapi/proxy_subscription.go:51.2,52.16 2 1
github.com/auucoder/gptgrok2api-go/internal/httpapi/proxy_subscription.go:52.16,56.3 3 1
github.com/auucoder/gptgrok2api-go/internal/httpapi/proxy_subscription.go:57.2,58.16 2 1
github.com/auucoder/gptgrok2api-go/internal/httpapi/proxy_subscription.go:58.16,61.44 3 0
github.com/auucoder/gptgrok2api-go/internal/httpapi/proxy_subscription.go:61.44,63.4 1 0
github.com/auucoder/gptgrok2api-go/internal/httpapi/proxy_subscription.go:63.9,63.60 1 0
github.com/auucoder/gptgrok2api-go/internal/httpapi/proxy_subscription.go:63.60,65.4 1 0
github.com/auucoder/gptgrok2api-go/internal/httpapi/proxy_subscription.go:66.3,67.9 2 0
github.com/auucoder/gptgrok2api-go/internal/httpapi/proxy_subscription.go:69.2,72.4 1 1
github.com/auucoder/gptgrok2api-go/internal/httpapi/proxy_subscription.go:75.70,77.16 2 1
github.com/auucoder/gptgrok2api-go/internal/httpapi/proxy_subscription.go:77.16,79.3 1 0
github.com/auucoder/gptgrok2api-go/internal/httpapi/proxy_subscription.go:80.2,80.53 1 1
github.com/auucoder/gptgrok2api-go/internal/httpapi/proxy_subscription.go:80.53,81.37 1 1
github.com/auucoder/gptgrok2api-go/internal/httpapi/proxy_subscription.go:81.37,83.4 1 1
github.com/auucoder/gptgrok2api-go/internal/httpapi/proxy_subscription.go:85.2,85.35 1 0
github.com/auucoder/gptgrok2api-go/internal/httpapi/proxy_subscription.go:88.100,90.16 2 1
github.com/auucoder/gptgrok2api-go/internal/httpapi/proxy_subscription.go:90.16,92.3 1 0
github.com/auucoder/gptgrok2api-go/internal/httpapi/proxy_subscription.go:93.2,96.16 4 1
github.com/auucoder/gptgrok2api-go/internal/httpapi/proxy_subscription.go:96.16,98.3 1 0
github.com/auucoder/gptgrok2api-go/internal/httpapi/proxy_subscription.go:99.2,100.61 2 1
github.com/auucoder/gptgrok2api-go/internal/httpapi/proxy_subscription.go:100.61,102.3 1 1
github.com/auucoder/gptgrok2api-go/internal/httpapi/proxy_subscription.go:103.2,104.16 2 1
github.com/auucoder/gptgrok2api-go/internal/httpapi/proxy_subscription.go:104.16,106.3 1 0
github.com/auucoder/gptgrok2api-go/internal/httpapi/proxy_subscription.go:107.2,107.42 1 1
github.com/auucoder/gptgrok2api-go/internal/httpapi/proxy_subscription.go:107.42,109.3 1 0
github.com/auucoder/gptgrok2api-go/internal/httpapi/proxy_subscription.go:110.2,110.36 1 1
github.com/auucoder/gptgrok2api-go/internal/httpapi/proxy_subscription.go:113.59,114.81 1 1
github.com/auucoder/gptgrok2api-go/internal/httpapi/proxy_subscription.go:114.81,115.14 1 1
github.com/auucoder/gptgrok2api-go/internal/httpapi/proxy_subscription.go:115.14,117.4 1 1
github.com/auucoder/gptgrok2api-go/internal/httpapi/proxy_subscription.go:118.3,118.20 1 1
github.com/auucoder/gptgrok2api-go/internal/httpapi/proxy_subscription.go:120.2,120.43 1 1
github.com/auucoder/gptgrok2api-go/internal/httpapi/proxy_subscription.go:120.43,121.54 1 1
github.com/auucoder/gptgrok2api-go/internal/httpapi/proxy_subscription.go:121.54,123.4 1 0
github.com/auucoder/gptgrok2api-go/internal/httpapi/proxy_subscription.go:124.3,124.11 1 1
github.com/auucoder/gptgrok2api-go/internal/httpapi/proxy_subscription.go:126.2,126.131 1 1
github.com/auucoder/gptgrok2api-go/internal/httpapi/proxy_subscription.go:126.131,128.17 2 1
github.com/auucoder/gptgrok2api-go/internal/httpapi/proxy_subscription.go:128.17,129.12 1 0
github.com/auucoder/gptgrok2api-go/internal/httpapi/proxy_subscription.go:131.3,132.14 2 1
github.com/auucoder/gptgrok2api-go/internal/httpapi/proxy_subscription.go:132.14,134.4 1 0
github.com/auucoder/gptgrok2api-go/internal/httpapi/proxy_subscription.go:135.3,135.21 1 1
github.com/auucoder/gptgrok2api-go/internal/httpapi/proxy_subscription.go:135.21,137.4 1 1
github.com/auucoder/gptgrok2api-go/internal/httpapi/proxy_subscription.go:139.2,139.80 1 0
github.com/auucoder/gptgrok2api-go/internal/httpapi/proxy_subscription.go:142.55,145.80 3 1
github.com/auucoder/gptgrok2api-go/internal/httpapi/proxy_subscription.go:145.80,147.81 2 1
github.com/auucoder/gptgrok2api-go/internal/httpapi/proxy_subscription.go:147.81,148.12 1 1
github.com/auucoder/gptgrok2api-go/internal/httpapi/proxy_subscription.go:150.3,152.43 3 1
github.com/auucoder/gptgrok2api-go/internal/httpapi/proxy_subscription.go:152.43,153.12 1 1
github.com/auucoder/gptgrok2api-go/internal/httpapi/proxy_subscription.go:155.3,157.46 3 1
github.com/auucoder/gptgrok2api-go/internal/httpapi/proxy_subscription.go:157.46,159.4 1 1
github.com/auucoder/gptgrok2api-go/internal/httpapi/proxy_subscription.go:161.2,161.22 1 1
github.com/auucoder/gptgrok2api-go/internal/httpapi/proxy_subscription.go:164.57,166.17 2 1
github.com/auucoder/gptgrok2api-go/internal/httpapi/proxy_subscription.go:166.17,168.3 1 0
github.com/auucoder/gptgrok2api-go/internal/httpapi/proxy_subscription.go:169.2,169.37 1 1
github.com/auucoder/gptgrok2api-go/internal/httpapi/proxy_subscription.go:169.37,171.3 1 1
github.com/auucoder/gptgrok2api-go/internal/httpapi/proxy_subscription.go:172.2,173.37 2 1
github.com/auucoder/gptgrok2api-go/internal/httpapi/proxy_subscription.go:173.37,175.3 1 1
github.com/auucoder/gptgrok2api-go/internal/httpapi/proxy_subscription.go:176.2,177.23 2 1
github.com/auucoder/gptgrok2api-go/internal/httpapi/proxy_subscription.go:178.74,178.74 0 1
github.com/auucoder/gptgrok2api-go/internal/httpapi/proxy_subscription.go:179.10,180.12 1 0
github.com/auucoder/gptgrok2api-go/internal/httpapi/proxy_subscription.go:182.2,184.30 3 1
github.com/auucoder/gptgrok2api-go/internal/httpapi/proxy_subscription.go:184.30,186.3 1 1
github.com/auucoder/gptgrok2api-go/internal/httpapi/proxy_subscription.go:187.2,188.56 2 1
github.com/auucoder/gptgrok2api-go/internal/httpapi/proxy_subscription.go:188.56,190.3 1 0
github.com/auucoder/gptgrok2api-go/internal/httpapi/proxy_subscription.go:191.2,193.24 3 1
github.com/auucoder/gptgrok2api-go/internal/httpapi/proxy_subscription.go:196.84,203.2 2 1
github.com/auucoder/gptgrok2api-go/internal/httpapi/proxy_subscription.go:205.56,207.2 1 1
github.com/auucoder/gptgrok2api-go/internal/httpapi/proxy_subscription.go:209.131,212.84 3 1
github.com/auucoder/gptgrok2api-go/internal/httpapi/proxy_subscription.go:212.84,215.38 3 1
github.com/auucoder/gptgrok2api-go/internal/httpapi/proxy_subscription.go:215.38,216.40 1 1
github.com/auucoder/gptgrok2api-go/internal/httpapi/proxy_subscription.go:216.40,217.13 1 0
github.com/auucoder/gptgrok2api-go/internal/httpapi/proxy_subscription.go:219.4,220.86 2 1
github.com/auucoder/gptgrok2api-go/internal/httpapi/proxy_subscription.go:220.86,222.5 1 0
github.com/auucoder/gptgrok2api-go/internal/httpapi/proxy_subscription.go:223.4,227.81 5 1
github.com/auucoder/gptgrok2api-go/internal/httpapi/proxy_subscription.go:227.81,228.82 1 1
github.com/auucoder/gptgrok2api-go/internal/httpapi/proxy_subscription.go:228.82,230.6 1 1
github.com/auucoder/gptgrok2api-go/internal/httpapi/proxy_subscription.go:232.4,232.51 1 1
github.com/auucoder/gptgrok2api-go/internal/httpapi/proxy_subscription.go:232.51,233.38 1 1
github.com/auucoder/gptgrok2api-go/internal/httpapi/proxy_subscription.go:233.38,234.14 1 1
github.com/auucoder/gptgrok2api-go/internal/httpapi/proxy_subscription.go:236.5,237.96 2 1
github.com/auucoder/gptgrok2api-go/internal/httpapi/proxy_subscription.go:237.96,239.6 1 1
github.com/auucoder/gptgrok2api-go/internal/httpapi/proxy_subscription.go:241.4,243.39 3 1
github.com/auucoder/gptgrok2api-go/internal/httpapi/proxy_subscription.go:243.39,244.44 1 1
github.com/auucoder/gptgrok2api-go/internal/httpapi/proxy_subscription.go:244.44,245.14 1 1
github.com/auucoder/gptgrok2api-go/internal/httpapi/proxy_subscription.go:247.5,249.24 3 1
github.com/auucoder/gptgrok2api-go/internal/httpapi/proxy_subscription.go:251.4,258.9 8 1
github.com/auucoder/gptgrok2api-go/internal/httpapi/proxy_subscription.go:260.3,260.13 1 1
github.com/auucoder/gptgrok2api-go/internal/httpapi/proxy_subscription.go:260.13,262.4 1 0
github.com/auucoder/gptgrok2api-go/internal/httpapi/proxy_subscription.go:263.3,263.21 1 1
github.com/auucoder/gptgrok2api-go/internal/httpapi/proxy_subscription.go:265.2,265.16 1 1
github.com/auucoder/gptgrok2api-go/internal/httpapi/proxy_subscription.go:265.16,267.3 1 0
github.com/auucoder/gptgrok2api-go/internal/httpapi/proxy_subscription.go:268.2,268.48 1 1
github.com/auucoder/gptgrok2api-go/internal/httpapi/proxy_subscription.go:268.48,270.3 1 0
github.com/auucoder/gptgrok2api-go/internal/httpapi/proxy_subscription.go:271.2,271.60 1 1
github.com/auucoder/gptgrok2api-go/internal/httpapi/proxy_subscription.go:274.93,276.81 2 1
github.com/auucoder/gptgrok2api-go/internal/httpapi/proxy_subscription.go:276.81,278.38 2 1
github.com/auucoder/gptgrok2api-go/internal/httpapi/proxy_subscription.go:278.38,279.122 1 1
github.com/auucoder/gptgrok2api-go/internal/httpapi/proxy_subscription.go:279.122,280.13 1 0
github.com/auucoder/gptgrok2api-go/internal/httpapi/proxy_subscription.go:282.4,286.9 5 1
github.com/auucoder/gptgrok2api-go/internal/httpapi/proxy_subscription.go:288.3,288.21 1 1
github.com/auucoder/gptgrok2api-go/internal/httpapi/proxy_subscription.go:289.17,291.3 1 0
github.com/auucoder/gptgrok2api-go/internal/httpapi/register.go:19.70,20.27 1 1
github.com/auucoder/gptgrok2api-go/internal/httpapi/register.go:20.27,22.3 1 1
github.com/auucoder/gptgrok2api-go/internal/httpapi/register.go:23.2,24.9 2 1
github.com/auucoder/gptgrok2api-go/internal/httpapi/register.go:25.65,26.22 1 1
github.com/auucoder/gptgrok2api-go/internal/httpapi/register.go:27.66,28.31 1 0
github.com/auucoder/gptgrok2api-go/internal/httpapi/register.go:29.55,30.32 1 1
github.com/auucoder/gptgrok2api-go/internal/httpapi/register.go:31.54,32.33 1 0
github.com/auucoder/gptgrok2api-go/internal/httpapi/register.go:33.55,34.21 1 0
github.com/auucoder/gptgrok2api-go/internal/httpapi/register.go:35.56,36.29 1 1
github.com/auucoder/gptgrok2api-go/internal/httpapi/register.go:37.71,38.27 1 1
github.com/auucoder/gptgrok2api-go/internal/httpapi/register.go:39.72,40.28 1 1
github.com/auucoder/gptgrok2api-go/internal/httpapi/register.go:41.68,42.27 1 0
github.com/auucoder/gptgrok2api-go/internal/httpapi/register.go:43.77,44.27 1 0
github.com/auucoder/gptgrok2api-go/internal/httpapi/register.go:45.64,46.31 1 0
github.com/auucoder/gptgrok2api-go/internal/httpapi/register.go:47.69,48.30 1 0
github.com/auucoder/gptgrok2api-go/internal/httpapi/register.go:49.64,50.22 1 0
github.com/auucoder/gptgrok2api-go/internal/httpapi/register.go:51.65,52.31 1 0
github.com/auucoder/gptgrok2api-go/internal/httpapi/register.go:53.69,54.25 1 1
github.com/auucoder/gptgrok2api-go/internal/httpapi/register.go:55.62,56.37 1 1
github.com/auucoder/gptgrok2api-go/internal/httpapi/register.go:57.123,58.114 1 1
github.com/auucoder/gptgrok2api-go/internal/httpapi/register.go:59.68,60.30 1 1
github.com/auucoder/gptgrok2api-go/internal/httpapi/register.go:61.80,62.34 1 1
github.com/auucoder/gptgrok2api-go/internal/httpapi/register.go:63.68,64.37 1 0
github.com/auucoder/gptgrok2api-go/internal/httpapi/register.go:65.79,66.42 1 1
github.com/auucoder/gptgrok2api-go/internal/httpapi/register.go:67.79,68.39 1 0
github.com/auucoder/gptgrok2api-go/internal/httpapi/register.go:69.78,70.38 1 0
github.com/auucoder/gptgrok2api-go/internal/httpapi/register.go:71.80,72.40 1 1
github.com/auucoder/gptgrok2api-go/internal/httpapi/register.go:73.65,74.39 1 0
github.com/auucoder/gptgrok2api-go/internal/httpapi/register.go:75.69,76.44 1 0
github.com/auucoder/gptgrok2api-go/internal/httpapi/register.go:77.70,78.37 1 0
github.com/auucoder/gptgrok2api-go/internal/httpapi/register.go:79.73,80.26 1 1
github.com/auucoder/gptgrok2api-go/internal/httpapi/register.go:81.74,82.32 1 0
github.com/auucoder/gptgrok2api-go/internal/httpapi/register.go:83.55,84.25 1 0
github.com/auucoder/gptgrok2api-go/internal/httpapi/register.go:85.10,86.81 1 0
github.com/auucoder/gptgrok2api-go/internal/httpapi/register.go:90.56,92.2 1 1
github.com/auucoder/gptgrok2api-go/internal/httpapi/register.go:94.79,96.33 2 0
github.com/auucoder/gptgrok2api-go/internal/httpapi/register.go:96.33,98.3 1 0
github.com/auucoder/gptgrok2api-go/internal/httpapi/register.go:99.2,100.16 2 0
github.com/auucoder/gptgrok2api-go/internal/httpapi/register.go:100.16,103.3 2 0
github.com/auucoder/gptgrok2api-go/internal/httpapi/register.go:104.2,104.64 1 0
github.com/auucoder/gptgrok2api-go/internal/httpapi/register.go:107.74,108.13 1 1
github.com/auucoder/gptgrok2api-go/internal/httpapi/register.go:108.13,111.19 3 1
github.com/auucoder/gptgrok2api-go/internal/httpapi/register.go:111.19,113.4 1 0
github.com/auucoder/gptgrok2api-go/internal/httpapi/register.go:114.3,114.57 1 1
github.com/auucoder/gptgrok2api-go/internal/httpapi/register.go:114.57,121.4 2 1
github.com/auucoder/gptgrok2api-go/internal/httpapi/register.go:122.8,124.3 1 0
github.com/auucoder/gptgrok2api-go/internal/httpapi/register.go:125.2,126.16 2 0
github.com/auucoder/gptgrok2api-go/internal/httpapi/register.go:126.16,129.3 2 0
github.com/auucoder/gptgrok2api-go/internal/httpapi/register.go:130.2,130.64 1 0
github.com/auucoder/gptgrok2api-go/internal/httpapi/register.go:133.55,135.16 2 0
github.com/auucoder/gptgrok2api-go/internal/httpapi/register.go:135.16,138.3 2 0
github.com/auucoder/gptgrok2api-go/internal/httpapi/register.go:139.2,139.64 1 0
github.com/auucoder/gptgrok2api-go/internal/httpapi/register.go:142.72,144.2 1 0
github.com/auucoder/gptgrok2api-go/internal/httpapi/register.go:146.75,150.71 2 0
github.com/auucoder/gptgrok2api-go/internal/httpapi/register.go:150.71,152.3 1 0
github.com/auucoder/gptgrok2api-go/internal/httpapi/register.go:153.2,154.17 2 0
github.com/auucoder/gptgrok2api-go/internal/httpapi/register.go:154.17,156.3 1 0
github.com/auucoder/gptgrok2api-go/internal/httpapi/register.go:157.2,157.108 1 0
github.com/auucoder/gptgrok2api-go/internal/httpapi/register.go:157.108,160.3 2 0
github.com/auucoder/gptgrok2api-go/internal/httpapi/register.go:161.2,162.16 2 0
github.com/auucoder/gptgrok2api-go/internal/httpapi/register.go:162.16,165.3 2 0
github.com/auucoder/gptgrok2api-go/internal/httpapi/register.go:166.2,166.184 1 0
github.com/auucoder/gptgrok2api-go/internal/httpapi/register.go:169.75,174.30 2 0
github.com/auucoder/gptgrok2api-go/internal/httpapi/register.go:174.30,176.3 1 0
github.com/auucoder/gptgrok2api-go/internal/httpapi/register.go:177.2,177.90 1 0
github.com/auucoder/gptgrok2api-go/internal/httpapi/register.go:177.90,180.3 2 0
github.com/auucoder/gptgrok2api-go/internal/httpapi/register.go:181.2,182.16 2 0
github.com/auucoder/gptgrok2api-go/internal/httpapi/register.go:182.16,185.3 2 0
github.com/auucoder/gptgrok2api-go/internal/httpapi/register.go:186.2,186.213 1 0
github.com/auucoder/gptgrok2api-go/internal/httpapi/register.go:189.89,194.71 2 0
github.com/auucoder/gptgrok2api-go/internal/httpapi/register.go:194.71,196.3 1 0
github.com/auucoder/gptgrok2api-go/internal/httpapi/register.go:197.2,200.27 4 0
github.com/auucoder/gptgrok2api-go/internal/httpapi/register.go:200.27,202.3 1 0
github.com/auucoder/gptgrok2api-go/internal/httpapi/register.go:203.2,203.27 1 0
github.com/auucoder/gptgrok2api-go/internal/httpapi/register.go:203.27,206.3 2 0
github.com/auucoder/gptgrok2api-go/internal/httpapi/register.go:207.2,211.16 5 0
github.com/auucoder/gptgrok2api-go/internal/httpapi/register.go:211.16,214.3 2 0
github.com/auucoder/gptgrok2api-go/internal/httpapi/register.go:214.8,217.3 2 0
github.com/auucoder/gptgrok2api-go/internal/httpapi/register.go:218.2,218.16 1 0
github.com/auucoder/gptgrok2api-go/internal/httpapi/register.go:218.16,221.3 2 0
github.com/auucoder/gptgrok2api-go/internal/httpapi/register.go:222.2,222.63 1 0
github.com/auucoder/gptgrok2api-go/internal/httpapi/register.go:225.61,227.32 2 0
github.com/auucoder/gptgrok2api-go/internal/httpapi/register.go:227.32,229.68 2 0
github.com/auucoder/gptgrok2api-go/internal/httpapi/register.go:229.68,231.4 1 0
github.com/auucoder/gptgrok2api-go/internal/httpapi/register.go:233.2,233.12 1 0
github.com/auucoder/gptgrok2api-go/internal/httpapi/register.go:236.61,238.16 2 1
github.com/auucoder/gptgrok2api-go/internal/httpapi/register.go:238.16,241.3 2 0
github.com/auucoder/gptgrok2api-go/internal/httpapi/register.go:242.2,242.64 1 1
github.com/auucoder/gptgrok2api-go/internal/httpapi/register.go:245.62,247.16 2 1
github.com/auucoder/gptgrok2api-go/internal/httpapi/register.go:247.16,250.3 2 0
github.com/auucoder/gptgrok2api-go/internal/httpapi/register.go:251.2,251.36 1 1
github.com/auucoder/gptgrok2api-go/internal/httpapi/register.go:254.78,258.33 2 1
github.com/auucoder/gptgrok2api-go/internal/httpapi/register.go:258.33,260.3 1 0
github.com/auucoder/gptgrok2api-go/internal/httpapi/register.go:261.2,262.16 2 1
github.com/auucoder/gptgrok2api-go/internal/httpapi/register.go:262.16,265.3 2 0
github.com/auucoder/gptgrok2api-go/internal/httpapi/register.go:266.2,266.9 1 1
github.com/auucoder/gptgrok2api-go/internal/httpapi/register.go:267.33,267.33 0 1
github.com/auucoder/gptgrok2api-go/internal/httpapi/register.go:268.10,268.10 0 0
github.com/auucoder/gptgrok2api-go/internal/httpapi/register.go:270.2,270.72 1 1
github.com/auucoder/gptgrok2api-go/internal/httpapi/register.go:275.68,277.16 2 1
github.com/auucoder/gptgrok2api-go/internal/httpapi/register.go:277.16,280.3 2 0
github.com/auucoder/gptgrok2api-go/internal/httpapi/register.go:281.2,297.29 4 1
github.com/auucoder/gptgrok2api-go/internal/httpapi/register.go:297.29,300.18 3 1
github.com/auucoder/gptgrok2api-go/internal/httpapi/register.go:300.18,302.12 2 1
github.com/auucoder/gptgrok2api-go/internal/httpapi/register.go:304.3,304.64 1 1
github.com/auucoder/gptgrok2api-go/internal/httpapi/register.go:304.64,306.12 2 1
github.com/auucoder/gptgrok2api-go/internal/httpapi/register.go:308.3,308.63 1 1
github.com/auucoder/gptgrok2api-go/internal/httpapi/register.go:308.63,310.12 2 0
github.com/auucoder/gptgrok2api-go/internal/httpapi/register.go:312.3,314.20 3 1
github.com/auucoder/gptgrok2api-go/internal/httpapi/register.go:314.20,318.12 4 0
github.com/auucoder/gptgrok2api-go/internal/httpapi/register.go:320.3,322.58 3 1
github.com/auucoder/gptgrok2api-go/internal/httpapi/register.go:324.2,327.27 4 1
github.com/auucoder/gptgrok2api-go/internal/httpapi/register.go:327.27,330.13 3 1
github.com/auucoder/gptgrok2api-go/internal/httpapi/register.go:330.13,333.17 3 1
github.com/auucoder/gptgrok2api-go/internal/httpapi/register.go:333.17,333.26 1 1
github.com/auucoder/gptgrok2api-go/internal/httpapi/register.go:334.4,339.23 6 1
github.com/auucoder/gptgrok2api-go/internal/httpapi/register.go:339.23,345.64 6 1
github.com/auucoder/gptgrok2api-go/internal/httpapi/register.go:345.64,347.6 1 0
github.com/auucoder/gptgrok2api-go/internal/httpapi/register.go:348.5,349.11 2 1
github.com/auucoder/gptgrok2api-go/internal/httpapi/register.go:351.4,352.58 2 1
github.com/auucoder/gptgrok2api-go/internal/httpapi/register.go:355.2,364.4 3 1
github.com/auucoder/gptgrok2api-go/internal/httpapi/register.go:367.63,370.18 3 1
github.com/auucoder/gptgrok2api-go/internal/httpapi/register.go:370.18,372.3 1 0
github.com/auucoder/gptgrok2api-go/internal/httpapi/register.go:373.2,373.90 1 1
github.com/auucoder/gptgrok2api-go/internal/httpapi/register.go:376.56,378.2 1 0
github.com/auucoder/gptgrok2api-go/internal/httpapi/register.go:380.79,382.33 2 0
github.com/auucoder/gptgrok2api-go/internal/httpapi/register.go:382.33,384.3 1 0
github.com/auucoder/gptgrok2api-go/internal/httpapi/register.go:385.2,386.16 2 0
github.com/auucoder/gptgrok2api-go/internal/httpapi/register.go:386.16,389.3 2 0
github.com/auucoder/gptgrok2api-go/internal/httpapi/register.go:390.2,390.9 1 0
github.com/auucoder/gptgrok2api-go/internal/httpapi/register.go:391.36,391.36 0 0
github.com/auucoder/gptgrok2api-go/internal/httpapi/register.go:392.10,392.10 0 0
github.com/auucoder/gptgrok2api-go/internal/httpapi/register.go:394.2,394.83 1 0
github.com/auucoder/gptgrok2api-go/internal/httpapi/register.go:397.85,399.16 2 1
github.com/auucoder/gptgrok2api-go/internal/httpapi/register.go:399.16,402.3 2 0
github.com/auucoder/gptgrok2api-go/internal/httpapi/register.go:403.2,405.20 3 1
github.com/auucoder/gptgrok2api-go/internal/httpapi/register.go:405.20,407.3 1 0
github.com/auucoder/gptgrok2api-go/internal/httpapi/register.go:408.2,409.24 2 1
github.com/auucoder/gptgrok2api-go/internal/httpapi/register.go:409.24,411.3 1 0
github.com/auucoder/gptgrok2api-go/internal/httpapi/register.go:412.2,413.22 2 1
github.com/auucoder/gptgrok2api-go/internal/httpapi/register.go:413.22,415.3 1 1
github.com/auucoder/gptgrok2api-go/internal/httpapi/register.go:416.2,416.351 1 1
github.com/auucoder/gptgrok2api-go/internal/httpapi/register.go:419.78,421.16 2 1
github.com/auucoder/gptgrok2api-go/internal/httpapi/register.go:421.16,424.3 2 0
github.com/auucoder/gptgrok2api-go/internal/httpapi/register.go:425.2,425.12 1 1
github.com/auucoder/gptgrok2api-go/internal/httpapi/register.go:425.12,428.3 2 0
github.com/auucoder/gptgrok2api-go/internal/httpapi/register.go:429.2,429.47 1 1
github.com/auucoder/gptgrok2api-go/internal/httpapi/register.go:429.47,432.3 2 0
github.com/auucoder/gptgrok2api-go/internal/httpapi/register.go:433.2,434.35 2 1
github.com/auucoder/gptgrok2api-go/internal/httpapi/register.go:437.73,441.33 2 1
github.com/auucoder/gptgrok2api-go/internal/httpapi/register.go:441.33,443.3 1 0
github.com/auucoder/gptgrok2api-go/internal/httpapi/register.go:444.2,446.33 3 1
github.com/auucoder/gptgrok2api-go/internal/httpapi/register.go:446.33,447.55 1 1
github.com/auucoder/gptgrok2api-go/internal/httpapi/register.go:447.55,450.4 2 1
github.com/auucoder/gptgrok2api-go/internal/httpapi/register.go:452.2,452.19 1 1
github.com/auucoder/gptgrok2api-go/internal/httpapi/register.go:452.19,455.3 2 0
github.com/auucoder/gptgrok2api-go/internal/httpapi/register.go:456.2,456.18 1 1
github.com/auucoder/gptgrok2api-go/internal/httpapi/register.go:459.85,461.9 2 0
github.com/auucoder/gptgrok2api-go/internal/httpapi/register.go:461.9,463.3 1 0
github.com/auucoder/gptgrok2api-go/internal/httpapi/register.go:464.2,465.16 2 0
github.com/auucoder/gptgrok2api-go/internal/httpapi/register.go:465.16,468.3 2 0
github.com/auucoder/gptgrok2api-go/internal/httpapi/register.go:469.2,470.29 2 0
github.com/auucoder/gptgrok2api-go/internal/httpapi/register.go:470.29,472.18 2 0
github.com/auucoder/gptgrok2api-go/internal/httpapi/register.go:472.18,473.12 1 0
github.com/auucoder/gptgrok2api-go/internal/httpapi/register.go:475.3,476.20 2 0
github.com/auucoder/gptgrok2api-go/internal/httpapi/register.go:476.20,477.12 1 0
github.com/auucoder/gptgrok2api-go/internal/httpapi/register.go:479.3,479.16 1 0
github.com/auucoder/gptgrok2api-go/internal/httpapi/register.go:479.16,481.4 1 0
github.com/auucoder/gptgrok2api-go/internal/httpapi/register.go:481.9,483.4 1 0
github.com/auucoder/gptgrok2api-go/internal/httpapi/register.go:485.2,485.171 1 0
github.com/auucoder/gptgrok2api-go/internal/httpapi/register.go:488.90,490.9 2 1
github.com/auucoder/gptgrok2api-go/internal/httpapi/register.go:490.9,492.3 1 0
github.com/auucoder/gptgrok2api-go/internal/httpapi/register.go:493.2,494.25 2 1
github.com/auucoder/gptgrok2api-go/internal/httpapi/register.go:494.25,496.17 2 1
github.com/auucoder/gptgrok2api-go/internal/httpapi/register.go:496.17,499.4 2 0
github.com/auucoder/gptgrok2api-go/internal/httpapi/register.go:500.3,500.13 1 1
github.com/auucoder/gptgrok2api-go/internal/httpapi/register.go:500.13,502.12 2 0
github.com/auucoder/gptgrok2api-go/internal/httpapi/register.go:504.3,506.105 3 1
github.com/auucoder/gptgrok2api-go/internal/httpapi/register.go:508.2,509.33 2 1
github.com/auucoder/gptgrok2api-go/internal/httpapi/register.go:509.33,510.27 1 1
github.com/auucoder/gptgrok2api-go/internal/httpapi/register.go:510.27,512.4 1 1
github.com/auucoder/gptgrok2api-go/internal/httpapi/register.go:512.9,514.4 1 0
github.com/auucoder/gptgrok2api-go/internal/httpapi/register.go:516.2,516.178 1 1
github.com/auucoder/gptgrok2api-go/internal/httpapi/register.go:519.88,524.33 2 1
github.com/auucoder/gptgrok2api-go/internal/httpapi/register.go:524.33,526.3 1 0
github.com/auucoder/gptgrok2api-go/internal/httpapi/register.go:527.2,528.19 2 1
github.com/auucoder/gptgrok2api-go/internal/httpapi/register.go:528.19,531.3 2 0
github.com/auucoder/gptgrok2api-go/internal/httpapi/register.go:532.2,533.16 2 1
github.com/auucoder/gptgrok2api-go/internal/httpapi/register.go:533.16,536.3 2 0
github.com/auucoder/gptgrok2api-go/internal/httpapi/register.go:537.2,537.160 1 1
github.com/auucoder/gptgrok2api-go/internal/httpapi/register.go:540.87,542.9 2 0
github.com/auucoder/gptgrok2api-go/internal/httpapi/register.go:542.9,544.3 1 0
github.com/auucoder/gptgrok2api-go/internal/httpapi/register.go:545.2,546.16 2 0
github.com/auucoder/gptgrok2api-go/internal/httpapi/register.go:546.16,549.3 2 0
github.com/auucoder/gptgrok2api-go/internal/httpapi/register.go:550.2,550.106 1 0
github.com/auucoder/gptgrok2api-go/internal/httpapi/register.go:553.101,555.21 2 0
github.com/auucoder/gptgrok2api-go/internal/httpapi/register.go:555.21,558.3 2 0
github.com/auucoder/gptgrok2api-go/internal/httpapi/register.go:559.2,560.16 2 0
github.com/auucoder/gptgrok2api-go/internal/httpapi/register.go:560.16,563.3 2 0
github.com/auucoder/gptgrok2api-go/internal/httpapi/register.go:564.2,568.35 5 0
github.com/auucoder/gptgrok2api-go/internal/httpapi/register.go:571.85,576.33 2 0
github.com/auucoder/gptgrok2api-go/internal/httpapi/register.go:576.33,578.3 1 0
github.com/auucoder/gptgrok2api-go/internal/httpapi/register.go:579.2,579.46 1 0
github.com/auucoder/gptgrok2api-go/internal/httpapi/register.go:579.46,582.3 2 0
github.com/auucoder/gptgrok2api-go/internal/httpapi/register.go:583.2,583.51 1 0
github.com/auucoder/gptgrok2api-go/internal/httpapi/register.go:586.65,588.16 2 0
github.com/auucoder/gptgrok2api-go/internal/httpapi/register.go:588.16,591.3 2 0
github.com/auucoder/gptgrok2api-go/internal/httpapi/register.go:592.2,594.33 3 0
github.com/auucoder/gptgrok2api-go/internal/httpapi/register.go:594.33,597.23 3 0
github.com/auucoder/gptgrok2api-go/internal/httpapi/register.go:597.23,600.4 2 0
github.com/auucoder/gptgrok2api-go/internal/httpapi/register.go:601.3,602.41 2 0
github.com/auucoder/gptgrok2api-go/internal/httpapi/register.go:604.2,604.40 1 0
github.com/auucoder/gptgrok2api-go/internal/httpapi/register.go:604.40,607.3 2 0
github.com/auucoder/gptgrok2api-go/internal/httpapi/register.go:608.2,610.32 3 0
github.com/auucoder/gptgrok2api-go/internal/httpapi/register.go:613.69,615.16 2 1
github.com/auucoder/gptgrok2api-go/internal/httpapi/register.go:615.16,618.3 2 0
github.com/auucoder/gptgrok2api-go/internal/httpapi/register.go:619.2,620.29 2 1
github.com/auucoder/gptgrok2api-go/internal/httpapi/register.go:620.29,621.72 1 1
github.com/auucoder/gptgrok2api-go/internal/httpapi/register.go:621.72,623.4 1 1
github.com/auucoder/gptgrok2api-go/internal/httpapi/register.go:625.2,625.21 1 1
github.com/auucoder/gptgrok2api-go/internal/httpapi/register.go:625.21,628.3 2 0
github.com/auucoder/gptgrok2api-go/internal/httpapi/register.go:629.2,632.58 4 1
github.com/auucoder/gptgrok2api-go/internal/httpapi/register.go:635.80,637.9 2 0
github.com/auucoder/gptgrok2api-go/internal/httpapi/register.go:637.9,639.3 1 0
github.com/auucoder/gptgrok2api-go/internal/httpapi/register.go:640.2,640.25 1 0
github.com/auucoder/gptgrok2api-go/internal/httpapi/register.go:643.73,651.6 8 0
github.com/auucoder/gptgrok2api-go/internal/httpapi/register.go:651.6,654.26 3 0
github.com/auucoder/gptgrok2api-go/internal/httpapi/register.go:654.26,657.22 3 0
github.com/auucoder/gptgrok2api-go/internal/httpapi/register.go:657.22,659.5 1 0
github.com/auucoder/gptgrok2api-go/internal/httpapi/register.go:661.3,661.10 1 0
github.com/auucoder/gptgrok2api-go/internal/httpapi/register.go:662.29,663.10 1 0
github.com/auucoder/gptgrok2api-go/internal/httpapi/register.go:664.19,664.19 0 0
github.com/auucoder/gptgrok2api-go/internal/httpapi/register.go:669.42,672.31 3 1
github.com/auucoder/gptgrok2api-go/internal/httpapi/register.go:672.31,674.34 2 1
github.com/auucoder/gptgrok2api-go/internal/httpapi/register.go:674.34,677.4 2 1
github.com/auucoder/gptgrok2api-go/internal/httpapi/register.go:679.2,679.15 1 1
github.com/auucoder/gptgrok2api-go/internal/httpapi/register_grok_runtime.go:14.87,16.9 2 0
github.com/auucoder/gptgrok2api-go/internal/httpapi/register_grok_runtime.go:16.9,18.3 1 0
github.com/auucoder/gptgrok2api-go/internal/httpapi/register_grok_runtime.go:19.2,20.16 2 0
github.com/auucoder/gptgrok2api-go/internal/httpapi/register_grok_runtime.go:20.16,23.3 2 0
github.com/auucoder/gptgrok2api-go/internal/httpapi/register_grok_runtime.go:24.2,25.29 2 0
github.com/auucoder/gptgrok2api-go/internal/httpapi/register_grok_runtime.go:25.29,27.3 1 0
github.com/auucoder/gptgrok2api-go/internal/httpapi/register_grok_runtime.go:28.2,35.25 5 0
github.com/auucoder/gptgrok2api-go/internal/httpapi/register_grok_runtime.go:35.25,38.13 3 0
github.com/auucoder/gptgrok2api-go/internal/httpapi/register_grok_runtime.go:38.13,41.14 3 0
github.com/auucoder/gptgrok2api-go/internal/httpapi/register_grok_runtime.go:41.14,44.5 2 0
github.com/auucoder/gptgrok2api-go/internal/httpapi/register_grok_runtime.go:45.4,46.19 2 0
github.com/auucoder/gptgrok2api-go/internal/httpapi/register_grok_runtime.go:46.19,49.5 2 0
github.com/auucoder/gptgrok2api-go/internal/httpapi/register_grok_runtime.go:50.4,51.17 2 0
github.com/auucoder/gptgrok2api-go/internal/httpapi/register_grok_runtime.go:51.17,51.26 1 0
github.com/auucoder/gptgrok2api-go/internal/httpapi/register_grok_runtime.go:52.4,55.25 4 0
github.com/auucoder/gptgrok2api-go/internal/httpapi/register_grok_runtime.go:55.25,59.5 3 0
github.com/auucoder/gptgrok2api-go/internal/httpapi/register_grok_runtime.go:60.4,61.142 2 0
github.com/auucoder/gptgrok2api-go/internal/httpapi/register_grok_runtime.go:64.2,67.28 4 0
github.com/auucoder/gptgrok2api-go/internal/httpapi/register_grok_runtime.go:67.28,69.3 1 0
github.com/auucoder/gptgrok2api-go/internal/httpapi/register_grok_runtime.go:70.2,72.25 3 0
github.com/auucoder/gptgrok2api-go/internal/httpapi/register_grok_runtime.go:72.25,75.25 3 0
github.com/auucoder/gptgrok2api-go/internal/httpapi/register_grok_runtime.go:75.25,77.4 1 0
github.com/auucoder/gptgrok2api-go/internal/httpapi/register_grok_runtime.go:79.2,82.4 1 0
github.com/auucoder/gptgrok2api-go/internal/httpapi/register_grok_runtime.go:85.86,87.9 2 0
github.com/auucoder/gptgrok2api-go/internal/httpapi/register_grok_runtime.go:87.9,89.3 1 0
github.com/auucoder/gptgrok2api-go/internal/httpapi/register_grok_runtime.go:90.2,91.16 2 0
github.com/auucoder/gptgrok2api-go/internal/httpapi/register_grok_runtime.go:91.16,94.3 2 0
github.com/auucoder/gptgrok2api-go/internal/httpapi/register_grok_runtime.go:95.2,96.29 2 0
github.com/auucoder/gptgrok2api-go/internal/httpapi/register_grok_runtime.go:96.29,98.3 1 0
github.com/auucoder/gptgrok2api-go/internal/httpapi/register_grok_runtime.go:99.2,101.25 3 0
github.com/auucoder/gptgrok2api-go/internal/httpapi/register_grok_runtime.go:101.25,103.13 2 0
github.com/auucoder/gptgrok2api-go/internal/httpapi/register_grok_runtime.go:103.13,106.12 3 0
github.com/auucoder/gptgrok2api-go/internal/httpapi/register_grok_runtime.go:108.3,109.18 2 0
github.com/auucoder/gptgrok2api-go/internal/httpapi/register_grok_runtime.go:109.18,112.12 3 0
github.com/auucoder/gptgrok2api-go/internal/httpapi/register_grok_runtime.go:114.3,117.22 4 0
github.com/auucoder/gptgrok2api-go/internal/httpapi/register_grok_runtime.go:117.22,119.63 2 0
github.com/auucoder/gptgrok2api-go/internal/httpapi/register_grok_runtime.go:119.63,121.5 1 0
github.com/auucoder/gptgrok2api-go/internal/httpapi/register_grok_runtime.go:122.4,122.27 1 0
github.com/auucoder/gptgrok2api-go/internal/httpapi/register_grok_runtime.go:122.27,124.5 1 0
github.com/auucoder/gptgrok2api-go/internal/httpapi/register_grok_runtime.go:124.10,126.5 1 0
github.com/auucoder/gptgrok2api-go/internal/httpapi/register_grok_runtime.go:127.4,129.12 3 0
github.com/auucoder/gptgrok2api-go/internal/httpapi/register_grok_runtime.go:131.3,134.94 4 0
github.com/auucoder/gptgrok2api-go/internal/httpapi/register_grok_runtime.go:136.2,139.4 1 0
github.com/auucoder/gptgrok2api-go/internal/httpapi/server.go:88.37,98.33 10 1
github.com/auucoder/gptgrok2api-go/internal/httpapi/server.go:98.33,100.43 2 0
github.com/auucoder/gptgrok2api-go/internal/httpapi/server.go:100.43,102.4 1 0
github.com/auucoder/gptgrok2api-go/internal/httpapi/server.go:102.9,104.4 1 0
github.com/auucoder/gptgrok2api-go/internal/httpapi/server.go:106.2,150.99 10 1
github.com/auucoder/gptgrok2api-go/internal/httpapi/server.go:150.99,158.3 3 0
github.com/auucoder/gptgrok2api-go/internal/httpapi/server.go:159.2,159.27 1 1
github.com/auucoder/gptgrok2api-go/internal/httpapi/server.go:159.27,164.3 4 1
github.com/auucoder/gptgrok2api-go/internal/httpapi/server.go:165.2,165.15 1 1
github.com/auucoder/gptgrok2api-go/internal/httpapi/server.go:170.29,171.14 1 0
github.com/auucoder/gptgrok2api-go/internal/httpapi/server.go:171.14,173.3 1 0
github.com/auucoder/gptgrok2api-go/internal/httpapi/server.go:174.2,174.27 1 0
github.com/auucoder/gptgrok2api-go/internal/httpapi/server.go:174.27,177.3 2 0
github.com/auucoder/gptgrok2api-go/internal/httpapi/server.go:180.80,182.31 2 1
github.com/auucoder/gptgrok2api-go/internal/httpapi/server.go:182.31,184.36 2 1
github.com/auucoder/gptgrok2api-go/internal/httpapi/server.go:184.36,190.4 1 1
github.com/auucoder/gptgrok2api-go/internal/httpapi/server.go:191.3,191.32 1 1
github.com/auucoder/gptgrok2api-go/internal/httpapi/server.go:193.2,193.15 1 1
github.com/auucoder/gptgrok2api-go/internal/httpapi/server.go:196.46,197.57 1 1
github.com/auucoder/gptgrok2api-go/internal/httpapi/server.go:197.57,199.3 1 0
github.com/auucoder/gptgrok2api-go/internal/httpapi/server.go:200.2,201.16 2 1
github.com/auucoder/gptgrok2api-go/internal/httpapi/server.go:201.16,203.3 1 0
github.com/auucoder/gptgrok2api-go/internal/httpapi/server.go:204.2,208.56 3 1
github.com/auucoder/gptgrok2api-go/internal/httpapi/server.go:208.56,210.3 1 0
github.com/auucoder/gptgrok2api-go/internal/httpapi/server.go:211.2,211.57 1 1
github.com/auucoder/gptgrok2api-go/internal/httpapi/server.go:211.57,213.3 1 0
github.com/auucoder/gptgrok2api-go/internal/httpapi/server.go:214.2,214.65 1 1
github.com/auucoder/gptgrok2api-go/internal/httpapi/server.go:214.65,216.3 1 0
github.com/auucoder/gptgrok2api-go/internal/httpapi/server.go:217.2,217.66 1 1
github.com/auucoder/gptgrok2api-go/internal/httpapi/server.go:217.66,219.3 1 0
github.com/auucoder/gptgrok2api-go/internal/httpapi/server.go:220.2,223.12 4 1
github.com/auucoder/gptgrok2api-go/internal/httpapi/server.go:226.46,227.16 1 1
github.com/auucoder/gptgrok2api-go/internal/httpapi/server.go:227.16,229.3 1 1
github.com/auucoder/gptgrok2api-go/internal/httpapi/server.go:230.2,230.35 1 1
github.com/auucoder/gptgrok2api-go/internal/httpapi/server.go:236.89,237.37 1 1
github.com/auucoder/gptgrok2api-go/internal/httpapi/server.go:237.37,238.17 1 1
github.com/auucoder/gptgrok2api-go/internal/httpapi/server.go:238.18,238.19 0 1
github.com/auucoder/gptgrok2api-go/internal/httpapi/server.go:240.2,241.9 2 1
github.com/auucoder/gptgrok2api-go/internal/httpapi/server.go:242.34,244.15 2 1
github.com/auucoder/gptgrok2api-go/internal/httpapi/server.go:244.15,246.4 1 0
github.com/auucoder/gptgrok2api-go/internal/httpapi/server.go:247.3,248.17 2 1
github.com/auucoder/gptgrok2api-go/internal/httpapi/server.go:248.17,248.34 1 1
github.com/auucoder/gptgrok2api-go/internal/httpapi/server.go:248.34,248.52 1 1
github.com/auucoder/gptgrok2api-go/internal/httpapi/server.go:249.20,250.24 1 0
github.com/auucoder/gptgrok2api-go/internal/httpapi/server.go:258.74,262.138 1 0
github.com/auucoder/gptgrok2api-go/internal/httpapi/server.go:262.138,264.3 1 0
github.com/auucoder/gptgrok2api-go/internal/httpapi/server.go:265.2,266.79 2 0
github.com/auucoder/gptgrok2api-go/internal/httpapi/server.go:266.79,268.3 1 0
github.com/auucoder/gptgrok2api-go/internal/httpapi/server.go:269.2,270.16 2 0
github.com/auucoder/gptgrok2api-go/internal/httpapi/server.go:270.16,273.3 2 0
github.com/auucoder/gptgrok2api-go/internal/httpapi/server.go:274.2,274.17 1 0
github.com/auucoder/gptgrok2api-go/internal/httpapi/server.go:274.17,276.3 1 0
github.com/auucoder/gptgrok2api-go/internal/httpapi/server.go:279.41,393.2 113 1
github.com/auucoder/gptgrok2api-go/internal/httpapi/server.go:395.65,396.71 1 1
github.com/auucoder/gptgrok2api-go/internal/httpapi/server.go:396.71,398.19 2 1
github.com/auucoder/gptgrok2api-go/internal/httpapi/server.go:398.19,401.4 2 0
github.com/auucoder/gptgrok2api-go/internal/httpapi/server.go:402.3,411.37 8 1
github.com/auucoder/gptgrok2api-go/internal/httpapi/server.go:411.37,414.4 2 0
github.com/auucoder/gptgrok2api-go/internal/httpapi/server.go:415.3,415.32 1 1
github.com/auucoder/gptgrok2api-go/internal/httpapi/server.go:415.32,418.4 2 1
github.com/auucoder/gptgrok2api-go/internal/httpapi/server.go:419.3,419.23 1 1
github.com/auucoder/gptgrok2api-go/internal/httpapi/server.go:431.55,432.19 1 1
github.com/auucoder/gptgrok2api-go/internal/httpapi/server.go:432.19,434.3 1 1
github.com/auucoder/gptgrok2api-go/internal/httpapi/server.go:435.2,435.38 1 1
github.com/auucoder/gptgrok2api-go/internal/httpapi/server.go:438.63,439.19 1 1
github.com/auucoder/gptgrok2api-go/internal/httpapi/server.go:439.19,441.3 1 1
github.com/auucoder/gptgrok2api-go/internal/httpapi/server.go:442.2,442.26 1 1
github.com/auucoder/gptgrok2api-go/internal/httpapi/server.go:442.26,444.25 2 1
github.com/auucoder/gptgrok2api-go/internal/httpapi/server.go:444.25,446.4 1 0
github.com/auucoder/gptgrok2api-go/internal/httpapi/server.go:446.9,448.4 1 1
github.com/auucoder/gptgrok2api-go/internal/httpapi/server.go:450.2,450.37 1 1
github.com/auucoder/gptgrok2api-go/internal/httpapi/server.go:453.39,454.56 1 1
github.com/auucoder/gptgrok2api-go/internal/httpapi/server.go:454.56,456.3 1 1
github.com/auucoder/gptgrok2api-go/internal/httpapi/server.go:459.61,460.33 1 1
github.com/auucoder/gptgrok2api-go/internal/httpapi/server.go:460.33,462.3 1 1
github.com/auucoder/gptgrok2api-go/internal/httpapi/server.go:463.2,464.105 2 1
github.com/auucoder/gptgrok2api-go/internal/httpapi/server.go:467.96,473.59 6 1
github.com/auucoder/gptgrok2api-go/internal/httpapi/server.go:473.59,477.3 3 1
github.com/auucoder/gptgrok2api-go/internal/httpapi/server.go:478.2,478.31 1 1
github.com/auucoder/gptgrok2api-go/internal/httpapi/server.go:478.31,480.3 1 0
github.com/auucoder/gptgrok2api-go/internal/httpapi/server.go:480.8,482.3 1 1
github.com/auucoder/gptgrok2api-go/internal/httpapi/server.go:483.2,489.17 7 1
github.com/auucoder/gptgrok2api-go/internal/httpapi/server.go:489.17,491.3 1 0
github.com/auucoder/gptgrok2api-go/internal/httpapi/server.go:492.2,493.19 2 1
github.com/auucoder/gptgrok2api-go/internal/httpapi/server.go:493.19,495.3 1 0
github.com/auucoder/gptgrok2api-go/internal/httpapi/server.go:495.8,497.3 1 1
github.com/auucoder/gptgrok2api-go/internal/httpapi/server.go:498.2,498.44 1 1
github.com/auucoder/gptgrok2api-go/internal/httpapi/server.go:498.44,500.3 1 1
github.com/auucoder/gptgrok2api-go/internal/httpapi/server.go:505.77,506.14 1 1
github.com/auucoder/gptgrok2api-go/internal/httpapi/server.go:506.14,508.3 1 0
github.com/auucoder/gptgrok2api-go/internal/httpapi/server.go:509.2,510.14 2 1
github.com/auucoder/gptgrok2api-go/internal/httpapi/server.go:510.14,512.3 1 0
github.com/auucoder/gptgrok2api-go/internal/httpapi/server.go:516.2,519.47 4 1
github.com/auucoder/gptgrok2api-go/internal/httpapi/server.go:519.47,520.30 1 1
github.com/auucoder/gptgrok2api-go/internal/httpapi/server.go:520.30,522.4 1 1
github.com/auucoder/gptgrok2api-go/internal/httpapi/server.go:523.3,523.32 1 1
github.com/auucoder/gptgrok2api-go/internal/httpapi/server.go:523.32,525.4 1 1
github.com/auucoder/gptgrok2api-go/internal/httpapi/server.go:526.3,526.55 1 1
github.com/auucoder/gptgrok2api-go/internal/httpapi/server.go:526.55,528.4 1 1
github.com/auucoder/gptgrok2api-go/internal/httpapi/server.go:532.107,533.14 1 1
github.com/auucoder/gptgrok2api-go/internal/httpapi/server.go:533.14,535.3 1 0
github.com/auucoder/gptgrok2api-go/internal/httpapi/server.go:536.2,537.14 2 1
github.com/auucoder/gptgrok2api-go/internal/httpapi/server.go:537.14,539.3 1 0
github.com/auucoder/gptgrok2api-go/internal/httpapi/server.go:540.2,541.58 2 1
github.com/auucoder/gptgrok2api-go/internal/httpapi/server.go:544.63,545.46 1 1
github.com/auucoder/gptgrok2api-go/internal/httpapi/server.go:545.46,547.3 1 0
github.com/auucoder/gptgrok2api-go/internal/httpapi/server.go:548.2,549.14 2 1
github.com/auucoder/gptgrok2api-go/internal/httpapi/server.go:549.14,551.3 1 0
github.com/auucoder/gptgrok2api-go/internal/httpapi/server.go:552.2,552.68 1 1
github.com/auucoder/gptgrok2api-go/internal/httpapi/server.go:552.68,554.3 1 1
github.com/auucoder/gptgrok2api-go/internal/httpapi/server.go:555.2,555.10 1 0
github.com/auucoder/gptgrok2api-go/internal/httpapi/server.go:558.82,559.14 1 1
github.com/auucoder/gptgrok2api-go/internal/httpapi/server.go:559.14,561.3 1 0
github.com/auucoder/gptgrok2api-go/internal/httpapi/server.go:562.2,563.88 2 1
github.com/auucoder/gptgrok2api-go/internal/httpapi/server.go:563.88,564.86 1 1
github.com/auucoder/gptgrok2api-go/internal/httpapi/server.go:564.86,566.9 2 1
github.com/auucoder/gptgrok2api-go/internal/httpapi/server.go:569.2,569.111 1 1
github.com/auucoder/gptgrok2api-go/internal/httpapi/server.go:569.111,570.86 1 1
github.com/auucoder/gptgrok2api-go/internal/httpapi/server.go:570.86,572.9 2 0
github.com/auucoder/gptgrok2api-go/internal/httpapi/server.go:575.2,575.65 1 1
github.com/auucoder/gptgrok2api-go/internal/httpapi/server.go:575.65,576.86 1 1
github.com/auucoder/gptgrok2api-go/internal/httpapi/server.go:576.86,578.9 2 0
github.com/auucoder/gptgrok2api-go/internal/httpapi/server.go:581.2,581.65 1 1
github.com/auucoder/gptgrok2api-go/internal/httpapi/server.go:581.65,583.79 2 1
github.com/auucoder/gptgrok2api-go/internal/httpapi/server.go:583.79,584.12 1 1
github.com/auucoder/gptgrok2api-go/internal/httpapi/server.go:586.3,586.59 1 1
github.com/auucoder/gptgrok2api-go/internal/httpapi/server.go:586.59,590.4 3 1
github.com/auucoder/gptgrok2api-go/internal/httpapi/server.go:591.3,591.8 1 1
github.com/auucoder/gptgrok2api-go/internal/httpapi/server.go:593.2,593.38 1 1
github.com/auucoder/gptgrok2api-go/internal/httpapi/server.go:593.38,596.58 1 1
github.com/auucoder/gptgrok2api-go/internal/httpapi/server.go:596.58,598.4 1 1
github.com/auucoder/gptgrok2api-go/internal/httpapi/server.go:600.2,600.19 1 1
github.com/auucoder/gptgrok2api-go/internal/httpapi/server.go:600.19,602.3 1 1
github.com/auucoder/gptgrok2api-go/internal/httpapi/server.go:607.66,608.19 1 1
github.com/auucoder/gptgrok2api-go/internal/httpapi/server.go:608.19,610.3 1 0
github.com/auucoder/gptgrok2api-go/internal/httpapi/server.go:611.2,611.52 1 1
github.com/auucoder/gptgrok2api-go/internal/httpapi/server.go:611.52,613.3 1 1
github.com/auucoder/gptgrok2api-go/internal/httpapi/server.go:614.2,616.29 3 1
github.com/auucoder/gptgrok2api-go/internal/httpapi/server.go:616.29,618.10 2 1
github.com/auucoder/gptgrok2api-go/internal/httpapi/server.go:618.10,620.4 1 1
github.com/auucoder/gptgrok2api-go/internal/httpapi/server.go:621.3,621.25 1 1
github.com/auucoder/gptgrok2api-go/internal/httpapi/server.go:623.2,623.29 1 1
github.com/auucoder/gptgrok2api-go/internal/httpapi/server.go:626.65,627.14 1 1
github.com/auucoder/gptgrok2api-go/internal/httpapi/server.go:627.14,629.3 1 0
github.com/auucoder/gptgrok2api-go/internal/httpapi/server.go:630.2,631.59 2 1
github.com/auucoder/gptgrok2api-go/internal/httpapi/server.go:631.59,632.56 1 1
github.com/auucoder/gptgrok2api-go/internal/httpapi/server.go:632.56,634.4 1 0
github.com/auucoder/gptgrok2api-go/internal/httpapi/server.go:635.3,638.20 4 1
github.com/auucoder/gptgrok2api-go/internal/httpapi/server.go:638.20,640.4 1 0
github.com/auucoder/gptgrok2api-go/internal/httpapi/server.go:641.3,641.20 1 1
github.com/auucoder/gptgrok2api-go/internal/httpapi/server.go:641.20,643.4 1 0
github.com/auucoder/gptgrok2api-go/internal/httpapi/server.go:644.3,644.25 1 1
github.com/auucoder/gptgrok2api-go/internal/httpapi/server.go:644.25,646.4 1 0
github.com/auucoder/gptgrok2api-go/internal/httpapi/server.go:647.3,648.48 2 1
github.com/auucoder/gptgrok2api-go/internal/httpapi/server.go:648.48,650.4 1 1
github.com/auucoder/gptgrok2api-go/internal/httpapi/server.go:651.3,651.175 1 1
github.com/auucoder/gptgrok2api-go/internal/httpapi/server.go:653.2,653.84 1 1
github.com/auucoder/gptgrok2api-go/internal/httpapi/server.go:653.84,655.3 1 0
github.com/auucoder/gptgrok2api-go/internal/httpapi/server.go:656.2,656.60 1 1
github.com/auucoder/gptgrok2api-go/internal/httpapi/server.go:656.60,658.3 1 0
github.com/auucoder/gptgrok2api-go/internal/httpapi/server.go:659.2,660.16 2 1
github.com/auucoder/gptgrok2api-go/internal/httpapi/server.go:660.16,663.3 2 0
github.com/auucoder/gptgrok2api-go/internal/httpapi/server.go:664.2,666.9 3 1
github.com/auucoder/gptgrok2api-go/internal/httpapi/server.go:666.9,668.3 1 0
github.com/auucoder/gptgrok2api-go/internal/httpapi/server.go:669.2,671.46 3 1
github.com/auucoder/gptgrok2api-go/internal/httpapi/server.go:671.46,673.3 1 0
github.com/auucoder/gptgrok2api-go/internal/httpapi/server.go:674.2,676.19 3 1
github.com/auucoder/gptgrok2api-go/internal/httpapi/server.go:676.19,678.3 1 1
github.com/auucoder/gptgrok2api-go/internal/httpapi/server.go:679.2,679.24 1 1
github.com/auucoder/gptgrok2api-go/internal/httpapi/server.go:679.24,681.3 1 0
github.com/auucoder/gptgrok2api-go/internal/httpapi/server.go:682.2,683.175 2 1
github.com/auucoder/gptgrok2api-go/internal/httpapi/server.go:686.48,688.27 2 1
github.com/auucoder/gptgrok2api-go/internal/httpapi/server.go:689.14,690.78 1 1
github.com/auucoder/gptgrok2api-go/internal/httpapi/server.go:690.78,692.4 1 0
github.com/auucoder/gptgrok2api-go/internal/httpapi/server.go:693.3,693.74 1 1
github.com/auucoder/gptgrok2api-go/internal/httpapi/server.go:693.74,695.4 1 0
github.com/auucoder/gptgrok2api-go/internal/httpapi/server.go:696.13,697.23 1 1
github.com/auucoder/gptgrok2api-go/internal/httpapi/server.go:697.23,701.4 3 1
github.com/auucoder/gptgrok2api-go/internal/httpapi/server.go:702.22,703.23 1 1
github.com/auucoder/gptgrok2api-go/internal/httpapi/server.go:703.23,704.139 1 1
github.com/auucoder/gptgrok2api-go/internal/httpapi/server.go:704.139,708.5 3 1
github.com/auucoder/gptgrok2api-go/internal/httpapi/server.go:711.2,711.19 1 1
github.com/auucoder/gptgrok2api-go/internal/httpapi/server.go:714.62,715.18 1 1
github.com/auucoder/gptgrok2api-go/internal/httpapi/server.go:715.18,717.3 1 1
github.com/auucoder/gptgrok2api-go/internal/httpapi/server.go:718.2,719.19 2 0
github.com/auucoder/gptgrok2api-go/internal/httpapi/server.go:719.19,721.3 1 0
github.com/auucoder/gptgrok2api-go/internal/httpapi/server.go:722.2,723.42 2 0
github.com/auucoder/gptgrok2api-go/internal/httpapi/server.go:723.42,724.83 1 0
github.com/auucoder/gptgrok2api-go/internal/httpapi/server.go:724.83,726.4 1 0
github.com/auucoder/gptgrok2api-go/internal/httpapi/server.go:727.3,727.64 1 0
github.com/auucoder/gptgrok2api-go/internal/httpapi/server.go:727.64,729.4 1 0
github.com/auucoder/gptgrok2api-go/internal/httpapi/server.go:731.2,731.25 1 0
github.com/auucoder/gptgrok2api-go/internal/httpapi/server.go:731.25,733.3 1 0
github.com/auucoder/gptgrok2api-go/internal/httpapi/server.go:734.2,734.16 1 0
github.com/auucoder/gptgrok2api-go/internal/httpapi/server.go:737.56,739.9 2 1
github.com/auucoder/gptgrok2api-go/internal/httpapi/server.go:739.9,741.3 1 0
github.com/auucoder/gptgrok2api-go/internal/httpapi/server.go:742.2,743.29 2 1
github.com/auucoder/gptgrok2api-go/internal/httpapi/server.go:743.29,745.10 2 1
github.com/auucoder/gptgrok2api-go/internal/httpapi/server.go:745.10,746.12 1 0
github.com/auucoder/gptgrok2api-go/internal/httpapi/server.go:748.3,751.5 1 1
github.com/auucoder/gptgrok2api-go/internal/httpapi/server.go:753.2,753.17 1 1
github.com/auucoder/gptgrok2api-go/internal/httpapi/server.go:756.65,766.2 1 1
github.com/auucoder/gptgrok2api-go/internal/httpapi/server.go:768.69,769.25 1 1
github.com/auucoder/gptgrok2api-go/internal/httpapi/server.go:769.25,771.3 1 1
github.com/auucoder/gptgrok2api-go/internal/httpapi/server.go:772.2,773.33 2 1
github.com/auucoder/gptgrok2api-go/internal/httpapi/server.go:773.33,774.19 1 1
github.com/auucoder/gptgrok2api-go/internal/httpapi/server.go:774.19,776.4 1 1
github.com/auucoder/gptgrok2api-go/internal/httpapi/server.go:778.2,778.77 1 1
github.com/auucoder/gptgrok2api-go/internal/httpapi/server.go:781.67,782.25 1 0
github.com/auucoder/gptgrok2api-go/internal/httpapi/server.go:782.25,784.3 1 0
github.com/auucoder/gptgrok2api-go/internal/httpapi/server.go:785.2,787.9 3 0
github.com/auucoder/gptgrok2api-go/internal/httpapi/server.go:787.9,790.3 2 0
github.com/auucoder/gptgrok2api-go/internal/httpapi/server.go:791.2,791.44 1 0
github.com/auucoder/gptgrok2api-go/internal/httpapi/server.go:794.61,795.25 1 0
github.com/auucoder/gptgrok2api-go/internal/httpapi/server.go:795.25,797.3 1 0
github.com/auucoder/gptgrok2api-go/internal/httpapi/server.go:798.2,798.75 1 0
github.com/auucoder/gptgrok2api-go/internal/httpapi/server.go:801.74,802.25 1 1
github.com/auucoder/gptgrok2api-go/internal/httpapi/server.go:802.25,804.3 1 0
github.com/auucoder/gptgrok2api-go/internal/httpapi/server.go:805.2,805.33 1 1
github.com/auucoder/gptgrok2api-go/internal/httpapi/server.go:805.33,808.3 2 0
github.com/auucoder/gptgrok2api-go/internal/httpapi/server.go:809.2,810.33 2 1
github.com/auucoder/gptgrok2api-go/internal/httpapi/server.go:810.33,812.3 1 0
github.com/auucoder/gptgrok2api-go/internal/httpapi/server.go:813.2,813.44 1 1
github.com/auucoder/gptgrok2api-go/internal/httpapi/server.go:813.44,816.3 2 0
github.com/auucoder/gptgrok2api-go/internal/httpapi/server.go:817.2,817.32 1 1
github.com/auucoder/gptgrok2api-go/internal/httpapi/server.go:817.32,820.3 2 0
github.com/auucoder/gptgrok2api-go/internal/httpapi/server.go:821.2,821.47 1 1
github.com/auucoder/gptgrok2api-go/internal/httpapi/server.go:821.47,822.59 1 1
github.com/auucoder/gptgrok2api-go/internal/httpapi/server.go:823.59,823.59 0 1
github.com/auucoder/gptgrok2api-go/internal/httpapi/server.go:824.11,826.10 2 0
github.com/auucoder/gptgrok2api-go/internal/httpapi/server.go:829.2,829.90 1 1
github.com/auucoder/gptgrok2api-go/internal/httpapi/server.go:829.90,832.3 2 0
github.com/auucoder/gptgrok2api-go/internal/httpapi/server.go:833.2,833.69 1 1
github.com/auucoder/gptgrok2api-go/internal/httpapi/server.go:833.69,836.3 2 0
github.com/auucoder/gptgrok2api-go/internal/httpapi/server.go:837.2,838.9 2 1
github.com/auucoder/gptgrok2api-go/internal/httpapi/server.go:838.9,841.3 2 0
github.com/auucoder/gptgrok2api-go/internal/httpapi/server.go:842.2,842.19 1 1
github.com/auucoder/gptgrok2api-go/internal/httpapi/server.go:842.19,845.3 2 1
github.com/auucoder/gptgrok2api-go/internal/httpapi/server.go:846.2,846.17 1 1
github.com/auucoder/gptgrok2api-go/internal/httpapi/server.go:846.17,847.21 1 1
github.com/auucoder/gptgrok2api-go/internal/httpapi/server.go:847.21,849.4 1 0
github.com/auucoder/gptgrok2api-go/internal/httpapi/server.go:849.9,851.4 1 1
github.com/auucoder/gptgrok2api-go/internal/httpapi/server.go:852.3,852.9 1 1
github.com/auucoder/gptgrok2api-go/internal/httpapi/server.go:854.2,854.18 1 1
github.com/auucoder/gptgrok2api-go/internal/httpapi/server.go:854.18,855.21 1 0
github.com/auucoder/gptgrok2api-go/internal/httpapi/server.go:855.21,857.4 1 0
github.com/auucoder/gptgrok2api-go/internal/httpapi/server.go:857.9,859.4 1 0
github.com/auucoder/gptgrok2api-go/internal/httpapi/server.go:860.3,860.9 1 0
github.com/auucoder/gptgrok2api-go/internal/httpapi/server.go:862.2,862.57 1 1
github.com/auucoder/gptgrok2api-go/internal/httpapi/server.go:862.57,863.21 1 1
github.com/auucoder/gptgrok2api-go/internal/httpapi/server.go:863.21,865.4 1 0
github.com/auucoder/gptgrok2api-go/internal/httpapi/server.go:865.9,867.4 1 1
github.com/auucoder/gptgrok2api-go/internal/httpapi/server.go:868.3,868.9 1 1
github.com/auucoder/gptgrok2api-go/internal/httpapi/server.go:870.2,870.20 1 1
github.com/auucoder/gptgrok2api-go/internal/httpapi/server.go:870.20,873.3 2 1
github.com/auucoder/gptgrok2api-go/internal/httpapi/server.go:874.2,874.38 1 1
github.com/auucoder/gptgrok2api-go/internal/httpapi/server.go:877.124,879.38 2 1
github.com/auucoder/gptgrok2api-go/internal/httpapi/server.go:879.38,882.3 2 0
github.com/auucoder/gptgrok2api-go/internal/httpapi/server.go:883.2,883.28 1 1
github.com/auucoder/gptgrok2api-go/internal/httpapi/server.go:883.28,885.3 1 1
github.com/auucoder/gptgrok2api-go/internal/httpapi/server.go:886.2,890.63 5 1
github.com/auucoder/gptgrok2api-go/internal/httpapi/server.go:890.63,892.17 2 1
github.com/auucoder/gptgrok2api-go/internal/httpapi/server.go:892.17,894.9 2 0
github.com/auucoder/gptgrok2api-go/internal/httpapi/server.go:896.3,899.17 4 1
github.com/auucoder/gptgrok2api-go/internal/httpapi/server.go:899.17,904.38 5 0
github.com/auucoder/gptgrok2api-go/internal/httpapi/server.go:904.38,905.13 1 0
github.com/auucoder/gptgrok2api-go/internal/httpapi/server.go:907.4,907.9 1 0
github.com/auucoder/gptgrok2api-go/internal/httpapi/server.go:909.3,909.62 1 1
github.com/auucoder/gptgrok2api-go/internal/httpapi/server.go:909.62,915.50 6 1
github.com/auucoder/gptgrok2api-go/internal/httpapi/server.go:915.50,916.13 1 1
github.com/auucoder/gptgrok2api-go/internal/httpapi/server.go:918.4,918.9 1 0
github.com/auucoder/gptgrok2api-go/internal/httpapi/server.go:920.3,923.85 4 1
github.com/auucoder/gptgrok2api-go/internal/httpapi/server.go:923.85,927.4 3 1
github.com/auucoder/gptgrok2api-go/internal/httpapi/server.go:928.3,930.21 3 1
github.com/auucoder/gptgrok2api-go/internal/httpapi/server.go:930.21,934.38 4 0
github.com/auucoder/gptgrok2api-go/internal/httpapi/server.go:934.38,936.13 2 0
github.com/auucoder/gptgrok2api-go/internal/httpapi/server.go:938.4,938.9 1 0
github.com/auucoder/gptgrok2api-go/internal/httpapi/server.go:940.3,942.8 3 1
github.com/auucoder/gptgrok2api-go/internal/httpapi/server.go:944.2,944.20 1 1
github.com/auucoder/gptgrok2api-go/internal/httpapi/server.go:944.20,946.50 2 0
github.com/auucoder/gptgrok2api-go/internal/httpapi/server.go:946.50,948.4 1 0
github.com/auucoder/gptgrok2api-go/internal/httpapi/server.go:949.3,949.120 1 0
github.com/auucoder/gptgrok2api-go/internal/httpapi/server.go:949.120,951.4 1 0
github.com/auucoder/gptgrok2api-go/internal/httpapi/server.go:952.3,953.9 2 0
github.com/auucoder/gptgrok2api-go/internal/httpapi/server.go:955.2,967.20 2 1
github.com/auucoder/gptgrok2api-go/internal/httpapi/server.go:967.20,969.3 1 0
github.com/auucoder/gptgrok2api-go/internal/httpapi/server.go:970.2,970.28 1 1
github.com/auucoder/gptgrok2api-go/internal/httpapi/server.go:970.28,972.21 2 1
github.com/auucoder/gptgrok2api-go/internal/httpapi/server.go:972.21,974.31 2 1
github.com/auucoder/gptgrok2api-go/internal/httpapi/server.go:974.31,976.5 1 1
github.com/auucoder/gptgrok2api-go/internal/httpapi/server.go:977.4,979.42 3 1
github.com/auucoder/gptgrok2api-go/internal/httpapi/server.go:982.2,982.39 1 1
github.com/auucoder/gptgrok2api-go/internal/httpapi/server.go:985.126,989.28 4 0
github.com/auucoder/gptgrok2api-go/internal/httpapi/server.go:989.28,993.3 3 0
github.com/auucoder/gptgrok2api-go/internal/httpapi/server.go:994.2,995.61 2 0
github.com/auucoder/gptgrok2api-go/internal/httpapi/server.go:995.61,998.3 2 0
github.com/auucoder/gptgrok2api-go/internal/httpapi/server.go:999.2,1003.52 5 0
github.com/auucoder/gptgrok2api-go/internal/httpapi/server.go:1003.52,1004.33 1 0
github.com/auucoder/gptgrok2api-go/internal/httpapi/server.go:1004.33,1008.4 3 0
github.com/auucoder/gptgrok2api-go/internal/httpapi/server.go:1009.3,1009.245 1 0
github.com/auucoder/gptgrok2api-go/internal/httpapi/server.go:1010.8,1013.3 2 0
github.com/auucoder/gptgrok2api-go/internal/httpapi/server.go:1014.2,1014.46 1 0
github.com/auucoder/gptgrok2api-go/internal/httpapi/server.go:1017.122,1019.38 2 1
github.com/auucoder/gptgrok2api-go/internal/httpapi/server.go:1019.38,1022.3 2 0
github.com/auucoder/gptgrok2api-go/internal/httpapi/server.go:1023.2,1032.63 10 1
github.com/auucoder/gptgrok2api-go/internal/httpapi/server.go:1032.63,1034.17 2 1
github.com/auucoder/gptgrok2api-go/internal/httpapi/server.go:1034.17,1036.9 2 0
github.com/auucoder/gptgrok2api-go/internal/httpapi/server.go:1038.3,1041.17 4 1
github.com/auucoder/gptgrok2api-go/internal/httpapi/server.go:1041.17,1046.50 5 0
github.com/auucoder/gptgrok2api-go/internal/httpapi/server.go:1046.50,1047.13 1 0
github.com/auucoder/gptgrok2api-go/internal/httpapi/server.go:1049.4,1049.9 1 0
github.com/auucoder/gptgrok2api-go/internal/httpapi/server.go:1051.3,1051.62 1 1
github.com/auucoder/gptgrok2api-go/internal/httpapi/server.go:1051.62,1057.62 6 0
github.com/auucoder/gptgrok2api-go/internal/httpapi/server.go:1057.62,1058.13 1 0
github.com/auucoder/gptgrok2api-go/internal/httpapi/server.go:1060.4,1060.9 1 0
github.com/auucoder/gptgrok2api-go/internal/httpapi/server.go:1062.3,1064.86 3 1
github.com/auucoder/gptgrok2api-go/internal/httpapi/server.go:1064.86,1065.67 1 1
github.com/auucoder/gptgrok2api-go/internal/httpapi/server.go:1065.67,1067.5 1 0
github.com/auucoder/gptgrok2api-go/internal/httpapi/server.go:1068.4,1068.16 1 1
github.com/auucoder/gptgrok2api-go/internal/httpapi/server.go:1068.16,1074.5 2 1
github.com/auucoder/gptgrok2api-go/internal/httpapi/server.go:1075.4,1075.24 1 1
github.com/auucoder/gptgrok2api-go/internal/httpapi/server.go:1075.24,1080.5 1 1
github.com/auucoder/gptgrok2api-go/internal/httpapi/server.go:1081.4,1081.65 1 1
github.com/auucoder/gptgrok2api-go/internal/httpapi/server.go:1081.65,1086.5 1 0
github.com/auucoder/gptgrok2api-go/internal/httpapi/server.go:1087.4,1087.22 1 1
github.com/auucoder/gptgrok2api-go/internal/httpapi/server.go:1087.22,1089.5 1 1
github.com/auucoder/gptgrok2api-go/internal/httpapi/server.go:1090.4,1090.14 1 1
github.com/auucoder/gptgrok2api-go/internal/httpapi/server.go:1092.3,1094.21 3 1
github.com/auucoder/gptgrok2api-go/internal/httpapi/server.go:1094.21,1098.50 4 0
github.com/auucoder/gptgrok2api-go/internal/httpapi/server.go:1098.50,1099.13 1 0
github.com/auucoder/gptgrok2api-go/internal/httpapi/server.go:1101.4,1101.9 1 0
github.com/auucoder/gptgrok2api-go/internal/httpapi/server.go:1103.3,1105.8 3 1
github.com/auucoder/gptgrok2api-go/internal/httpapi/server.go:1107.2,1107.20 1 1
github.com/auucoder/gptgrok2api-go/internal/httpapi/server.go:1107.20,1109.3 1 0
github.com/auucoder/gptgrok2api-go/internal/httpapi/server.go:1110.2,1110.14 1 1
github.com/auucoder/gptgrok2api-go/internal/httpapi/server.go:1110.14,1115.3 1 0
github.com/auucoder/gptgrok2api-go/internal/httpapi/server.go:1116.2,1121.20 3 1
github.com/auucoder/gptgrok2api-go/internal/httpapi/server.go:1121.20,1123.3 1 1
github.com/auucoder/gptgrok2api-go/internal/httpapi/server.go:1126.56,1128.2 1 1
github.com/auucoder/gptgrok2api-go/internal/httpapi/server.go:1130.49,1133.2 2 1
github.com/auucoder/gptgrok2api-go/internal/httpapi/server.go:1135.25,1137.2 1 1
github.com/auucoder/gptgrok2api-go/internal/httpapi/server.go:1139.41,1140.17 1 1
github.com/auucoder/gptgrok2api-go/internal/httpapi/server.go:1140.17,1142.3 1 1
github.com/auucoder/gptgrok2api-go/internal/httpapi/server.go:1143.2,1143.20 1 0
github.com/auucoder/gptgrok2api-go/internal/httpapi/server.go:1146.68,1155.2 4 1
github.com/auucoder/gptgrok2api-go/internal/httpapi/server.go:1157.63,1158.25 1 0
github.com/auucoder/gptgrok2api-go/internal/httpapi/server.go:1158.25,1160.3 1 0
github.com/auucoder/gptgrok2api-go/internal/httpapi/server.go:1161.2,1161.76 1 0
github.com/auucoder/gptgrok2api-go/internal/httpapi/server.go:1164.67,1165.27 1 0
github.com/auucoder/gptgrok2api-go/internal/httpapi/server.go:1165.27,1167.3 1 0
github.com/auucoder/gptgrok2api-go/internal/httpapi/server.go:1168.2,1168.77 1 0
github.com/auucoder/gptgrok2api-go/internal/httpapi/server.go:1171.74,1172.35 1 0
github.com/auucoder/gptgrok2api-go/internal/httpapi/server.go:1172.35,1174.3 1 0
github.com/auucoder/gptgrok2api-go/internal/httpapi/server.go:1175.2,1175.33 1 0
github.com/auucoder/gptgrok2api-go/internal/httpapi/server.go:1175.33,1178.3 2 0
github.com/auucoder/gptgrok2api-go/internal/httpapi/server.go:1179.2,1182.33 2 0
github.com/auucoder/gptgrok2api-go/internal/httpapi/server.go:1182.33,1184.3 1 0
github.com/auucoder/gptgrok2api-go/internal/httpapi/server.go:1185.2,1185.30 1 0
github.com/auucoder/gptgrok2api-go/internal/httpapi/server.go:1185.30,1188.3 2 0
github.com/auucoder/gptgrok2api-go/internal/httpapi/server.go:1189.2,1190.16 2 0
github.com/auucoder/gptgrok2api-go/internal/httpapi/server.go:1190.16,1193.3 2 0
github.com/auucoder/gptgrok2api-go/internal/httpapi/server.go:1194.2,1194.81 1 0
github.com/auucoder/gptgrok2api-go/internal/httpapi/server.go:1197.72,1199.26 2 0
github.com/auucoder/gptgrok2api-go/internal/httpapi/server.go:1199.26,1201.3 1 0
github.com/auucoder/gptgrok2api-go/internal/httpapi/server.go:1202.2,1203.16 2 0
github.com/auucoder/gptgrok2api-go/internal/httpapi/server.go:1203.16,1206.3 2 0
github.com/auucoder/gptgrok2api-go/internal/httpapi/server.go:1207.2,1207.36 1 0
github.com/auucoder/gptgrok2api-go/internal/httpapi/server.go:1207.36,1208.32 1 0
github.com/auucoder/gptgrok2api-go/internal/httpapi/server.go:1208.32,1210.4 1 0
github.com/auucoder/gptgrok2api-go/internal/httpapi/server.go:1212.2,1213.32 2 0
github.com/auucoder/gptgrok2api-go/internal/httpapi/server.go:1213.32,1215.3 1 0
github.com/auucoder/gptgrok2api-go/internal/httpapi/server.go:1216.2,1217.16 2 0
github.com/auucoder/gptgrok2api-go/internal/httpapi/server.go:1217.16,1220.3 2 0
github.com/auucoder/gptgrok2api-go/internal/httpapi/server.go:1221.2,1222.39 2 0
github.com/auucoder/gptgrok2api-go/internal/httpapi/server.go:1222.39,1223.32 1 0
github.com/auucoder/gptgrok2api-go/internal/httpapi/server.go:1223.32,1225.4 1 0
github.com/auucoder/gptgrok2api-go/internal/httpapi/server.go:1227.2,1228.49 2 0
github.com/auucoder/gptgrok2api-go/internal/httpapi/server.go:1228.49,1230.3 1 0
github.com/auucoder/gptgrok2api-go/internal/httpapi/server.go:1233.64,1234.33 1 1
github.com/auucoder/gptgrok2api-go/internal/httpapi/server.go:1234.33,1237.3 2 0
github.com/auucoder/gptgrok2api-go/internal/httpapi/server.go:1238.2,1240.9 3 1
github.com/auucoder/gptgrok2api-go/internal/httpapi/server.go:1240.9,1243.3 2 0
github.com/auucoder/gptgrok2api-go/internal/httpapi/server.go:1244.2,1251.4 1 1
github.com/auucoder/gptgrok2api-go/internal/httpapi/server.go:1254.69,1257.9 3 1
github.com/auucoder/gptgrok2api-go/internal/httpapi/server.go:1257.9,1264.3 2 1
github.com/auucoder/gptgrok2api-go/internal/httpapi/server.go:1265.2,1273.4 1 0
github.com/auucoder/gptgrok2api-go/internal/httpapi/server.go:1276.67,1277.27 1 0
github.com/auucoder/gptgrok2api-go/internal/httpapi/server.go:1277.27,1279.3 1 0
github.com/auucoder/gptgrok2api-go/internal/httpapi/server.go:1280.2,1280.18 1 0
github.com/auucoder/gptgrok2api-go/internal/httpapi/server.go:1281.22,1283.17 2 0
github.com/auucoder/gptgrok2api-go/internal/httpapi/server.go:1283.17,1286.4 2 0
github.com/auucoder/gptgrok2api-go/internal/httpapi/server.go:1287.3,1287.62 1 0
github.com/auucoder/gptgrok2api-go/internal/httpapi/server.go:1288.23,1292.31 2 0
github.com/auucoder/gptgrok2api-go/internal/httpapi/server.go:1292.31,1294.4 1 0
github.com/auucoder/gptgrok2api-go/internal/httpapi/server.go:1295.3,1296.17 2 0
github.com/auucoder/gptgrok2api-go/internal/httpapi/server.go:1296.17,1299.4 2 0
github.com/auucoder/gptgrok2api-go/internal/httpapi/server.go:1300.3,1301.91 2 0
github.com/auucoder/gptgrok2api-go/internal/httpapi/server.go:1302.10,1303.92 1 0
github.com/auucoder/gptgrok2api-go/internal/httpapi/server.go:1307.70,1308.27 1 0
github.com/auucoder/gptgrok2api-go/internal/httpapi/server.go:1308.27,1310.3 1 0
github.com/auucoder/gptgrok2api-go/internal/httpapi/server.go:1311.2,1312.43 2 0
github.com/auucoder/gptgrok2api-go/internal/httpapi/server.go:1312.43,1315.3 2 0
github.com/auucoder/gptgrok2api-go/internal/httpapi/server.go:1316.2,1316.18 1 0
github.com/auucoder/gptgrok2api-go/internal/httpapi/server.go:1317.57,1319.34 2 0
github.com/auucoder/gptgrok2api-go/internal/httpapi/server.go:1319.34,1321.4 1 0
github.com/auucoder/gptgrok2api-go/internal/httpapi/server.go:1322.3,1323.58 2 0
github.com/auucoder/gptgrok2api-go/internal/httpapi/server.go:1323.58,1324.37 1 0
github.com/auucoder/gptgrok2api-go/internal/httpapi/server.go:1324.37,1326.5 1 0
github.com/auucoder/gptgrok2api-go/internal/httpapi/server.go:1328.3,1328.25 1 0
github.com/auucoder/gptgrok2api-go/internal/httpapi/server.go:1328.25,1331.4 2 0
github.com/auucoder/gptgrok2api-go/internal/httpapi/server.go:1332.3,1333.17 2 0
github.com/auucoder/gptgrok2api-go/internal/httpapi/server.go:1333.17,1334.38 1 0
github.com/auucoder/gptgrok2api-go/internal/httpapi/server.go:1334.38,1336.5 1 0
github.com/auucoder/gptgrok2api-go/internal/httpapi/server.go:1336.10,1338.5 1 0
github.com/auucoder/gptgrok2api-go/internal/httpapi/server.go:1339.4,1339.10 1 0
github.com/auucoder/gptgrok2api-go/internal/httpapi/server.go:1341.3,1342.76 2 0
github.com/auucoder/gptgrok2api-go/internal/httpapi/server.go:1343.25,1344.55 1 0
github.com/auucoder/gptgrok2api-go/internal/httpapi/server.go:1344.55,1347.4 2 0
github.com/auucoder/gptgrok2api-go/internal/httpapi/server.go:1348.3,1349.62 2 0
github.com/auucoder/gptgrok2api-go/internal/httpapi/server.go:1350.10,1351.92 1 0
github.com/auucoder/gptgrok2api-go/internal/httpapi/server.go:1355.67,1356.27 1 1
github.com/auucoder/gptgrok2api-go/internal/httpapi/server.go:1356.27,1358.3 1 0
github.com/auucoder/gptgrok2api-go/internal/httpapi/server.go:1359.2,1359.18 1 1
github.com/auucoder/gptgrok2api-go/internal/httpapi/server.go:1360.22,1361.23 1 1
github.com/auucoder/gptgrok2api-go/internal/httpapi/server.go:1362.23,1363.22 1 0
github.com/auucoder/gptgrok2api-go/internal/httpapi/server.go:1364.25,1365.25 1 0
github.com/auucoder/gptgrok2api-go/internal/httpapi/server.go:1366.10,1367.92 1 0
github.com/auucoder/gptgrok2api-go/internal/httpapi/server.go:1371.71,1372.27 1 1
github.com/auucoder/gptgrok2api-go/internal/httpapi/server.go:1372.27,1374.3 1 0
github.com/auucoder/gptgrok2api-go/internal/httpapi/server.go:1375.2,1375.33 1 1
github.com/auucoder/gptgrok2api-go/internal/httpapi/server.go:1375.33,1378.3 2 0
github.com/auucoder/gptgrok2api-go/internal/httpapi/server.go:1379.2,1384.30 2 1
github.com/auucoder/gptgrok2api-go/internal/httpapi/server.go:1384.30,1386.3 1 0
github.com/auucoder/gptgrok2api-go/internal/httpapi/server.go:1387.2,1388.34 2 1
github.com/auucoder/gptgrok2api-go/internal/httpapi/server.go:1388.34,1391.3 2 0
github.com/auucoder/gptgrok2api-go/internal/httpapi/server.go:1392.2,1393.16 2 1
github.com/auucoder/gptgrok2api-go/internal/httpapi/server.go:1393.16,1396.3 2 0
github.com/auucoder/gptgrok2api-go/internal/httpapi/server.go:1397.2,1398.60 2 1
github.com/auucoder/gptgrok2api-go/internal/httpapi/server.go:1398.60,1401.3 2 0
github.com/auucoder/gptgrok2api-go/internal/httpapi/server.go:1402.2,1403.29 2 1
github.com/auucoder/gptgrok2api-go/internal/httpapi/server.go:1403.29,1404.38 1 1
github.com/auucoder/gptgrok2api-go/internal/httpapi/server.go:1404.38,1406.9 2 1
github.com/auucoder/gptgrok2api-go/internal/httpapi/server.go:1409.2,1418.4 1 1
github.com/auucoder/gptgrok2api-go/internal/httpapi/server.go:1421.71,1423.16 2 1
github.com/auucoder/gptgrok2api-go/internal/httpapi/server.go:1423.16,1426.3 2 0
github.com/auucoder/gptgrok2api-go/internal/httpapi/server.go:1427.2,1430.20 4 1
github.com/auucoder/gptgrok2api-go/internal/httpapi/server.go:1430.20,1432.3 1 0
github.com/auucoder/gptgrok2api-go/internal/httpapi/server.go:1433.2,1437.29 5 1
github.com/auucoder/gptgrok2api-go/internal/httpapi/server.go:1437.29,1438.55 1 1
github.com/auucoder/gptgrok2api-go/internal/httpapi/server.go:1438.55,1439.12 1 0
github.com/auucoder/gptgrok2api-go/internal/httpapi/server.go:1441.3,1441.42 1 1
github.com/auucoder/gptgrok2api-go/internal/httpapi/server.go:1441.42,1442.12 1 0
github.com/auucoder/gptgrok2api-go/internal/httpapi/server.go:1444.3,1444.42 1 1
github.com/auucoder/gptgrok2api-go/internal/httpapi/server.go:1444.42,1445.12 1 0
github.com/auucoder/gptgrok2api-go/internal/httpapi/server.go:1447.3,1447.51 1 1
github.com/auucoder/gptgrok2api-go/internal/httpapi/server.go:1449.2,1450.27 2 1
github.com/auucoder/gptgrok2api-go/internal/httpapi/server.go:1450.27,1452.3 1 0
github.com/auucoder/gptgrok2api-go/internal/httpapi/server.go:1453.2,1454.25 2 1
github.com/auucoder/gptgrok2api-go/internal/httpapi/server.go:1454.25,1456.3 1 1
github.com/auucoder/gptgrok2api-go/internal/httpapi/server.go:1457.2,1464.4 1 1
github.com/auucoder/gptgrok2api-go/internal/httpapi/server.go:1467.70,1474.30 2 0
github.com/auucoder/gptgrok2api-go/internal/httpapi/server.go:1474.30,1476.3 1 0
github.com/auucoder/gptgrok2api-go/internal/httpapi/server.go:1477.2,1478.16 2 0
github.com/auucoder/gptgrok2api-go/internal/httpapi/server.go:1478.16,1481.3 2 0
github.com/auucoder/gptgrok2api-go/internal/httpapi/server.go:1482.2,1489.17 3 0
github.com/auucoder/gptgrok2api-go/internal/httpapi/server.go:1489.17,1491.3 1 0
github.com/auucoder/gptgrok2api-go/internal/httpapi/server.go:1492.2,1492.39 1 0
github.com/auucoder/gptgrok2api-go/internal/httpapi/server.go:1495.90,1496.27 1 1
github.com/auucoder/gptgrok2api-go/internal/httpapi/server.go:1496.27,1498.3 1 0
github.com/auucoder/gptgrok2api-go/internal/httpapi/server.go:1499.2,1499.33 1 1
github.com/auucoder/gptgrok2api-go/internal/httpapi/server.go:1499.33,1502.3 2 0
github.com/auucoder/gptgrok2api-go/internal/httpapi/server.go:1503.2,1507.30 2 1
github.com/auucoder/gptgrok2api-go/internal/httpapi/server.go:1507.30,1509.3 1 0
github.com/auucoder/gptgrok2api-go/internal/httpapi/server.go:1510.2,1511.20 2 1
github.com/auucoder/gptgrok2api-go/internal/httpapi/server.go:1511.20,1514.3 2 0
github.com/auucoder/gptgrok2api-go/internal/httpapi/server.go:1515.2,1516.16 2 1
github.com/auucoder/gptgrok2api-go/internal/httpapi/server.go:1516.16,1519.3 2 0
github.com/auucoder/gptgrok2api-go/internal/httpapi/server.go:1520.2,1522.31 3 1
github.com/auucoder/gptgrok2api-go/internal/httpapi/server.go:1522.31,1524.3 1 1
github.com/auucoder/gptgrok2api-go/internal/httpapi/server.go:1525.2,1527.29 3 1
github.com/auucoder/gptgrok2api-go/internal/httpapi/server.go:1527.29,1529.80 2 1
github.com/auucoder/gptgrok2api-go/internal/httpapi/server.go:1529.80,1530.12 1 1
github.com/auucoder/gptgrok2api-go/internal/httpapi/server.go:1532.3,1532.31 1 1
github.com/auucoder/gptgrok2api-go/internal/httpapi/server.go:1532.31,1533.12 1 0
github.com/auucoder/gptgrok2api-go/internal/httpapi/server.go:1535.3,1536.49 2 1
github.com/auucoder/gptgrok2api-go/internal/httpapi/server.go:1538.2,1539.44 2 1
github.com/auucoder/gptgrok2api-go/internal/httpapi/server.go:1539.44,1541.17 2 1
github.com/auucoder/gptgrok2api-go/internal/httpapi/server.go:1541.17,1544.4 2 0
github.com/auucoder/gptgrok2api-go/internal/httpapi/server.go:1546.2,1551.4 1 1
github.com/auucoder/gptgrok2api-go/internal/httpapi/server.go:1554.73,1558.30 2 0
github.com/auucoder/gptgrok2api-go/internal/httpapi/server.go:1558.30,1560.3 1 0
github.com/auucoder/gptgrok2api-go/internal/httpapi/server.go:1561.2,1561.27 1 0
github.com/auucoder/gptgrok2api-go/internal/httpapi/server.go:1561.27,1564.3 2 0
github.com/auucoder/gptgrok2api-go/internal/httpapi/server.go:1565.2,1566.16 2 0
github.com/auucoder/gptgrok2api-go/internal/httpapi/server.go:1566.16,1569.3 2 0
github.com/auucoder/gptgrok2api-go/internal/httpapi/server.go:1570.2,1572.16 3 0
github.com/auucoder/gptgrok2api-go/internal/httpapi/server.go:1572.16,1575.3 2 0
github.com/auucoder/gptgrok2api-go/internal/httpapi/server.go:1576.2,1580.4 1 0
github.com/auucoder/gptgrok2api-go/internal/httpapi/server.go:1583.72,1584.27 1 0
github.com/auucoder/gptgrok2api-go/internal/httpapi/server.go:1584.27,1586.3 1 0
github.com/auucoder/gptgrok2api-go/internal/httpapi/server.go:1587.2,1588.30 2 0
github.com/auucoder/gptgrok2api-go/internal/httpapi/server.go:1588.30,1590.3 1 0
github.com/auucoder/gptgrok2api-go/internal/httpapi/server.go:1591.2,1592.15 2 0
github.com/auucoder/gptgrok2api-go/internal/httpapi/server.go:1592.15,1595.3 2 0
github.com/auucoder/gptgrok2api-go/internal/httpapi/server.go:1596.2,1597.16 2 0
github.com/auucoder/gptgrok2api-go/internal/httpapi/server.go:1597.16,1600.3 2 0
github.com/auucoder/gptgrok2api-go/internal/httpapi/server.go:1601.2,1602.22 2 0
github.com/auucoder/gptgrok2api-go/internal/httpapi/server.go:1602.22,1605.3 2 0
github.com/auucoder/gptgrok2api-go/internal/httpapi/server.go:1606.2,1608.164 3 0
github.com/auucoder/gptgrok2api-go/internal/httpapi/server.go:1608.164,1609.33 1 0
github.com/auucoder/gptgrok2api-go/internal/httpapi/server.go:1609.33,1611.4 1 0
github.com/auucoder/gptgrok2api-go/internal/httpapi/server.go:1613.2,1613.23 1 0
github.com/auucoder/gptgrok2api-go/internal/httpapi/server.go:1613.23,1616.3 2 0
github.com/auucoder/gptgrok2api-go/internal/httpapi/server.go:1617.2,1618.16 2 0
github.com/auucoder/gptgrok2api-go/internal/httpapi/server.go:1618.16,1619.37 1 0
github.com/auucoder/gptgrok2api-go/internal/httpapi/server.go:1619.37,1621.4 1 0
github.com/auucoder/gptgrok2api-go/internal/httpapi/server.go:1621.9,1623.4 1 0
github.com/auucoder/gptgrok2api-go/internal/httpapi/server.go:1624.3,1624.9 1 0
github.com/auucoder/gptgrok2api-go/internal/httpapi/server.go:1626.2,1626.106 1 0
github.com/auucoder/gptgrok2api-go/internal/httpapi/server.go:1629.78,1630.27 1 0
github.com/auucoder/gptgrok2api-go/internal/httpapi/server.go:1630.27,1632.3 1 0
github.com/auucoder/gptgrok2api-go/internal/httpapi/server.go:1633.2,1637.30 2 0
github.com/auucoder/gptgrok2api-go/internal/httpapi/server.go:1637.30,1639.3 1 0
github.com/auucoder/gptgrok2api-go/internal/httpapi/server.go:1640.2,1640.73 1 0
github.com/auucoder/gptgrok2api-go/internal/httpapi/server.go:1640.73,1643.3 2 0
github.com/auucoder/gptgrok2api-go/internal/httpapi/server.go:1644.2,1645.16 2 0
github.com/auucoder/gptgrok2api-go/internal/httpapi/server.go:1645.16,1648.3 2 0
github.com/auucoder/gptgrok2api-go/internal/httpapi/server.go:1649.2,1652.30 4 0
github.com/auucoder/gptgrok2api-go/internal/httpapi/server.go:1652.30,1654.3 1 0
github.com/auucoder/gptgrok2api-go/internal/httpapi/server.go:1655.2,1656.31 2 0
github.com/auucoder/gptgrok2api-go/internal/httpapi/server.go:1656.31,1658.17 2 0
github.com/auucoder/gptgrok2api-go/internal/httpapi/server.go:1658.17,1660.12 2 0
github.com/auucoder/gptgrok2api-go/internal/httpapi/server.go:1662.3,1664.12 3 0
github.com/auucoder/gptgrok2api-go/internal/httpapi/server.go:1666.2,1666.16 1 0
github.com/auucoder/gptgrok2api-go/internal/httpapi/server.go:1666.16,1668.3 1 0
github.com/auucoder/gptgrok2api-go/internal/httpapi/server.go:1669.2,1673.4 1 0
github.com/auucoder/gptgrok2api-go/internal/httpapi/server.go:1676.75,1677.27 1 0
github.com/auucoder/gptgrok2api-go/internal/httpapi/server.go:1677.27,1679.3 1 0
github.com/auucoder/gptgrok2api-go/internal/httpapi/server.go:1680.2,1684.30 2 0
github.com/auucoder/gptgrok2api-go/internal/httpapi/server.go:1684.30,1686.3 1 0
github.com/auucoder/gptgrok2api-go/internal/httpapi/server.go:1687.2,1688.32 2 0
github.com/auucoder/gptgrok2api-go/internal/httpapi/server.go:1688.32,1690.3 1 0
github.com/auucoder/gptgrok2api-go/internal/httpapi/server.go:1691.2,1693.16 3 0
github.com/auucoder/gptgrok2api-go/internal/httpapi/server.go:1693.16,1696.3 2 0
github.com/auucoder/gptgrok2api-go/internal/httpapi/server.go:1697.2,1699.30 3 0
github.com/auucoder/gptgrok2api-go/internal/httpapi/server.go:1699.30,1701.3 1 0
github.com/auucoder/gptgrok2api-go/internal/httpapi/server.go:1702.2,1703.31 2 0
github.com/auucoder/gptgrok2api-go/internal/httpapi/server.go:1703.31,1705.17 2 0
github.com/auucoder/gptgrok2api-go/internal/httpapi/server.go:1705.17,1707.12 2 0
github.com/auucoder/gptgrok2api-go/internal/httpapi/server.go:1709.3,1711.12 3 0
github.com/auucoder/gptgrok2api-go/internal/httpapi/server.go:1713.2,1713.16 1 0
github.com/auucoder/gptgrok2api-go/internal/httpapi/server.go:1713.16,1715.3 1 0
github.com/auucoder/gptgrok2api-go/internal/httpapi/server.go:1716.2,1721.4 1 0
github.com/auucoder/gptgrok2api-go/internal/httpapi/server.go:1724.72,1725.27 1 0
github.com/auucoder/gptgrok2api-go/internal/httpapi/server.go:1725.27,1727.3 1 0
github.com/auucoder/gptgrok2api-go/internal/httpapi/server.go:1728.2,1728.18 1 0
github.com/auucoder/gptgrok2api-go/internal/httpapi/server.go:1729.22,1730.56 1 0
github.com/auucoder/gptgrok2api-go/internal/httpapi/server.go:1731.23,1733.31 2 0
github.com/auucoder/gptgrok2api-go/internal/httpapi/server.go:1733.31,1735.4 1 0
github.com/auucoder/gptgrok2api-go/internal/httpapi/server.go:1736.3,1737.15 2 0
github.com/auucoder/gptgrok2api-go/internal/httpapi/server.go:1737.15,1739.4 1 0
github.com/auucoder/gptgrok2api-go/internal/httpapi/server.go:1740.3,1740.15 1 0
github.com/auucoder/gptgrok2api-go/internal/httpapi/server.go:1740.15,1743.4 2 0
github.com/auucoder/gptgrok2api-go/internal/httpapi/server.go:1744.3,1752.17 3 0
github.com/auucoder/gptgrok2api-go/internal/httpapi/server.go:1752.17,1755.4 2 0
github.com/auucoder/gptgrok2api-go/internal/httpapi/server.go:1756.3,1758.32 3 0
github.com/auucoder/gptgrok2api-go/internal/httpapi/server.go:1758.32,1759.46 1 0
github.com/auucoder/gptgrok2api-go/internal/httpapi/server.go:1759.46,1761.5 1 0
github.com/auucoder/gptgrok2api-go/internal/httpapi/server.go:1763.3,1765.17 3 0
github.com/auucoder/gptgrok2api-go/internal/httpapi/server.go:1765.17,1768.4 2 0
github.com/auucoder/gptgrok2api-go/internal/httpapi/server.go:1769.3,1769.130 1 0
github.com/auucoder/gptgrok2api-go/internal/httpapi/server.go:1770.10,1771.92 1 0
github.com/auucoder/gptgrok2api-go/internal/httpapi/server.go:1775.75,1776.27 1 0
github.com/auucoder/gptgrok2api-go/internal/httpapi/server.go:1776.27,1778.3 1 0
github.com/auucoder/gptgrok2api-go/internal/httpapi/server.go:1779.2,1779.35 1 0
github.com/auucoder/gptgrok2api-go/internal/httpapi/server.go:1779.35,1782.3 2 0
github.com/auucoder/gptgrok2api-go/internal/httpapi/server.go:1783.2,1785.16 3 0
github.com/auucoder/gptgrok2api-go/internal/httpapi/server.go:1785.16,1788.3 2 0
github.com/auucoder/gptgrok2api-go/internal/httpapi/server.go:1789.2,1792.31 4 0
github.com/auucoder/gptgrok2api-go/internal/httpapi/server.go:1792.31,1793.45 1 0
github.com/auucoder/gptgrok2api-go/internal/httpapi/server.go:1793.45,1795.12 2 0
github.com/auucoder/gptgrok2api-go/internal/httpapi/server.go:1797.3,1797.29 1 0
github.com/auucoder/gptgrok2api-go/internal/httpapi/server.go:1799.2,1799.12 1 0
github.com/auucoder/gptgrok2api-go/internal/httpapi/server.go:1799.12,1802.3 2 0
github.com/auucoder/gptgrok2api-go/internal/httpapi/server.go:1803.2,1804.16 2 0
github.com/auucoder/gptgrok2api-go/internal/httpapi/server.go:1804.16,1807.3 2 0
github.com/auucoder/gptgrok2api-go/internal/httpapi/server.go:1808.2,1809.35 2 0
github.com/auucoder/gptgrok2api-go/internal/httpapi/server.go:1809.35,1810.45 1 0
github.com/auucoder/gptgrok2api-go/internal/httpapi/server.go:1810.45,1812.4 1 0
github.com/auucoder/gptgrok2api-go/internal/httpapi/server.go:1814.2,1817.4 1 0
github.com/auucoder/gptgrok2api-go/internal/httpapi/server.go:1820.66,1822.2 1 0
github.com/auucoder/gptgrok2api-go/internal/httpapi/server.go:1824.70,1826.2 1 0
github.com/auucoder/gptgrok2api-go/internal/httpapi/server.go:1828.72,1830.2 1 0
github.com/auucoder/gptgrok2api-go/internal/httpapi/server.go:1832.67,1833.27 1 0
github.com/auucoder/gptgrok2api-go/internal/httpapi/server.go:1833.27,1835.3 1 0
github.com/auucoder/gptgrok2api-go/internal/httpapi/server.go:1836.2,1836.18 1 0
github.com/auucoder/gptgrok2api-go/internal/httpapi/server.go:1837.22,1839.17 2 0
github.com/auucoder/gptgrok2api-go/internal/httpapi/server.go:1839.17,1842.4 2 0
github.com/auucoder/gptgrok2api-go/internal/httpapi/server.go:1843.3,1843.86 1 0
github.com/auucoder/gptgrok2api-go/internal/httpapi/server.go:1844.23,1846.34 2 0
github.com/auucoder/gptgrok2api-go/internal/httpapi/server.go:1846.34,1848.4 1 0
github.com/auucoder/gptgrok2api-go/internal/httpapi/server.go:1849.3,1850.17 2 0
github.com/auucoder/gptgrok2api-go/internal/httpapi/server.go:1850.17,1853.4 2 0
github.com/auucoder/gptgrok2api-go/internal/httpapi/server.go:1854.3,1854.35 1 0
github.com/auucoder/gptgrok2api-go/internal/httpapi/server.go:1854.35,1856.4 1 0
github.com/auucoder/gptgrok2api-go/internal/httpapi/server.go:1857.3,1857.56 1 0
github.com/auucoder/gptgrok2api-go/internal/httpapi/server.go:1857.56,1860.4 2 0
github.com/auucoder/gptgrok2api-go/internal/httpapi/server.go:1861.3,1861.49 1 0
github.com/auucoder/gptgrok2api-go/internal/httpapi/server.go:1861.49,1864.4 2 0
github.com/auucoder/gptgrok2api-go/internal/httpapi/server.go:1865.3,1865.82 1 0
github.com/auucoder/gptgrok2api-go/internal/httpapi/server.go:1866.10,1867.92 1 0
github.com/auucoder/gptgrok2api-go/internal/httpapi/server.go:1871.70,1872.27 1 0
github.com/auucoder/gptgrok2api-go/internal/httpapi/server.go:1872.27,1874.3 1 0
github.com/auucoder/gptgrok2api-go/internal/httpapi/server.go:1875.2,1881.4 1 0
github.com/auucoder/gptgrok2api-go/internal/httpapi/server.go:1884.74,1887.16 3 1
github.com/auucoder/gptgrok2api-go/internal/httpapi/server.go:1887.16,1889.37 2 0
github.com/auucoder/gptgrok2api-go/internal/httpapi/server.go:1889.37,1891.4 1 0
github.com/auucoder/gptgrok2api-go/internal/httpapi/server.go:1891.9,1893.4 1 0
github.com/auucoder/gptgrok2api-go/internal/httpapi/server.go:1894.3,1894.15 1 0
github.com/auucoder/gptgrok2api-go/internal/httpapi/server.go:1896.2,1897.9 2 1
github.com/auucoder/gptgrok2api-go/internal/httpapi/server.go:1897.9,1900.3 2 0
github.com/auucoder/gptgrok2api-go/internal/httpapi/server.go:1901.2,1901.56 1 1
github.com/auucoder/gptgrok2api-go/internal/httpapi/server.go:1901.56,1906.47 2 0
github.com/auucoder/gptgrok2api-go/internal/httpapi/server.go:1906.47,1907.104 1 0
github.com/auucoder/gptgrok2api-go/internal/httpapi/server.go:1907.104,1909.5 1 0
github.com/auucoder/gptgrok2api-go/internal/httpapi/server.go:1911.3,1912.15 2 0
github.com/auucoder/gptgrok2api-go/internal/httpapi/server.go:1914.2,1914.13 1 1
github.com/auucoder/gptgrok2api-go/internal/httpapi/server.go:1917.46,1918.16 1 1
github.com/auucoder/gptgrok2api-go/internal/httpapi/server.go:1918.16,1920.3 1 0
github.com/auucoder/gptgrok2api-go/internal/httpapi/server.go:1921.2,1922.34 2 1
github.com/auucoder/gptgrok2api-go/internal/httpapi/server.go:1922.34,1923.71 1 1
github.com/auucoder/gptgrok2api-go/internal/httpapi/server.go:1923.71,1925.4 1 1
github.com/auucoder/gptgrok2api-go/internal/httpapi/server.go:1926.3,1926.91 1 0
github.com/auucoder/gptgrok2api-go/internal/httpapi/server.go:1928.2,1929.32 2 0
github.com/auucoder/gptgrok2api-go/internal/httpapi/server.go:1929.32,1931.3 1 0
github.com/auucoder/gptgrok2api-go/internal/httpapi/server.go:1932.2,1932.109 1 0
github.com/auucoder/gptgrok2api-go/internal/httpapi/server.go:1932.109,1934.3 1 0
github.com/auucoder/gptgrok2api-go/internal/httpapi/server.go:1935.2,1935.44 1 0
github.com/auucoder/gptgrok2api-go/internal/httpapi/server.go:1940.76,1945.58 3 1
github.com/auucoder/gptgrok2api-go/internal/httpapi/server.go:1945.58,1947.17 2 0
github.com/auucoder/gptgrok2api-go/internal/httpapi/server.go:1947.17,1950.22 3 0
github.com/auucoder/gptgrok2api-go/internal/httpapi/server.go:1950.22,1952.5 1 0
github.com/auucoder/gptgrok2api-go/internal/httpapi/server.go:1953.4,1953.22 1 0
github.com/auucoder/gptgrok2api-go/internal/httpapi/server.go:1954.9,1954.20 1 0
github.com/auucoder/gptgrok2api-go/internal/httpapi/server.go:1954.20,1958.4 1 0
github.com/auucoder/gptgrok2api-go/internal/httpapi/server.go:1960.2,1963.19 4 1
github.com/auucoder/gptgrok2api-go/internal/httpapi/server.go:1963.19,1965.3 1 0
github.com/auucoder/gptgrok2api-go/internal/httpapi/server.go:1966.2,1966.18 1 1
github.com/auucoder/gptgrok2api-go/internal/httpapi/server.go:1969.48,1971.29 2 1
github.com/auucoder/gptgrok2api-go/internal/httpapi/server.go:1971.29,1973.3 1 1
github.com/auucoder/gptgrok2api-go/internal/httpapi/server.go:1974.2,1974.14 1 1
github.com/auucoder/gptgrok2api-go/internal/httpapi/server.go:1977.59,1980.15 3 1
github.com/auucoder/gptgrok2api-go/internal/httpapi/server.go:1980.15,1983.3 2 1
github.com/auucoder/gptgrok2api-go/internal/httpapi/server.go:1984.2,1984.49 1 1
github.com/auucoder/gptgrok2api-go/internal/httpapi/server.go:1984.49,1987.3 2 1
github.com/auucoder/gptgrok2api-go/internal/httpapi/server.go:1987.8,1990.3 2 0
github.com/auucoder/gptgrok2api-go/internal/httpapi/server.go:1991.2,1991.200 1 1
github.com/auucoder/gptgrok2api-go/internal/httpapi/server.go:1991.200,1993.3 1 1
github.com/auucoder/gptgrok2api-go/internal/httpapi/server.go:1994.2,2002.13 4 1
github.com/auucoder/gptgrok2api-go/internal/httpapi/server.go:2005.62,2007.29 2 1
github.com/auucoder/gptgrok2api-go/internal/httpapi/server.go:2007.29,2009.3 1 1
github.com/auucoder/gptgrok2api-go/internal/httpapi/server.go:2010.2,2010.15 1 1
github.com/auucoder/gptgrok2api-go/internal/httpapi/server.go:2013.59,2017.141 4 1
github.com/auucoder/gptgrok2api-go/internal/httpapi/server.go:2017.141,2019.3 1 1
github.com/auucoder/gptgrok2api-go/internal/httpapi/server.go:2020.2,2020.121 1 1
github.com/auucoder/gptgrok2api-go/internal/httpapi/server.go:2020.121,2022.3 1 1
github.com/auucoder/gptgrok2api-go/internal/httpapi/server.go:2023.2,2023.16 1 1
github.com/auucoder/gptgrok2api-go/internal/httpapi/server.go:2024.146,2025.19 1 0
github.com/auucoder/gptgrok2api-go/internal/httpapi/server.go:2027.2,2027.19 1 1
github.com/auucoder/gptgrok2api-go/internal/httpapi/server.go:2028.125,2029.19 1 0
github.com/auucoder/gptgrok2api-go/internal/httpapi/server.go:2030.39,2031.20 1 0
github.com/auucoder/gptgrok2api-go/internal/httpapi/server.go:2033.2,2033.118 1 1
github.com/auucoder/gptgrok2api-go/internal/httpapi/server.go:2033.118,2034.84 1 1
github.com/auucoder/gptgrok2api-go/internal/httpapi/server.go:2034.84,2036.4 1 0
github.com/auucoder/gptgrok2api-go/internal/httpapi/server.go:2037.3,2037.20 1 1
github.com/auucoder/gptgrok2api-go/internal/httpapi/server.go:2039.2,2039.17 1 1
github.com/auucoder/gptgrok2api-go/internal/httpapi/server.go:2046.60,2047.50 1 1
github.com/auucoder/gptgrok2api-go/internal/httpapi/server.go:2047.50,2049.3 1 1
github.com/auucoder/gptgrok2api-go/internal/httpapi/server.go:2050.2,2050.68 1 1
github.com/auucoder/gptgrok2api-go/internal/httpapi/server.go:2050.68,2052.3 1 1
github.com/auucoder/gptgrok2api-go/internal/httpapi/server.go:2053.2,2054.122 1 1
github.com/auucoder/gptgrok2api-go/internal/httpapi/server.go:2054.122,2056.3 1 1
github.com/auucoder/gptgrok2api-go/internal/httpapi/server.go:2058.2,2062.61 5 1
github.com/auucoder/gptgrok2api-go/internal/httpapi/server.go:2062.61,2064.3 1 1
github.com/auucoder/gptgrok2api-go/internal/httpapi/server.go:2065.2,2065.76 1 0
github.com/auucoder/gptgrok2api-go/internal/httpapi/server.go:2065.76,2067.3 1 0
github.com/auucoder/gptgrok2api-go/internal/httpapi/server.go:2068.2,2068.78 1 0
github.com/auucoder/gptgrok2api-go/internal/httpapi/server.go:2071.71,2073.37 2 1
github.com/auucoder/gptgrok2api-go/internal/httpapi/server.go:2073.37,2075.3 1 1
github.com/auucoder/gptgrok2api-go/internal/httpapi/server.go:2076.2,2076.110 1 0
github.com/auucoder/gptgrok2api-go/internal/httpapi/server.go:2079.67,2080.121 1 0
github.com/auucoder/gptgrok2api-go/internal/httpapi/server.go:2080.121,2081.76 1 0
github.com/auucoder/gptgrok2api-go/internal/httpapi/server.go:2081.76,2083.4 1 0
github.com/auucoder/gptgrok2api-go/internal/httpapi/server.go:2085.2,2085.14 1 0
github.com/auucoder/gptgrok2api-go/internal/httpapi/server.go:2088.71,2090.39 2 1
github.com/auucoder/gptgrok2api-go/internal/httpapi/server.go:2090.39,2092.3 1 1
github.com/auucoder/gptgrok2api-go/internal/httpapi/server.go:2093.2,2094.32 2 0
github.com/auucoder/gptgrok2api-go/internal/httpapi/server.go:2094.32,2096.3 1 0
github.com/auucoder/gptgrok2api-go/internal/httpapi/server.go:2097.2,2097.27 1 0
github.com/auucoder/gptgrok2api-go/internal/httpapi/server.go:2100.50,2101.64 1 1
github.com/auucoder/gptgrok2api-go/internal/httpapi/server.go:2101.64,2103.3 1 1
github.com/auucoder/gptgrok2api-go/internal/httpapi/server.go:2104.2,2104.44 1 0
github.com/auucoder/gptgrok2api-go/internal/httpapi/server.go:2107.54,2115.15 1 1
github.com/auucoder/gptgrok2api-go/internal/httpapi/server.go:2115.15,2117.3 1 1
github.com/auucoder/gptgrok2api-go/internal/httpapi/server.go:2118.2,2119.17 2 1
github.com/auucoder/gptgrok2api-go/internal/httpapi/server.go:2119.17,2121.3 1 0
github.com/auucoder/gptgrok2api-go/internal/httpapi/server.go:2122.2,2122.17 1 1
github.com/auucoder/gptgrok2api-go/internal/httpapi/server.go:2122.17,2124.3 1 0
github.com/auucoder/gptgrok2api-go/internal/httpapi/server.go:2125.2,2126.46 2 1
github.com/auucoder/gptgrok2api-go/internal/httpapi/server.go:2129.70,2131.29 2 1
github.com/auucoder/gptgrok2api-go/internal/httpapi/server.go:2131.29,2132.34 1 1
github.com/auucoder/gptgrok2api-go/internal/httpapi/server.go:2132.34,2134.4 1 1
github.com/auucoder/gptgrok2api-go/internal/httpapi/server.go:2136.2,2136.11 1 0
github.com/auucoder/gptgrok2api-go/internal/httpapi/server.go:2139.65,2141.15 2 1
github.com/auucoder/gptgrok2api-go/internal/httpapi/server.go:2141.15,2143.3 1 0
github.com/auucoder/gptgrok2api-go/internal/httpapi/server.go:2144.2,2154.4 2 1
github.com/auucoder/gptgrok2api-go/internal/httpapi/server.go:2154.4,2156.22 2 1
github.com/auucoder/gptgrok2api-go/internal/httpapi/server.go:2156.22,2157.12 1 1
github.com/auucoder/gptgrok2api-go/internal/httpapi/server.go:2159.3,2159.65 1 1
github.com/auucoder/gptgrok2api-go/internal/httpapi/server.go:2159.65,2161.4 1 1
github.com/auucoder/gptgrok2api-go/internal/httpapi/server.go:2163.2,2163.14 1 1
github.com/auucoder/gptgrok2api-go/internal/httpapi/server.go:2166.50,2169.31 3 1
github.com/auucoder/gptgrok2api-go/internal/httpapi/server.go:2169.31,2171.16 2 1
github.com/auucoder/gptgrok2api-go/internal/httpapi/server.go:2171.16,2172.12 1 0
github.com/auucoder/gptgrok2api-go/internal/httpapi/server.go:2174.3,2175.29 2 1
github.com/auucoder/gptgrok2api-go/internal/httpapi/server.go:2175.29,2176.12 1 1
github.com/auucoder/gptgrok2api-go/internal/httpapi/server.go:2178.3,2179.31 2 1
github.com/auucoder/gptgrok2api-go/internal/httpapi/server.go:2181.2,2181.15 1 1
github.com/auucoder/gptgrok2api-go/internal/httpapi/server.go:2184.90,2189.27 5 1
github.com/auucoder/gptgrok2api-go/internal/httpapi/server.go:2189.27,2191.30 2 1
github.com/auucoder/gptgrok2api-go/internal/httpapi/server.go:2191.30,2192.37 1 1
github.com/auucoder/gptgrok2api-go/internal/httpapi/server.go:2192.37,2193.13 1 1
github.com/auucoder/gptgrok2api-go/internal/httpapi/server.go:2195.4,2196.48 2 1
github.com/auucoder/gptgrok2api-go/internal/httpapi/server.go:2196.48,2197.34 1 1
github.com/auucoder/gptgrok2api-go/internal/httpapi/server.go:2197.34,2200.6 2 1
github.com/auucoder/gptgrok2api-go/internal/httpapi/server.go:2202.4,2202.9 1 1
github.com/auucoder/gptgrok2api-go/internal/httpapi/server.go:2204.3,2204.13 1 1
github.com/auucoder/gptgrok2api-go/internal/httpapi/server.go:2204.13,2206.4 1 0
github.com/auucoder/gptgrok2api-go/internal/httpapi/server.go:2208.2,2208.24 1 1
github.com/auucoder/gptgrok2api-go/internal/httpapi/server.go:2211.52,2214.31 3 0
github.com/auucoder/gptgrok2api-go/internal/httpapi/server.go:2214.31,2216.18 2 0
github.com/auucoder/gptgrok2api-go/internal/httpapi/server.go:2216.18,2217.12 1 0
github.com/auucoder/gptgrok2api-go/internal/httpapi/server.go:2219.3,2219.31 1 0
github.com/auucoder/gptgrok2api-go/internal/httpapi/server.go:2219.31,2220.12 1 0
github.com/auucoder/gptgrok2api-go/internal/httpapi/server.go:2222.3,2223.33 2 0
github.com/auucoder/gptgrok2api-go/internal/httpapi/server.go:2225.2,2225.15 1 0
github.com/auucoder/gptgrok2api-go/internal/httpapi/server.go:2228.56,2230.16 2 0
github.com/auucoder/gptgrok2api-go/internal/httpapi/server.go:2230.16,2232.3 1 0
github.com/auucoder/gptgrok2api-go/internal/httpapi/server.go:2233.2,2236.3 1 0
github.com/auucoder/gptgrok2api-go/internal/httpapi/server.go:2239.55,2242.16 3 0
github.com/auucoder/gptgrok2api-go/internal/httpapi/server.go:2242.16,2244.3 1 0
github.com/auucoder/gptgrok2api-go/internal/httpapi/server.go:2245.2,2245.29 1 0
github.com/auucoder/gptgrok2api-go/internal/httpapi/server.go:2245.29,2246.52 1 0
github.com/auucoder/gptgrok2api-go/internal/httpapi/server.go:2246.52,2248.4 1 0
github.com/auucoder/gptgrok2api-go/internal/httpapi/server.go:2250.2,2250.15 1 0
github.com/auucoder/gptgrok2api-go/internal/httpapi/server.go:2253.90,2256.31 3 0
github.com/auucoder/gptgrok2api-go/internal/httpapi/server.go:2256.31,2258.15 2 0
github.com/auucoder/gptgrok2api-go/internal/httpapi/server.go:2258.15,2259.12 1 0
github.com/auucoder/gptgrok2api-go/internal/httpapi/server.go:2261.3,2271.32 3 0
github.com/auucoder/gptgrok2api-go/internal/httpapi/server.go:2273.2,2273.15 1 0
github.com/auucoder/gptgrok2api-go/internal/httpapi/server.go:2276.42,2278.9 2 1
github.com/auucoder/gptgrok2api-go/internal/httpapi/server.go:2278.9,2279.48 1 1
github.com/auucoder/gptgrok2api-go/internal/httpapi/server.go:2279.48,2281.4 1 1
github.com/auucoder/gptgrok2api-go/internal/httpapi/server.go:2282.3,2282.28 1 0
github.com/auucoder/gptgrok2api-go/internal/httpapi/server.go:2284.2,2285.27 2 1
github.com/auucoder/gptgrok2api-go/internal/httpapi/server.go:2285.27,2286.46 1 1
github.com/auucoder/gptgrok2api-go/internal/httpapi/server.go:2286.46,2288.4 1 1
github.com/auucoder/gptgrok2api-go/internal/httpapi/server.go:2290.2,2290.15 1 1
github.com/auucoder/gptgrok2api-go/internal/httpapi/server.go:2293.52,2295.32 2 1
github.com/auucoder/gptgrok2api-go/internal/httpapi/server.go:2295.32,2297.3 1 1
github.com/auucoder/gptgrok2api-go/internal/httpapi/server.go:2298.2,2298.15 1 1
github.com/auucoder/gptgrok2api-go/internal/httpapi/server.go:2301.36,2302.18 1 1
github.com/auucoder/gptgrok2api-go/internal/httpapi/server.go:2302.18,2304.3 1 1
github.com/auucoder/gptgrok2api-go/internal/httpapi/server.go:2305.2,2305.45 1 1
github.com/auucoder/gptgrok2api-go/internal/httpapi/server.go:2308.47,2309.18 1 1
github.com/auucoder/gptgrok2api-go/internal/httpapi/server.go:2309.18,2311.3 1 1
github.com/auucoder/gptgrok2api-go/internal/httpapi/server.go:2312.2,2312.31 1 1
github.com/auucoder/gptgrok2api-go/internal/httpapi/server.go:2313.12,2314.15 1 1
github.com/auucoder/gptgrok2api-go/internal/httpapi/server.go:2315.14,2316.52 1 0
github.com/auucoder/gptgrok2api-go/internal/httpapi/server.go:2317.33,2318.15 1 0
github.com/auucoder/gptgrok2api-go/internal/httpapi/server.go:2319.34,2320.16 1 0
github.com/auucoder/gptgrok2api-go/internal/httpapi/server.go:2323.2,2323.17 1 0
github.com/auucoder/gptgrok2api-go/internal/httpapi/server.go:2326.45,2327.31 1 1
github.com/auucoder/gptgrok2api-go/internal/httpapi/server.go:2327.31,2328.37 1 1
github.com/auucoder/gptgrok2api-go/internal/httpapi/server.go:2328.37,2330.4 1 1
github.com/auucoder/gptgrok2api-go/internal/httpapi/server.go:2332.2,2332.11 1 1
github.com/auucoder/gptgrok2api-go/internal/httpapi/server.go:2335.40,2337.17 2 1
github.com/auucoder/gptgrok2api-go/internal/httpapi/server.go:2337.17,2339.3 1 0
github.com/auucoder/gptgrok2api-go/internal/httpapi/server.go:2340.2,2340.22 1 1
github.com/auucoder/gptgrok2api-go/internal/httpapi/server.go:2340.22,2342.3 1 1
github.com/auucoder/gptgrok2api-go/internal/httpapi/server.go:2343.2,2343.49 1 1
github.com/auucoder/gptgrok2api-go/internal/httpapi/server.go:2346.34,2348.62 2 1
github.com/auucoder/gptgrok2api-go/internal/httpapi/server.go:2348.62,2349.10 1 1
github.com/auucoder/gptgrok2api-go/internal/httpapi/server.go:2350.74,2351.24 1 1
github.com/auucoder/gptgrok2api-go/internal/httpapi/server.go:2352.27,2353.26 1 0
github.com/auucoder/gptgrok2api-go/internal/httpapi/server.go:2356.2,2356.45 1 1
github.com/auucoder/gptgrok2api-go/internal/httpapi/server.go:2359.65,2362.39 3 0
github.com/auucoder/gptgrok2api-go/internal/httpapi/server.go:2362.39,2364.3 1 0
github.com/auucoder/gptgrok2api-go/internal/httpapi/server.go:2365.2,2366.37 2 0
github.com/auucoder/gptgrok2api-go/internal/httpapi/server.go:2366.37,2369.3 2 0
github.com/auucoder/gptgrok2api-go/internal/httpapi/server.go:2370.2,2370.65 1 0
github.com/auucoder/gptgrok2api-go/internal/httpapi/server.go:2370.65,2372.3 1 0
github.com/auucoder/gptgrok2api-go/internal/httpapi/server.go:2373.2,2373.46 1 0
github.com/auucoder/gptgrok2api-go/internal/httpapi/server.go:2373.46,2379.3 2 0
github.com/auucoder/gptgrok2api-go/internal/httpapi/server.go:2380.2,2380.46 1 0
github.com/auucoder/gptgrok2api-go/internal/httpapi/server.go:2380.46,2382.3 1 0
github.com/auucoder/gptgrok2api-go/internal/httpapi/server.go:2383.2,2383.33 1 0
github.com/auucoder/gptgrok2api-go/internal/httpapi/server.go:2386.74,2387.31 1 1
github.com/auucoder/gptgrok2api-go/internal/httpapi/server.go:2387.31,2389.3 1 1
github.com/auucoder/gptgrok2api-go/internal/httpapi/server.go:2390.2,2391.14 2 1
github.com/auucoder/gptgrok2api-go/internal/httpapi/server.go:2394.76,2395.33 1 1
github.com/auucoder/gptgrok2api-go/internal/httpapi/server.go:2395.33,2397.3 1 1
github.com/auucoder/gptgrok2api-go/internal/httpapi/server.go:2398.2,2399.14 2 1
github.com/auucoder/gptgrok2api-go/internal/httpapi/server.go:2402.62,2406.2 3 1
github.com/auucoder/gptgrok2api-go/internal/httpapi/server.go:2408.74,2412.2 1 1
github.com/auucoder/gptgrok2api-go/internal/httpapi/server.go:2414.73,2416.16 2 0
github.com/auucoder/gptgrok2api-go/internal/httpapi/server.go:2416.16,2419.3 2 0
github.com/auucoder/gptgrok2api-go/internal/httpapi/server.go:2420.2,2422.21 3 0
github.com/auucoder/gptgrok2api-go/internal/httpapi/server.go:2425.44,2430.2 4 1
github.com/auucoder/gptgrok2api-go/internal/httpapi/survival.go:11.52,14.24 3 1
github.com/auucoder/gptgrok2api-go/internal/httpapi/survival.go:14.24,16.3 1 0
github.com/auucoder/gptgrok2api-go/internal/httpapi/survival.go:17.2,20.35 4 1
github.com/auucoder/gptgrok2api-go/internal/httpapi/survival.go:20.35,22.3 1 1
github.com/auucoder/gptgrok2api-go/internal/httpapi/survival.go:23.2,23.15 1 1
github.com/auucoder/gptgrok2api-go/internal/httpapi/survival.go:26.59,28.23 2 1
github.com/auucoder/gptgrok2api-go/internal/httpapi/survival.go:28.23,32.3 3 0
github.com/auucoder/gptgrok2api-go/internal/httpapi/survival.go:33.2,39.86 7 1
github.com/auucoder/gptgrok2api-go/internal/httpapi/survival.go:42.42,45.21 3 1
github.com/auucoder/gptgrok2api-go/internal/httpapi/survival.go:45.21,47.3 1 0
github.com/auucoder/gptgrok2api-go/internal/httpapi/survival.go:48.2,48.21 1 1
github.com/auucoder/gptgrok2api-go/internal/httpapi/survival.go:48.21,50.3 1 0
github.com/auucoder/gptgrok2api-go/internal/httpapi/survival.go:51.2,53.16 3 1
github.com/auucoder/gptgrok2api-go/internal/httpapi/survival.go:53.16,56.3 2 0
github.com/auucoder/gptgrok2api-go/internal/httpapi/survival.go:57.2,61.32 5 1
github.com/auucoder/gptgrok2api-go/internal/httpapi/survival.go:61.32,63.53 2 1
github.com/auucoder/gptgrok2api-go/internal/httpapi/survival.go:63.53,64.12 1 0
github.com/auucoder/gptgrok2api-go/internal/httpapi/survival.go:66.3,67.13 2 1
github.com/auucoder/gptgrok2api-go/internal/httpapi/survival.go:67.13,70.17 3 1
github.com/auucoder/gptgrok2api-go/internal/httpapi/survival.go:70.17,70.26 1 1
github.com/auucoder/gptgrok2api-go/internal/httpapi/survival.go:71.4,74.15 4 1
github.com/auucoder/gptgrok2api-go/internal/httpapi/survival.go:77.2,80.36 4 1
github.com/auucoder/gptgrok2api-go/internal/httpapi/survival.go:80.36,81.34 1 1
github.com/auucoder/gptgrok2api-go/internal/httpapi/survival.go:81.34,83.4 1 1
github.com/auucoder/gptgrok2api-go/internal/httpapi/survival.go:84.3,84.74 1 1
github.com/auucoder/gptgrok2api-go/internal/httpapi/survival.go:84.74,86.4 1 0
github.com/auucoder/gptgrok2api-go/internal/httpapi/survival.go:88.2,88.129 1 1
github.com/auucoder/gptgrok2api-go/internal/httpapi/survival.go:91.44,95.9 2 1
github.com/auucoder/gptgrok2api-go/internal/httpapi/survival.go:96.17,96.17 0 0
github.com/auucoder/gptgrok2api-go/internal/httpapi/survival.go:97.24,98.15 1 0
github.com/auucoder/gptgrok2api-go/internal/httpapi/survival.go:99.20,101.9 2 0
github.com/auucoder/gptgrok2api-go/internal/httpapi/survival.go:103.2,103.6 1 0
github.com/auucoder/gptgrok2api-go/internal/httpapi/survival.go:103.6,107.20 4 0
github.com/auucoder/gptgrok2api-go/internal/httpapi/survival.go:107.20,109.4 1 0
github.com/auucoder/gptgrok2api-go/internal/httpapi/survival.go:110.3,110.14 1 0
github.com/auucoder/gptgrok2api-go/internal/httpapi/survival.go:110.14,116.65 6 0
github.com/auucoder/gptgrok2api-go/internal/httpapi/survival.go:116.65,118.5 1 0
github.com/auucoder/gptgrok2api-go/internal/httpapi/survival.go:119.4,119.11 1 0
github.com/auucoder/gptgrok2api-go/internal/httpapi/survival.go:119.11,121.5 1 0
github.com/auucoder/gptgrok2api-go/internal/httpapi/survival.go:122.4,125.25 4 0
github.com/auucoder/gptgrok2api-go/internal/httpapi/survival.go:127.3,128.10 2 0
github.com/auucoder/gptgrok2api-go/internal/httpapi/survival.go:129.25,130.16 1 0
github.com/auucoder/gptgrok2api-go/internal/httpapi/survival.go:131.21,133.10 2 0
github.com/auucoder/gptgrok2api-go/internal/httpapi/survival.go:134.18,134.18 0 0
github.com/auucoder/gptgrok2api-go/internal/httpapi/survival.go:139.46,141.23 2 0
github.com/auucoder/gptgrok2api-go/internal/httpapi/survival.go:141.23,144.3 2 0
github.com/auucoder/gptgrok2api-go/internal/httpapi/survival.go:145.2,150.30 6 0
github.com/auucoder/gptgrok2api-go/internal/httpapi/survival.go:153.82,155.17 2 1
github.com/auucoder/gptgrok2api-go/internal/httpapi/survival.go:155.17,157.3 1 0
github.com/auucoder/gptgrok2api-go/internal/httpapi/survival.go:158.2,160.139 3 1
github.com/auucoder/gptgrok2api-go/internal/httpapi/survival.go:160.139,164.17 4 0
github.com/auucoder/gptgrok2api-go/internal/httpapi/survival.go:164.17,166.42 2 0
github.com/auucoder/gptgrok2api-go/internal/httpapi/survival.go:166.42,169.5 2 0
github.com/auucoder/gptgrok2api-go/internal/httpapi/survival.go:172.2,172.15 1 1
github.com/auucoder/gptgrok2api-go/internal/httpapi/survival.go:172.15,173.113 1 0
github.com/auucoder/gptgrok2api-go/internal/httpapi/survival.go:173.113,176.4 2 0
github.com/auucoder/gptgrok2api-go/internal/httpapi/survival.go:178.2,181.16 4 1
github.com/auucoder/gptgrok2api-go/internal/httpapi/survival.go:181.16,183.130 2 0
github.com/auucoder/gptgrok2api-go/internal/httpapi/survival.go:183.130,185.4 1 0
github.com/auucoder/gptgrok2api-go/internal/httpapi/survival.go:186.3,187.16 2 0
github.com/auucoder/gptgrok2api-go/internal/httpapi/survival.go:189.2,190.40 2 1
github.com/auucoder/gptgrok2api-go/internal/httpapi/survival.go:190.40,192.3 1 0
github.com/auucoder/gptgrok2api-go/internal/httpapi/survival.go:193.2,193.83 1 1
github.com/auucoder/gptgrok2api-go/internal/httpapi/survival.go:196.57,202.39 6 1
github.com/auucoder/gptgrok2api-go/internal/httpapi/survival.go:202.39,204.3 1 0
github.com/auucoder/gptgrok2api-go/internal/httpapi/survival.go:204.8,207.3 2 1
github.com/auucoder/gptgrok2api-go/internal/httpapi/survival.go:210.46,211.16 1 1
github.com/auucoder/gptgrok2api-go/internal/httpapi/survival.go:212.44,213.14 1 1
github.com/auucoder/gptgrok2api-go/internal/httpapi/survival.go:215.2,215.14 1 0
github.com/auucoder/gptgrok2api-go/internal/httpapi/survival.go:217.43,219.31 2 1
github.com/auucoder/gptgrok2api-go/internal/httpapi/survival.go:219.31,221.3 1 1
github.com/auucoder/gptgrok2api-go/internal/httpapi/survival.go:222.2,222.14 1 1
github.com/auucoder/gptgrok2api-go/internal/httpapi/video.go:37.71,38.25 1 0
github.com/auucoder/gptgrok2api-go/internal/httpapi/video.go:38.25,40.3 1 0
github.com/auucoder/gptgrok2api-go/internal/httpapi/video.go:41.2,41.33 1 0
github.com/auucoder/gptgrok2api-go/internal/httpapi/video.go:41.33,44.3 2 0
github.com/auucoder/gptgrok2api-go/internal/httpapi/video.go:45.2,45.55 1 0
github.com/auucoder/gptgrok2api-go/internal/httpapi/video.go:45.55,48.3 2 0
github.com/auucoder/gptgrok2api-go/internal/httpapi/video.go:49.2,50.21 2 0
github.com/auucoder/gptgrok2api-go/internal/httpapi/video.go:50.21,52.3 1 0
github.com/auucoder/gptgrok2api-go/internal/httpapi/video.go:53.2,54.18 2 0
github.com/auucoder/gptgrok2api-go/internal/httpapi/video.go:54.18,57.3 2 0
github.com/auucoder/gptgrok2api-go/internal/httpapi/video.go:58.2,60.30 3 0
github.com/auucoder/gptgrok2api-go/internal/httpapi/video.go:60.30,63.3 2 0
github.com/auucoder/gptgrok2api-go/internal/httpapi/video.go:64.2,65.16 2 0
github.com/auucoder/gptgrok2api-go/internal/httpapi/video.go:65.16,67.3 1 0
github.com/auucoder/gptgrok2api-go/internal/httpapi/video.go:68.2,69.124 2 0
github.com/auucoder/gptgrok2api-go/internal/httpapi/video.go:69.124,72.3 2 0
github.com/auucoder/gptgrok2api-go/internal/httpapi/video.go:73.2,74.22 2 0
github.com/auucoder/gptgrok2api-go/internal/httpapi/video.go:74.22,76.3 1 0
github.com/auucoder/gptgrok2api-go/internal/httpapi/video.go:77.2,77.50 1 0
github.com/auucoder/gptgrok2api-go/internal/httpapi/video.go:77.50,80.3 2 0
github.com/auucoder/gptgrok2api-go/internal/httpapi/video.go:81.2,82.18 2 0
github.com/auucoder/gptgrok2api-go/internal/httpapi/video.go:82.18,84.3 1 0
github.com/auucoder/gptgrok2api-go/internal/httpapi/video.go:85.2,85.86 1 0
github.com/auucoder/gptgrok2api-go/internal/httpapi/video.go:85.86,88.3 2 0
github.com/auucoder/gptgrok2api-go/internal/httpapi/video.go:89.2,89.89 1 0
github.com/auucoder/gptgrok2api-go/internal/httpapi/video.go:89.89,92.3 2 0
github.com/auucoder/gptgrok2api-go/internal/httpapi/video.go:93.2,99.87 7 0
github.com/auucoder/gptgrok2api-go/internal/httpapi/video.go:99.87,101.17 2 0
github.com/auucoder/gptgrok2api-go/internal/httpapi/video.go:101.17,102.12 1 0
github.com/auucoder/gptgrok2api-go/internal/httpapi/video.go:104.3,106.38 3 0
github.com/auucoder/gptgrok2api-go/internal/httpapi/video.go:106.38,107.12 1 0
github.com/auucoder/gptgrok2api-go/internal/httpapi/video.go:109.3,110.21 2 0
github.com/auucoder/gptgrok2api-go/internal/httpapi/video.go:110.21,112.4 1 0
github.com/auucoder/gptgrok2api-go/internal/httpapi/video.go:113.3,114.24 2 0
github.com/auucoder/gptgrok2api-go/internal/httpapi/video.go:114.24,115.12 1 0
github.com/auucoder/gptgrok2api-go/internal/httpapi/video.go:117.3,119.23 3 0
github.com/auucoder/gptgrok2api-go/internal/httpapi/video.go:119.23,120.77 1 0
github.com/auucoder/gptgrok2api-go/internal/httpapi/video.go:120.77,122.5 1 0
github.com/auucoder/gptgrok2api-go/internal/httpapi/video.go:125.2,126.34 2 0
github.com/auucoder/gptgrok2api-go/internal/httpapi/video.go:129.123,132.16 3 0
github.com/auucoder/gptgrok2api-go/internal/httpapi/video.go:132.16,135.3 2 0
github.com/auucoder/gptgrok2api-go/internal/httpapi/video.go:136.2,138.16 3 0
github.com/auucoder/gptgrok2api-go/internal/httpapi/video.go:138.16,142.3 3 0
github.com/auucoder/gptgrok2api-go/internal/httpapi/video.go:143.2,145.20 3 0
github.com/auucoder/gptgrok2api-go/internal/httpapi/video.go:145.20,148.3 2 0
github.com/auucoder/gptgrok2api-go/internal/httpapi/video.go:149.2,154.45 6 0
github.com/auucoder/gptgrok2api-go/internal/httpapi/video.go:154.45,156.16 2 0
github.com/auucoder/gptgrok2api-go/internal/httpapi/video.go:156.16,158.4 1 0
github.com/auucoder/gptgrok2api-go/internal/httpapi/video.go:159.3,160.24 2 0
github.com/auucoder/gptgrok2api-go/internal/httpapi/video.go:160.24,164.4 3 0
github.com/auucoder/gptgrok2api-go/internal/httpapi/video.go:165.3,170.22 6 0
github.com/auucoder/gptgrok2api-go/internal/httpapi/video.go:170.22,172.22 2 0
github.com/auucoder/gptgrok2api-go/internal/httpapi/video.go:172.22,173.10 1 0
github.com/auucoder/gptgrok2api-go/internal/httpapi/video.go:175.4,175.33 1 0
github.com/auucoder/gptgrok2api-go/internal/httpapi/video.go:175.33,176.27 1 0
github.com/auucoder/gptgrok2api-go/internal/httpapi/video.go:176.27,179.6 2 0
github.com/auucoder/gptgrok2api-go/internal/httpapi/video.go:180.5,180.30 1 0
github.com/auucoder/gptgrok2api-go/internal/httpapi/video.go:180.30,181.25 1 0
github.com/auucoder/gptgrok2api-go/internal/httpapi/video.go:181.25,183.7 1 0
github.com/auucoder/gptgrok2api-go/internal/httpapi/video.go:184.6,184.29 1 0
github.com/auucoder/gptgrok2api-go/internal/httpapi/video.go:184.29,186.7 1 0
github.com/auucoder/gptgrok2api-go/internal/httpapi/video.go:187.6,187.28 1 0
github.com/auucoder/gptgrok2api-go/internal/httpapi/video.go:187.28,189.7 1 0
github.com/auucoder/gptgrok2api-go/internal/httpapi/video.go:190.6,190.29 1 0
github.com/auucoder/gptgrok2api-go/internal/httpapi/video.go:190.29,192.7 1 0
github.com/auucoder/gptgrok2api-go/internal/httpapi/video.go:196.3,197.27 2 0
github.com/auucoder/gptgrok2api-go/internal/httpapi/video.go:197.27,200.4 2 0
github.com/auucoder/gptgrok2api-go/internal/httpapi/video.go:201.3,201.23 1 0
github.com/auucoder/gptgrok2api-go/internal/httpapi/video.go:201.23,203.4 1 0
github.com/auucoder/gptgrok2api-go/internal/httpapi/video.go:204.3,204.27 1 0
github.com/auucoder/gptgrok2api-go/internal/httpapi/video.go:204.27,206.4 1 0
github.com/auucoder/gptgrok2api-go/internal/httpapi/video.go:207.3,207.26 1 0
github.com/auucoder/gptgrok2api-go/internal/httpapi/video.go:207.26,209.4 1 0
github.com/auucoder/gptgrok2api-go/internal/httpapi/video.go:210.3,210.34 1 0
github.com/auucoder/gptgrok2api-go/internal/httpapi/video.go:212.2,212.37 1 0
github.com/auucoder/gptgrok2api-go/internal/httpapi/video.go:212.37,214.3 1 0
github.com/auucoder/gptgrok2api-go/internal/httpapi/video.go:215.2,215.20 1 0
github.com/auucoder/gptgrok2api-go/internal/httpapi/video.go:215.20,218.3 2 0
github.com/auucoder/gptgrok2api-go/internal/httpapi/video.go:219.2,220.16 2 0
github.com/auucoder/gptgrok2api-go/internal/httpapi/video.go:220.16,223.3 2 0
github.com/auucoder/gptgrok2api-go/internal/httpapi/video.go:224.2,224.63 1 0
github.com/auucoder/gptgrok2api-go/internal/httpapi/video.go:224.63,227.3 2 0
github.com/auucoder/gptgrok2api-go/internal/httpapi/video.go:228.2,230.40 3 0
github.com/auucoder/gptgrok2api-go/internal/httpapi/video.go:230.40,232.3 1 0
github.com/auucoder/gptgrok2api-go/internal/httpapi/video.go:233.2,234.55 2 0
github.com/auucoder/gptgrok2api-go/internal/httpapi/video.go:234.55,237.3 2 0
github.com/auucoder/gptgrok2api-go/internal/httpapi/video.go:238.2,244.59 7 0
github.com/auucoder/gptgrok2api-go/internal/httpapi/video.go:247.68,248.25 1 0
github.com/auucoder/gptgrok2api-go/internal/httpapi/video.go:248.25,250.3 1 0
github.com/auucoder/gptgrok2api-go/internal/httpapi/video.go:251.2,252.41 2 0
github.com/auucoder/gptgrok2api-go/internal/httpapi/video.go:252.41,256.3 3 0
github.com/auucoder/gptgrok2api-go/internal/httpapi/video.go:257.2,261.8 5 0
github.com/auucoder/gptgrok2api-go/internal/httpapi/video.go:261.8,263.3 1 0
github.com/auucoder/gptgrok2api-go/internal/httpapi/video.go:264.2,265.9 2 0
github.com/auucoder/gptgrok2api-go/internal/httpapi/video.go:265.9,268.3 2 0
github.com/auucoder/gptgrok2api-go/internal/httpapi/video.go:269.2,269.36 1 0
github.com/auucoder/gptgrok2api-go/internal/httpapi/video.go:272.82,276.8 4 0
github.com/auucoder/gptgrok2api-go/internal/httpapi/video.go:276.8,278.3 1 0
github.com/auucoder/gptgrok2api-go/internal/httpapi/video.go:279.2,280.9 2 0
github.com/auucoder/gptgrok2api-go/internal/httpapi/video.go:280.9,283.3 2 0
github.com/auucoder/gptgrok2api-go/internal/httpapi/video.go:284.2,284.16 1 0
github.com/auucoder/gptgrok2api-go/internal/httpapi/video.go:284.16,287.3 2 0
github.com/auucoder/gptgrok2api-go/internal/httpapi/video.go:288.2,288.41 1 0
github.com/auucoder/gptgrok2api-go/internal/httpapi/video.go:288.41,291.3 2 0
github.com/auucoder/gptgrok2api-go/internal/httpapi/video.go:292.2,292.28 1 0
github.com/auucoder/gptgrok2api-go/internal/httpapi/video.go:295.101,299.19 4 0
github.com/auucoder/gptgrok2api-go/internal/httpapi/video.go:299.19,301.3 1 0
github.com/auucoder/gptgrok2api-go/internal/httpapi/video.go:302.2,302.20 1 0
github.com/auucoder/gptgrok2api-go/internal/httpapi/video.go:302.20,304.3 1 0
github.com/auucoder/gptgrok2api-go/internal/httpapi/video.go:305.2,305.22 1 0
github.com/auucoder/gptgrok2api-go/internal/httpapi/video.go:305.22,306.28 1 0
github.com/auucoder/gptgrok2api-go/internal/httpapi/video.go:306.28,308.4 1 0
github.com/auucoder/gptgrok2api-go/internal/httpapi/video.go:308.9,308.32 1 0
github.com/auucoder/gptgrok2api-go/internal/httpapi/video.go:308.32,310.67 2 0
github.com/auucoder/gptgrok2api-go/internal/httpapi/video.go:310.67,312.5 1 0
github.com/auucoder/gptgrok2api-go/internal/httpapi/video.go:313.4,313.70 1 0
github.com/auucoder/gptgrok2api-go/internal/httpapi/video.go:314.9,316.4 1 0
github.com/auucoder/gptgrok2api-go/internal/httpapi/video.go:320.78,321.28 1 0
github.com/auucoder/gptgrok2api-go/internal/httpapi/video.go:321.28,323.3 1 0
github.com/auucoder/gptgrok2api-go/internal/httpapi/video.go:324.2,324.27 1 0
github.com/auucoder/gptgrok2api-go/internal/httpapi/video.go:324.27,325.57 1 0
github.com/auucoder/gptgrok2api-go/internal/httpapi/video.go:325.57,327.4 1 0
github.com/auucoder/gptgrok2api-go/internal/httpapi/video.go:329.2,329.12 1 0
github.com/auucoder/gptgrok2api-go/internal/httpapi/video.go:332.24,332.75 1 0
github.com/auucoder/gptgrok2api-go/internal/model/catalog.go:24.39,32.2 1 0
github.com/auucoder/gptgrok2api-go/internal/model/catalog.go:34.23,79.2 3 1
github.com/auucoder/gptgrok2api-go/internal/model/catalog.go:81.49,82.29 1 1
github.com/auucoder/gptgrok2api-go/internal/model/catalog.go:82.29,83.36 1 1
github.com/auucoder/gptgrok2api-go/internal/model/catalog.go:83.36,85.4 1 1
github.com/auucoder/gptgrok2api-go/internal/model/catalog.go:87.2,87.22 1 0
github.com/auucoder/gptgrok2api-go/internal/model/chat.go:13.47,15.14 2 1
github.com/auucoder/gptgrok2api-go/internal/model/chat.go:15.14,17.3 1 0
github.com/auucoder/gptgrok2api-go/internal/model/chat.go:20.2,20.25 1 1
github.com/auucoder/gptgrok2api-go/internal/model/chat.go:20.25,22.3 1 1
github.com/auucoder/gptgrok2api-go/internal/model/chat.go:23.2,23.27 1 0
github.com/auucoder/gptgrok2api-go/internal/model/chat.go:23.27,25.3 1 0
github.com/auucoder/gptgrok2api-go/internal/model/chat.go:26.2,26.76 1 0
github.com/auucoder/gptgrok2api-go/internal/model/chat.go:26.76,28.3 1 0
github.com/auucoder/gptgrok2api-go/internal/model/chat.go:29.2,29.12 1 0
github.com/auucoder/gptgrok2api-go/internal/model/chat.go:30.73,31.92 1 0
github.com/auucoder/gptgrok2api-go/internal/model/chat.go:32.44,33.83 1 0
github.com/auucoder/gptgrok2api-go/internal/model/chat.go:34.44,35.74 1 0
github.com/auucoder/gptgrok2api-go/internal/model/chat.go:36.42,37.83 1 0
github.com/auucoder/gptgrok2api-go/internal/model/chat.go:38.30,39.83 1 0
github.com/auucoder/gptgrok2api-go/internal/model/chat.go:40.49,41.75 1 0
github.com/auucoder/gptgrok2api-go/internal/model/chat.go:42.54,43.85 1 0
github.com/auucoder/gptgrok2api-go/internal/model/chat.go:44.40,45.85 1 0
github.com/auucoder/gptgrok2api-go/internal/model/chat.go:46.40,47.76 1 0
github.com/auucoder/gptgrok2api-go/internal/model/chat.go:48.36,49.75 1 0
github.com/auucoder/gptgrok2api-go/internal/model/chat.go:50.23,51.103 1 0
github.com/auucoder/gptgrok2api-go/internal/model/chat.go:53.2,53.27 1 0
github.com/auucoder/gptgrok2api-go/internal/model/chat.go:56.40,57.31 1 0
github.com/auucoder/gptgrok2api-go/internal/model/chat.go:69.16,70.14 1 0
github.com/auucoder/gptgrok2api-go/internal/model/chat.go:71.10,72.15 1 0
github.com/auucoder/gptgrok2api-go/internal/oauth/device.go:45.101,46.19 1 1
github.com/auucoder/gptgrok2api-go/internal/oauth/device.go:46.19,48.3 1 0
github.com/auucoder/gptgrok2api-go/internal/oauth/device.go:49.2,49.172 1 1
github.com/auucoder/gptgrok2api-go/internal/oauth/device.go:52.90,55.76 3 1
github.com/auucoder/gptgrok2api-go/internal/oauth/device.go:55.76,57.3 1 0
github.com/auucoder/gptgrok2api-go/internal/oauth/device.go:58.2,60.40 3 1
github.com/auucoder/gptgrok2api-go/internal/oauth/device.go:60.40,62.3 1 0
github.com/auucoder/gptgrok2api-go/internal/oauth/device.go:63.2,64.18 2 1
github.com/auucoder/gptgrok2api-go/internal/oauth/device.go:64.18,66.3 1 0
github.com/auucoder/gptgrok2api-go/internal/oauth/device.go:67.2,67.20 1 1
github.com/auucoder/gptgrok2api-go/internal/oauth/device.go:67.20,69.3 1 0
github.com/auucoder/gptgrok2api-go/internal/oauth/device.go:70.2,71.18 2 1
github.com/auucoder/gptgrok2api-go/internal/oauth/device.go:71.18,73.3 1 0
github.com/auucoder/gptgrok2api-go/internal/oauth/device.go:74.2,74.19 1 1
github.com/auucoder/gptgrok2api-go/internal/oauth/device.go:74.19,76.3 1 0
github.com/auucoder/gptgrok2api-go/internal/oauth/device.go:77.2,78.24 2 1
github.com/auucoder/gptgrok2api-go/internal/oauth/device.go:78.24,80.3 1 0
github.com/auucoder/gptgrok2api-go/internal/oauth/device.go:81.2,82.20 2 1
github.com/auucoder/gptgrok2api-go/internal/oauth/device.go:82.20,84.3 1 1
github.com/auucoder/gptgrok2api-go/internal/oauth/device.go:85.2,90.218 6 1
github.com/auucoder/gptgrok2api-go/internal/oauth/device.go:93.86,97.8 4 1
github.com/auucoder/gptgrok2api-go/internal/oauth/device.go:97.8,100.3 2 1
github.com/auucoder/gptgrok2api-go/internal/oauth/device.go:101.2,102.9 2 1
github.com/auucoder/gptgrok2api-go/internal/oauth/device.go:102.9,104.3 1 0
github.com/auucoder/gptgrok2api-go/internal/oauth/device.go:105.2,105.44 1 1
github.com/auucoder/gptgrok2api-go/internal/oauth/device.go:105.44,107.3 1 0
github.com/auucoder/gptgrok2api-go/internal/oauth/device.go:108.2,111.16 4 1
github.com/auucoder/gptgrok2api-go/internal/oauth/device.go:111.16,113.3 1 0
github.com/auucoder/gptgrok2api-go/internal/oauth/device.go:114.2,115.50 2 1
github.com/auucoder/gptgrok2api-go/internal/oauth/device.go:115.50,117.21 2 1
github.com/auucoder/gptgrok2api-go/internal/oauth/device.go:117.21,119.4 1 0
github.com/auucoder/gptgrok2api-go/internal/oauth/device.go:120.3,121.17 2 1
github.com/auucoder/gptgrok2api-go/internal/oauth/device.go:121.17,123.4 1 0
github.com/auucoder/gptgrok2api-go/internal/oauth/device.go:124.3,127.78 4 1
github.com/auucoder/gptgrok2api-go/internal/oauth/device.go:129.2,130.70 2 1
github.com/auucoder/gptgrok2api-go/internal/oauth/device.go:130.70,132.31 2 1
github.com/auucoder/gptgrok2api-go/internal/oauth/device.go:132.31,134.21 2 0
github.com/auucoder/gptgrok2api-go/internal/oauth/device.go:134.21,136.5 1 0
github.com/auucoder/gptgrok2api-go/internal/oauth/device.go:137.4,138.57 2 0
github.com/auucoder/gptgrok2api-go/internal/oauth/device.go:138.57,140.5 1 0
github.com/auucoder/gptgrok2api-go/internal/oauth/device.go:141.4,141.17 1 0
github.com/auucoder/gptgrok2api-go/internal/oauth/device.go:143.3,143.105 1 1
github.com/auucoder/gptgrok2api-go/internal/oauth/device.go:145.2,149.66 5 0
github.com/auucoder/gptgrok2api-go/internal/oauth/device.go:149.66,151.3 1 0
github.com/auucoder/gptgrok2api-go/internal/oauth/device.go:152.2,152.134 1 0
github.com/auucoder/gptgrok2api-go/internal/oauth/device.go:155.133,158.2 2 1
github.com/auucoder/gptgrok2api-go/internal/oauth/device.go:160.146,161.39 1 1
github.com/auucoder/gptgrok2api-go/internal/oauth/device.go:161.39,163.3 1 0
github.com/auucoder/gptgrok2api-go/internal/oauth/device.go:164.2,165.16 2 1
github.com/auucoder/gptgrok2api-go/internal/oauth/device.go:165.16,167.3 1 0
github.com/auucoder/gptgrok2api-go/internal/oauth/device.go:168.2,171.17 4 1
github.com/auucoder/gptgrok2api-go/internal/oauth/device.go:171.17,173.3 1 0
github.com/auucoder/gptgrok2api-go/internal/oauth/device.go:174.2,175.16 2 1
github.com/auucoder/gptgrok2api-go/internal/oauth/device.go:175.16,177.3 1 0
github.com/auucoder/gptgrok2api-go/internal/oauth/device.go:178.2,180.20 3 1
github.com/auucoder/gptgrok2api-go/internal/oauth/device.go:180.20,182.3 1 0
github.com/auucoder/gptgrok2api-go/internal/oauth/device.go:183.2,183.52 1 1
github.com/auucoder/gptgrok2api-go/internal/oauth/device.go:183.52,185.3 1 0
github.com/auucoder/gptgrok2api-go/internal/oauth/device.go:186.2,186.61 1 1
github.com/auucoder/gptgrok2api-go/internal/oauth/device.go:186.61,187.102 1 1
github.com/auucoder/gptgrok2api-go/internal/oauth/device.go:187.102,189.4 1 0
github.com/auucoder/gptgrok2api-go/internal/oauth/device.go:191.2,191.33 1 1
github.com/auucoder/gptgrok2api-go/internal/oauth/device.go:194.39,196.38 2 1
github.com/auucoder/gptgrok2api-go/internal/oauth/device.go:196.38,197.31 1 1
github.com/auucoder/gptgrok2api-go/internal/oauth/device.go:197.31,199.4 1 0
github.com/auucoder/gptgrok2api-go/internal/oauth/device.go:203.38,205.20 2 1
github.com/auucoder/gptgrok2api-go/internal/oauth/device.go:205.20,207.3 1 0
github.com/auucoder/gptgrok2api-go/internal/oauth/device.go:208.2,209.16 2 1
github.com/auucoder/gptgrok2api-go/internal/oauth/device.go:209.16,211.3 1 0
github.com/auucoder/gptgrok2api-go/internal/oauth/device.go:212.2,213.41 2 1
github.com/auucoder/gptgrok2api-go/internal/oauth/device.go:213.41,215.3 1 0
github.com/auucoder/gptgrok2api-go/internal/oauth/device.go:216.2,216.69 1 1
github.com/auucoder/gptgrok2api-go/internal/oauth/device.go:216.69,217.53 1 1
github.com/auucoder/gptgrok2api-go/internal/oauth/device.go:217.53,219.4 1 1
github.com/auucoder/gptgrok2api-go/internal/oauth/device.go:221.2,221.11 1 0
github.com/auucoder/gptgrok2api-go/internal/oauth/device.go:224.36,225.18 1 1
github.com/auucoder/gptgrok2api-go/internal/oauth/device.go:225.18,227.3 1 1
github.com/auucoder/gptgrok2api-go/internal/oauth/device.go:228.2,228.45 1 1
github.com/auucoder/gptgrok2api-go/internal/oauth/device.go:231.44,232.65 1 1
github.com/auucoder/gptgrok2api-go/internal/oauth/device.go:232.65,234.3 1 1
github.com/auucoder/gptgrok2api-go/internal/oauth/device.go:235.2,235.39 1 0
github.com/auucoder/gptgrok2api-go/internal/oauth/device.go:235.39,237.3 1 0
github.com/auucoder/gptgrok2api-go/internal/oauth/device.go:238.2,238.17 1 0
github.com/auucoder/gptgrok2api-go/internal/oauth/device.go:241.45,242.31 1 0
github.com/auucoder/gptgrok2api-go/internal/oauth/device.go:242.31,243.37 1 0
github.com/auucoder/gptgrok2api-go/internal/oauth/device.go:243.37,245.4 1 0
github.com/auucoder/gptgrok2api-go/internal/oauth/device.go:247.2,247.11 1 0
github.com/auucoder/gptgrok2api-go/internal/oauth/openai_login.go:45.98,46.19 1 1
github.com/auucoder/gptgrok2api-go/internal/oauth/openai_login.go:46.19,48.3 1 0
github.com/auucoder/gptgrok2api-go/internal/oauth/openai_login.go:49.2,56.3 1 1
github.com/auucoder/gptgrok2api-go/internal/oauth/openai_login.go:59.74,60.68 1 1
github.com/auucoder/gptgrok2api-go/internal/oauth/openai_login.go:60.68,62.3 1 0
github.com/auucoder/gptgrok2api-go/internal/oauth/openai_login.go:63.2,64.16 2 1
github.com/auucoder/gptgrok2api-go/internal/oauth/openai_login.go:64.16,66.3 1 0
github.com/auucoder/gptgrok2api-go/internal/oauth/openai_login.go:67.2,68.16 2 1
github.com/auucoder/gptgrok2api-go/internal/oauth/openai_login.go:68.16,70.3 1 0
github.com/auucoder/gptgrok2api-go/internal/oauth/openai_login.go:71.2,72.16 2 1
github.com/auucoder/gptgrok2api-go/internal/oauth/openai_login.go:72.16,74.3 1 0
github.com/auucoder/gptgrok2api-go/internal/oauth/openai_login.go:75.2,76.16 2 1
github.com/auucoder/gptgrok2api-go/internal/oauth/openai_login.go:76.16,78.3 1 0
github.com/auucoder/gptgrok2api-go/internal/oauth/openai_login.go:79.2,81.16 3 1
github.com/auucoder/gptgrok2api-go/internal/oauth/openai_login.go:81.16,83.3 1 0
github.com/auucoder/gptgrok2api-go/internal/oauth/openai_login.go:84.2,93.54 2 1
github.com/auucoder/gptgrok2api-go/internal/oauth/openai_login.go:93.54,95.3 1 1
github.com/auucoder/gptgrok2api-go/internal/oauth/openai_login.go:96.2,105.8 5 1
github.com/auucoder/gptgrok2api-go/internal/oauth/openai_login.go:108.106,110.16 2 1
github.com/auucoder/gptgrok2api-go/internal/oauth/openai_login.go:110.16,112.3 1 0
github.com/auucoder/gptgrok2api-go/internal/oauth/openai_login.go:113.2,114.17 2 1
github.com/auucoder/gptgrok2api-go/internal/oauth/openai_login.go:114.17,116.3 1 1
github.com/auucoder/gptgrok2api-go/internal/oauth/openai_login.go:117.2,122.39 6 1
github.com/auucoder/gptgrok2api-go/internal/oauth/openai_login.go:122.39,123.22 1 1
github.com/auucoder/gptgrok2api-go/internal/oauth/openai_login.go:123.22,124.12 1 1
github.com/auucoder/gptgrok2api-go/internal/oauth/openai_login.go:126.3,126.47 1 1
github.com/auucoder/gptgrok2api-go/internal/oauth/openai_login.go:126.47,128.9 2 1
github.com/auucoder/gptgrok2api-go/internal/oauth/openai_login.go:131.2,132.18 2 1
github.com/auucoder/gptgrok2api-go/internal/oauth/openai_login.go:132.18,134.3 1 1
github.com/auucoder/gptgrok2api-go/internal/oauth/openai_login.go:135.2,135.43 1 1
github.com/auucoder/gptgrok2api-go/internal/oauth/openai_login.go:135.43,137.3 1 1
github.com/auucoder/gptgrok2api-go/internal/oauth/openai_login.go:138.2,139.16 2 1
github.com/auucoder/gptgrok2api-go/internal/oauth/openai_login.go:139.16,141.3 1 0
github.com/auucoder/gptgrok2api-go/internal/oauth/openai_login.go:142.2,145.20 4 1
github.com/auucoder/gptgrok2api-go/internal/oauth/openai_login.go:148.116,152.16 4 1
github.com/auucoder/gptgrok2api-go/internal/oauth/openai_login.go:152.16,154.3 1 0
github.com/auucoder/gptgrok2api-go/internal/oauth/openai_login.go:155.2,161.16 7 1
github.com/auucoder/gptgrok2api-go/internal/oauth/openai_login.go:161.16,163.3 1 0
github.com/auucoder/gptgrok2api-go/internal/oauth/openai_login.go:164.2,170.86 7 1
github.com/auucoder/gptgrok2api-go/internal/oauth/openai_login.go:170.86,172.19 2 0
github.com/auucoder/gptgrok2api-go/internal/oauth/openai_login.go:172.19,174.4 1 0
github.com/auucoder/gptgrok2api-go/internal/oauth/openai_login.go:175.3,175.24 1 0
github.com/auucoder/gptgrok2api-go/internal/oauth/openai_login.go:175.24,177.4 1 0
github.com/auucoder/gptgrok2api-go/internal/oauth/openai_login.go:178.3,178.99 1 0
github.com/auucoder/gptgrok2api-go/internal/oauth/openai_login.go:180.2,180.132 1 1
github.com/auucoder/gptgrok2api-go/internal/oauth/openai_login.go:183.50,185.14 2 1
github.com/auucoder/gptgrok2api-go/internal/oauth/openai_login.go:185.14,187.3 1 0
github.com/auucoder/gptgrok2api-go/internal/oauth/openai_login.go:188.2,188.35 1 1
github.com/auucoder/gptgrok2api-go/internal/oauth/openai_login.go:188.35,189.36 1 1
github.com/auucoder/gptgrok2api-go/internal/oauth/openai_login.go:189.36,191.4 1 0
github.com/auucoder/gptgrok2api-go/internal/oauth/openai_login.go:193.2,193.27 1 1
github.com/auucoder/gptgrok2api-go/internal/oauth/openai_login.go:193.27,195.3 1 1
github.com/auucoder/gptgrok2api-go/internal/oauth/openai_login.go:196.2,196.35 1 0
github.com/auucoder/gptgrok2api-go/internal/oauth/openai_login.go:196.35,197.28 1 0
github.com/auucoder/gptgrok2api-go/internal/oauth/openai_login.go:197.28,198.9 1 0
github.com/auucoder/gptgrok2api-go/internal/oauth/openai_login.go:200.3,201.40 2 0
github.com/auucoder/gptgrok2api-go/internal/oauth/openai_login.go:201.40,202.61 1 0
github.com/auucoder/gptgrok2api-go/internal/oauth/openai_login.go:202.61,204.10 2 0
github.com/auucoder/gptgrok2api-go/internal/oauth/openai_login.go:207.3,207.13 1 0
github.com/auucoder/gptgrok2api-go/internal/oauth/openai_login.go:207.13,209.4 1 0
github.com/auucoder/gptgrok2api-go/internal/oauth/openai_login.go:213.37,215.16 2 1
github.com/auucoder/gptgrok2api-go/internal/oauth/openai_login.go:215.16,217.3 1 0
github.com/auucoder/gptgrok2api-go/internal/oauth/openai_login.go:218.2,219.68 2 1
github.com/auucoder/gptgrok2api-go/internal/oauth/openai_login.go:222.42,224.40 2 1
github.com/auucoder/gptgrok2api-go/internal/oauth/openai_login.go:224.40,226.3 1 0
github.com/auucoder/gptgrok2api-go/internal/oauth/openai_login.go:227.2,227.53 1 1
github.com/auucoder/gptgrok2api-go/internal/oauth/openai_login.go:230.35,232.40 2 1
github.com/auucoder/gptgrok2api-go/internal/oauth/openai_login.go:232.40,234.3 1 0
github.com/auucoder/gptgrok2api-go/internal/oauth/openai_login.go:235.2,237.97 3 1
github.com/auucoder/gptgrok2api-go/internal/oauth/openai_login.go:240.60,242.15 2 1
github.com/auucoder/gptgrok2api-go/internal/oauth/openai_login.go:242.15,244.3 1 0
github.com/auucoder/gptgrok2api-go/internal/oauth/openai_login.go:245.2,245.77 1 1
github.com/auucoder/gptgrok2api-go/internal/oauth/openai_login.go:245.77,247.17 2 1
github.com/auucoder/gptgrok2api-go/internal/oauth/openai_login.go:247.17,249.4 1 0
github.com/auucoder/gptgrok2api-go/internal/oauth/openai_login.go:250.3,252.17 3 1
github.com/auucoder/gptgrok2api-go/internal/oauth/openai_login.go:252.17,254.20 2 0
github.com/auucoder/gptgrok2api-go/internal/oauth/openai_login.go:254.20,256.5 1 0
github.com/auucoder/gptgrok2api-go/internal/oauth/openai_login.go:257.4,257.20 1 0
github.com/auucoder/gptgrok2api-go/internal/oauth/openai_login.go:257.20,259.5 1 0
github.com/auucoder/gptgrok2api-go/internal/oauth/openai_login.go:260.4,260.62 1 0
github.com/auucoder/gptgrok2api-go/internal/oauth/openai_login.go:262.3,262.58 1 1
github.com/auucoder/gptgrok2api-go/internal/oauth/openai_login.go:264.2,264.21 1 1
github.com/auucoder/gptgrok2api-go/internal/oauth/openai_login.go:267.69,268.27 1 1
github.com/auucoder/gptgrok2api-go/internal/oauth/openai_login.go:268.27,269.78 1 1
github.com/auucoder/gptgrok2api-go/internal/oauth/openai_login.go:269.78,271.4 1 1
github.com/auucoder/gptgrok2api-go/internal/oauth/openai_login.go:273.2,273.11 1 0
github.com/auucoder/gptgrok2api-go/internal/oauth/store.go:42.43,45.2 2 1
github.com/auucoder/gptgrok2api-go/internal/oauth/store.go:47.43,47.96 3 1
github.com/auucoder/gptgrok2api-go/internal/oauth/store.go:49.56,51.16 2 0
github.com/auucoder/gptgrok2api-go/internal/oauth/store.go:51.16,53.3 1 0
github.com/auucoder/gptgrok2api-go/internal/oauth/store.go:54.2,55.29 2 0
github.com/auucoder/gptgrok2api-go/internal/oauth/store.go:55.29,57.3 1 0
github.com/auucoder/gptgrok2api-go/internal/oauth/store.go:58.2,58.20 1 0
github.com/auucoder/gptgrok2api-go/internal/oauth/store.go:61.55,62.93 1 1
github.com/auucoder/gptgrok2api-go/internal/oauth/store.go:62.93,64.3 1 0
github.com/auucoder/gptgrok2api-go/internal/oauth/store.go:65.2,68.16 4 1
github.com/auucoder/gptgrok2api-go/internal/oauth/store.go:68.16,70.3 1 0
github.com/auucoder/gptgrok2api-go/internal/oauth/store.go:71.2,71.19 1 1
github.com/auucoder/gptgrok2api-go/internal/oauth/store.go:71.19,73.3 1 1
github.com/auucoder/gptgrok2api-go/internal/oauth/store.go:74.2,74.23 1 1
github.com/auucoder/gptgrok2api-go/internal/oauth/store.go:74.23,76.3 1 1
github.com/auucoder/gptgrok2api-go/internal/oauth/store.go:77.2,77.27 1 1
github.com/auucoder/gptgrok2api-go/internal/oauth/store.go:77.27,79.3 1 1
github.com/auucoder/gptgrok2api-go/internal/oauth/store.go:80.2,84.36 5 1
github.com/auucoder/gptgrok2api-go/internal/oauth/store.go:84.36,85.157 1 0
github.com/auucoder/gptgrok2api-go/internal/oauth/store.go:85.157,89.9 4 0
github.com/auucoder/gptgrok2api-go/internal/oauth/store.go:92.2,92.14 1 1
github.com/auucoder/gptgrok2api-go/internal/oauth/store.go:92.14,94.3 1 1
github.com/auucoder/gptgrok2api-go/internal/oauth/store.go:95.2,95.38 1 1
github.com/auucoder/gptgrok2api-go/internal/oauth/store.go:95.38,97.3 1 0
github.com/auucoder/gptgrok2api-go/internal/oauth/store.go:98.2,98.18 1 1
github.com/auucoder/gptgrok2api-go/internal/oauth/store.go:101.71,105.16 4 1
github.com/auucoder/gptgrok2api-go/internal/oauth/store.go:105.16,107.3 1 0
github.com/auucoder/gptgrok2api-go/internal/oauth/store.go:108.2,109.25 2 1
github.com/auucoder/gptgrok2api-go/internal/oauth/store.go:109.25,111.3 1 1
github.com/auucoder/gptgrok2api-go/internal/oauth/store.go:112.2,113.33 2 1
github.com/auucoder/gptgrok2api-go/internal/oauth/store.go:113.33,114.19 1 1
github.com/auucoder/gptgrok2api-go/internal/oauth/store.go:114.19,115.16 1 1
github.com/auucoder/gptgrok2api-go/internal/oauth/store.go:115.16,117.5 1 1
github.com/auucoder/gptgrok2api-go/internal/oauth/store.go:117.10,119.5 1 0
github.com/auucoder/gptgrok2api-go/internal/oauth/store.go:120.4,122.11 3 1
github.com/auucoder/gptgrok2api-go/internal/oauth/store.go:125.2,125.15 1 1
github.com/auucoder/gptgrok2api-go/internal/oauth/store.go:125.15,127.3 1 1
github.com/auucoder/gptgrok2api-go/internal/oauth/store.go:128.2,128.19 1 1
github.com/auucoder/gptgrok2api-go/internal/oauth/store.go:131.51,135.16 4 1
github.com/auucoder/gptgrok2api-go/internal/oauth/store.go:135.16,137.3 1 0
github.com/auucoder/gptgrok2api-go/internal/oauth/store.go:138.2,139.25 2 1
github.com/auucoder/gptgrok2api-go/internal/oauth/store.go:139.25,141.3 1 1
github.com/auucoder/gptgrok2api-go/internal/oauth/store.go:142.2,144.29 3 1
github.com/auucoder/gptgrok2api-go/internal/oauth/store.go:144.29,145.19 1 1
github.com/auucoder/gptgrok2api-go/internal/oauth/store.go:145.19,147.12 2 1
github.com/auucoder/gptgrok2api-go/internal/oauth/store.go:149.3,149.28 1 0
github.com/auucoder/gptgrok2api-go/internal/oauth/store.go:151.2,151.15 1 1
github.com/auucoder/gptgrok2api-go/internal/oauth/store.go:151.15,153.3 1 1
github.com/auucoder/gptgrok2api-go/internal/oauth/store.go:154.2,154.19 1 1
github.com/auucoder/gptgrok2api-go/internal/oauth/store.go:159.139,163.16 4 0
github.com/auucoder/gptgrok2api-go/internal/oauth/store.go:163.16,165.3 1 0
github.com/auucoder/gptgrok2api-go/internal/oauth/store.go:166.2,166.33 1 0
github.com/auucoder/gptgrok2api-go/internal/oauth/store.go:166.33,167.39 1 0
github.com/auucoder/gptgrok2api-go/internal/oauth/store.go:167.39,168.12 1 0
github.com/auucoder/gptgrok2api-go/internal/oauth/store.go:170.3,170.43 1 0
github.com/auucoder/gptgrok2api-go/internal/oauth/store.go:170.43,172.4 1 0
github.com/auucoder/gptgrok2api-go/internal/oauth/store.go:173.3,173.44 1 0
github.com/auucoder/gptgrok2api-go/internal/oauth/store.go:173.44,175.4 1 0
github.com/auucoder/gptgrok2api-go/internal/oauth/store.go:176.3,176.39 1 0
github.com/auucoder/gptgrok2api-go/internal/oauth/store.go:176.39,178.4 1 0
github.com/auucoder/gptgrok2api-go/internal/oauth/store.go:179.3,183.39 5 0
github.com/auucoder/gptgrok2api-go/internal/oauth/store.go:183.39,185.4 1 0
github.com/auucoder/gptgrok2api-go/internal/oauth/store.go:186.3,186.25 1 0
github.com/auucoder/gptgrok2api-go/internal/oauth/store.go:188.2,188.30 1 0
github.com/auucoder/gptgrok2api-go/internal/oauth/store.go:191.69,195.16 4 0
github.com/auucoder/gptgrok2api-go/internal/oauth/store.go:195.16,197.3 1 0
github.com/auucoder/gptgrok2api-go/internal/oauth/store.go:198.2,199.25 2 0
github.com/auucoder/gptgrok2api-go/internal/oauth/store.go:199.25,200.50 1 0
github.com/auucoder/gptgrok2api-go/internal/oauth/store.go:200.50,202.4 1 0
github.com/auucoder/gptgrok2api-go/internal/oauth/store.go:204.2,205.33 2 0
github.com/auucoder/gptgrok2api-go/internal/oauth/store.go:205.33,206.24 1 0
github.com/auucoder/gptgrok2api-go/internal/oauth/store.go:206.24,207.12 1 0
github.com/auucoder/gptgrok2api-go/internal/oauth/store.go:209.3,212.12 4 0
github.com/auucoder/gptgrok2api-go/internal/oauth/store.go:214.2,214.17 1 0
github.com/auucoder/gptgrok2api-go/internal/oauth/store.go:214.17,216.3 1 0
github.com/auucoder/gptgrok2api-go/internal/oauth/store.go:217.2,217.21 1 0
github.com/auucoder/gptgrok2api-go/internal/oauth/store.go:220.43,222.24 2 1
github.com/auucoder/gptgrok2api-go/internal/oauth/store.go:222.24,224.3 1 1
github.com/auucoder/gptgrok2api-go/internal/oauth/store.go:225.2,225.16 1 1
github.com/auucoder/gptgrok2api-go/internal/oauth/store.go:225.16,227.3 1 0
github.com/auucoder/gptgrok2api-go/internal/oauth/store.go:228.2,228.19 1 1
github.com/auucoder/gptgrok2api-go/internal/oauth/store.go:228.19,230.3 1 0
github.com/auucoder/gptgrok2api-go/internal/oauth/store.go:231.2,232.16 2 1
github.com/auucoder/gptgrok2api-go/internal/oauth/store.go:232.16,234.3 1 1
github.com/auucoder/gptgrok2api-go/internal/oauth/store.go:235.2,236.54 2 1
github.com/auucoder/gptgrok2api-go/internal/oauth/store.go:236.54,238.3 1 0
github.com/auucoder/gptgrok2api-go/internal/oauth/store.go:239.2,239.19 1 1
github.com/auucoder/gptgrok2api-go/internal/oauth/store.go:241.45,244.16 3 1
github.com/auucoder/gptgrok2api-go/internal/oauth/store.go:244.16,246.3 1 0
github.com/auucoder/gptgrok2api-go/internal/oauth/store.go:247.2,247.65 1 1
github.com/auucoder/gptgrok2api-go/internal/oauth/store.go:247.65,249.3 1 0
github.com/auucoder/gptgrok2api-go/internal/oauth/store.go:250.2,251.16 2 1
github.com/auucoder/gptgrok2api-go/internal/oauth/store.go:251.16,253.3 1 0
github.com/auucoder/gptgrok2api-go/internal/oauth/store.go:254.2,257.47 4 1
github.com/auucoder/gptgrok2api-go/internal/oauth/store.go:257.47,259.3 1 1
github.com/auucoder/gptgrok2api-go/internal/oauth/store.go:260.2,260.41 1 1
github.com/auucoder/gptgrok2api-go/internal/oauth/store.go:260.41,262.3 1 1
github.com/auucoder/gptgrok2api-go/internal/oauth/store.go:263.2,263.16 1 1
github.com/auucoder/gptgrok2api-go/internal/oauth/store.go:263.16,265.3 1 0
github.com/auucoder/gptgrok2api-go/internal/oauth/store.go:266.2,266.32 1 1
github.com/auucoder/gptgrok2api-go/internal/oauth/store.go:268.55,270.16 2 1
github.com/auucoder/gptgrok2api-go/internal/oauth/store.go:270.16,272.3 1 0
github.com/auucoder/gptgrok2api-go/internal/oauth/store.go:273.2,274.16 2 1
github.com/auucoder/gptgrok2api-go/internal/oauth/store.go:274.16,276.3 1 0
github.com/auucoder/gptgrok2api-go/internal/oauth/store.go:277.2,278.58 2 1
github.com/auucoder/gptgrok2api-go/internal/oauth/store.go:278.58,280.3 1 0
github.com/auucoder/gptgrok2api-go/internal/oauth/store.go:281.2,282.38 2 1
github.com/auucoder/gptgrok2api-go/internal/oauth/store.go:284.53,286.16 2 1
github.com/auucoder/gptgrok2api-go/internal/oauth/store.go:286.16,288.3 1 0
github.com/auucoder/gptgrok2api-go/internal/oauth/store.go:289.2,290.16 2 1
github.com/auucoder/gptgrok2api-go/internal/oauth/store.go:290.16,292.3 1 0
github.com/auucoder/gptgrok2api-go/internal/oauth/store.go:293.2,293.32 1 1
github.com/auucoder/gptgrok2api-go/internal/oauth/store.go:293.32,295.3 1 0
github.com/auucoder/gptgrok2api-go/internal/oauth/store.go:296.2,296.73 1 1
github.com/auucoder/gptgrok2api-go/internal/oauth/store.go:298.42,300.2 1 1
github.com/auucoder/gptgrok2api-go/internal/oauth/store.go:302.54,303.18 1 1
github.com/auucoder/gptgrok2api-go/internal/oauth/store.go:303.18,305.3 1 1
github.com/auucoder/gptgrok2api-go/internal/oauth/store.go:306.2,307.32 2 0
github.com/auucoder/gptgrok2api-go/internal/oauth/store.go:307.32,309.3 1 0
github.com/auucoder/gptgrok2api-go/internal/oauth/store.go:310.2,310.15 1 0
github.com/auucoder/gptgrok2api-go/internal/oauth/store.go:312.24,316.2 3 1
github.com/auucoder/gptgrok2api-go/internal/protocol/chat.go:55.40,57.2 1 0
github.com/auucoder/gptgrok2api-go/internal/protocol/chat.go:59.48,61.35 2 1
github.com/auucoder/gptgrok2api-go/internal/protocol/chat.go:61.35,63.17 2 1
github.com/auucoder/gptgrok2api-go/internal/protocol/chat.go:63.17,65.4 1 0
github.com/auucoder/gptgrok2api-go/internal/protocol/chat.go:66.3,67.17 2 1
github.com/auucoder/gptgrok2api-go/internal/protocol/chat.go:67.17,68.12 1 0
github.com/auucoder/gptgrok2api-go/internal/protocol/chat.go:70.3,70.61 1 1
github.com/auucoder/gptgrok2api-go/internal/protocol/chat.go:72.2,72.36 1 1
github.com/auucoder/gptgrok2api-go/internal/protocol/chat.go:75.113,117.24 3 1
github.com/auucoder/gptgrok2api-go/internal/protocol/chat.go:117.24,119.3 1 1
github.com/auucoder/gptgrok2api-go/internal/protocol/chat.go:120.2,120.17 1 1
github.com/auucoder/gptgrok2api-go/internal/protocol/chat.go:120.17,122.3 1 1
github.com/auucoder/gptgrok2api-go/internal/protocol/chat.go:123.2,123.22 1 1
github.com/auucoder/gptgrok2api-go/internal/protocol/chat.go:123.22,125.3 1 1
github.com/auucoder/gptgrok2api-go/internal/protocol/chat.go:126.2,126.23 1 1
github.com/auucoder/gptgrok2api-go/internal/protocol/chat.go:126.23,128.3 1 1
github.com/auucoder/gptgrok2api-go/internal/protocol/chat.go:129.2,129.16 1 1
github.com/auucoder/gptgrok2api-go/internal/protocol/chat.go:132.62,134.53 2 1
github.com/auucoder/gptgrok2api-go/internal/protocol/chat.go:134.53,136.3 1 0
github.com/auucoder/gptgrok2api-go/internal/protocol/chat.go:137.2,137.38 1 1
github.com/auucoder/gptgrok2api-go/internal/protocol/chat.go:137.38,139.3 1 1
github.com/auucoder/gptgrok2api-go/internal/protocol/chat.go:140.2,140.22 1 1
github.com/auucoder/gptgrok2api-go/internal/protocol/chat.go:140.22,142.3 1 0
github.com/auucoder/gptgrok2api-go/internal/protocol/chat.go:143.2,143.35 1 1
github.com/auucoder/gptgrok2api-go/internal/protocol/chat.go:143.35,145.3 1 0
github.com/auucoder/gptgrok2api-go/internal/protocol/chat.go:146.2,147.64 2 1
github.com/auucoder/gptgrok2api-go/internal/protocol/chat.go:147.64,149.3 1 0
github.com/auucoder/gptgrok2api-go/internal/protocol/chat.go:150.2,150.60 1 1
github.com/auucoder/gptgrok2api-go/internal/protocol/chat.go:150.60,155.98 5 1
github.com/auucoder/gptgrok2api-go/internal/protocol/chat.go:155.98,157.4 1 1
github.com/auucoder/gptgrok2api-go/internal/protocol/chat.go:158.3,158.75 1 1
github.com/auucoder/gptgrok2api-go/internal/protocol/chat.go:160.2,163.49 4 1
github.com/auucoder/gptgrok2api-go/internal/protocol/chat.go:163.49,164.37 1 1
github.com/auucoder/gptgrok2api-go/internal/protocol/chat.go:164.37,166.4 1 1
github.com/auucoder/gptgrok2api-go/internal/protocol/chat.go:166.9,166.112 1 1
github.com/auucoder/gptgrok2api-go/internal/protocol/chat.go:166.112,168.4 1 1
github.com/auucoder/gptgrok2api-go/internal/protocol/chat.go:170.2,170.72 1 1
github.com/auucoder/gptgrok2api-go/internal/protocol/chat.go:170.72,172.3 1 0
github.com/auucoder/gptgrok2api-go/internal/protocol/chat.go:173.2,173.36 1 1
github.com/auucoder/gptgrok2api-go/internal/protocol/chat.go:176.81,177.18 1 0
github.com/auucoder/gptgrok2api-go/internal/protocol/chat.go:177.18,179.17 2 0
github.com/auucoder/gptgrok2api-go/internal/protocol/chat.go:179.17,181.4 1 0
github.com/auucoder/gptgrok2api-go/internal/protocol/chat.go:182.3,182.32 1 0
github.com/auucoder/gptgrok2api-go/internal/protocol/chat.go:182.32,183.41 1 0
github.com/auucoder/gptgrok2api-go/internal/protocol/chat.go:183.41,185.5 1 0
github.com/auucoder/gptgrok2api-go/internal/protocol/chat.go:188.2,188.19 1 0
github.com/auucoder/gptgrok2api-go/internal/protocol/chat.go:191.36,192.31 1 1
github.com/auucoder/gptgrok2api-go/internal/protocol/chat.go:193.14,194.34 1 1
github.com/auucoder/gptgrok2api-go/internal/protocol/chat.go:195.13,197.29 2 1
github.com/auucoder/gptgrok2api-go/internal/protocol/chat.go:197.29,198.46 1 1
github.com/auucoder/gptgrok2api-go/internal/protocol/chat.go:198.46,199.33 1 1
github.com/auucoder/gptgrok2api-go/internal/protocol/chat.go:199.33,200.49 1 1
github.com/auucoder/gptgrok2api-go/internal/protocol/chat.go:200.49,202.7 1 1
github.com/auucoder/gptgrok2api-go/internal/protocol/chat.go:206.3,206.54 1 1
github.com/auucoder/gptgrok2api-go/internal/protocol/chat.go:207.10,208.12 1 0
github.com/auucoder/gptgrok2api-go/internal/protocol/chat.go:212.64,213.27 1 1
github.com/auucoder/gptgrok2api-go/internal/protocol/chat.go:213.27,214.51 1 1
github.com/auucoder/gptgrok2api-go/internal/protocol/chat.go:214.51,215.64 1 1
github.com/auucoder/gptgrok2api-go/internal/protocol/chat.go:215.64,217.5 1 1
github.com/auucoder/gptgrok2api-go/internal/protocol/chat.go:220.2,220.32 1 0
github.com/auucoder/gptgrok2api-go/internal/protocol/console.go:44.164,46.9 2 0
github.com/auucoder/gptgrok2api-go/internal/protocol/console.go:46.9,48.3 1 0
github.com/auucoder/gptgrok2api-go/internal/protocol/console.go:49.2,50.35 2 0
github.com/auucoder/gptgrok2api-go/internal/protocol/console.go:50.35,52.26 2 0
github.com/auucoder/gptgrok2api-go/internal/protocol/console.go:52.26,54.4 1 0
github.com/auucoder/gptgrok2api-go/internal/protocol/console.go:55.3,55.17 1 0
github.com/auucoder/gptgrok2api-go/internal/protocol/console.go:55.17,57.4 1 0
github.com/auucoder/gptgrok2api-go/internal/protocol/console.go:58.3,59.22 2 0
github.com/auucoder/gptgrok2api-go/internal/protocol/console.go:59.22,61.4 1 0
github.com/auucoder/gptgrok2api-go/internal/protocol/console.go:63.2,63.21 1 0
github.com/auucoder/gptgrok2api-go/internal/protocol/console.go:63.21,65.3 1 0
github.com/auucoder/gptgrok2api-go/internal/protocol/console.go:66.2,67.18 2 0
github.com/auucoder/gptgrok2api-go/internal/protocol/console.go:67.18,72.19 2 0
github.com/auucoder/gptgrok2api-go/internal/protocol/console.go:72.19,74.4 1 0
github.com/auucoder/gptgrok2api-go/internal/protocol/console.go:76.2,77.50 2 0
github.com/auucoder/gptgrok2api-go/internal/protocol/console.go:77.50,79.3 1 0
github.com/auucoder/gptgrok2api-go/internal/protocol/console.go:80.2,80.38 1 0
github.com/auucoder/gptgrok2api-go/internal/protocol/console.go:80.38,82.3 1 0
github.com/auucoder/gptgrok2api-go/internal/protocol/console.go:83.2,83.28 1 0
github.com/auucoder/gptgrok2api-go/internal/protocol/console.go:83.28,84.28 1 0
github.com/auucoder/gptgrok2api-go/internal/protocol/console.go:84.28,86.4 1 0
github.com/auucoder/gptgrok2api-go/internal/protocol/console.go:87.3,87.31 1 0
github.com/auucoder/gptgrok2api-go/internal/protocol/console.go:89.2,99.80 2 0
github.com/auucoder/gptgrok2api-go/internal/protocol/console.go:99.80,101.3 1 0
github.com/auucoder/gptgrok2api-go/internal/protocol/console.go:102.2,102.41 1 0
github.com/auucoder/gptgrok2api-go/internal/protocol/console.go:102.41,108.3 2 0
github.com/auucoder/gptgrok2api-go/internal/protocol/console.go:109.2,109.21 1 0
github.com/auucoder/gptgrok2api-go/internal/protocol/console.go:112.53,114.39 2 0
github.com/auucoder/gptgrok2api-go/internal/protocol/console.go:114.39,116.3 1 0
github.com/auucoder/gptgrok2api-go/internal/protocol/console.go:117.2,117.38 1 0
github.com/auucoder/gptgrok2api-go/internal/protocol/console.go:117.38,119.23 2 0
github.com/auucoder/gptgrok2api-go/internal/protocol/console.go:119.23,121.4 1 0
github.com/auucoder/gptgrok2api-go/internal/protocol/console.go:122.3,122.22 1 0
github.com/auucoder/gptgrok2api-go/internal/protocol/console.go:124.2,124.19 1 0
github.com/auucoder/gptgrok2api-go/internal/protocol/console.go:127.71,129.43 2 0
github.com/auucoder/gptgrok2api-go/internal/protocol/console.go:129.43,131.3 1 0
github.com/auucoder/gptgrok2api-go/internal/protocol/console.go:132.2,132.31 1 0
github.com/auucoder/gptgrok2api-go/internal/protocol/console.go:133.14,134.37 1 0
github.com/auucoder/gptgrok2api-go/internal/protocol/console.go:134.37,136.4 1 0
github.com/auucoder/gptgrok2api-go/internal/protocol/console.go:137.13,138.29 1 0
github.com/auucoder/gptgrok2api-go/internal/protocol/console.go:138.29,139.46 1 0
github.com/auucoder/gptgrok2api-go/internal/protocol/console.go:139.46,141.19 2 0
github.com/auucoder/gptgrok2api-go/internal/protocol/console.go:141.19,143.6 1 0
github.com/auucoder/gptgrok2api-go/internal/protocol/console.go:144.5,145.13 2 0
github.com/auucoder/gptgrok2api-go/internal/protocol/console.go:147.4,147.44 1 0
github.com/auucoder/gptgrok2api-go/internal/protocol/console.go:147.44,149.5 1 0
github.com/auucoder/gptgrok2api-go/internal/protocol/console.go:152.2,152.17 1 0
github.com/auucoder/gptgrok2api-go/internal/protocol/console.go:155.83,157.21 2 0
github.com/auucoder/gptgrok2api-go/internal/protocol/console.go:157.21,159.15 2 0
github.com/auucoder/gptgrok2api-go/internal/protocol/console.go:160.16,161.24 1 0
github.com/auucoder/gptgrok2api-go/internal/protocol/console.go:162.15,163.75 1 0
github.com/auucoder/gptgrok2api-go/internal/protocol/console.go:163.75,165.5 1 0
github.com/auucoder/gptgrok2api-go/internal/protocol/console.go:166.4,166.14 1 0
github.com/auucoder/gptgrok2api-go/internal/protocol/console.go:167.15,169.18 2 0
github.com/auucoder/gptgrok2api-go/internal/protocol/console.go:169.18,171.5 1 0
github.com/auucoder/gptgrok2api-go/internal/protocol/console.go:172.4,172.42 1 0
github.com/auucoder/gptgrok2api-go/internal/protocol/console.go:172.42,174.5 1 0
github.com/auucoder/gptgrok2api-go/internal/protocol/console.go:175.4,175.21 1 0
github.com/auucoder/gptgrok2api-go/internal/protocol/console.go:178.2,178.22 1 0
github.com/auucoder/gptgrok2api-go/internal/protocol/console.go:181.71,183.62 2 0
github.com/auucoder/gptgrok2api-go/internal/protocol/console.go:183.62,185.3 1 0
github.com/auucoder/gptgrok2api-go/internal/protocol/console.go:186.2,186.47 1 0
github.com/auucoder/gptgrok2api-go/internal/protocol/console.go:186.47,189.3 2 0
github.com/auucoder/gptgrok2api-go/internal/protocol/console.go:190.2,190.39 1 0
github.com/auucoder/gptgrok2api-go/internal/protocol/console.go:190.39,194.3 3 0
github.com/auucoder/gptgrok2api-go/internal/protocol/console.go:195.2,195.98 1 0
github.com/auucoder/gptgrok2api-go/internal/protocol/console.go:195.98,197.54 2 0
github.com/auucoder/gptgrok2api-go/internal/protocol/console.go:197.54,199.4 1 0
github.com/auucoder/gptgrok2api-go/internal/protocol/console.go:200.3,200.62 1 0
github.com/auucoder/gptgrok2api-go/internal/protocol/console.go:200.62,201.57 1 0
github.com/auucoder/gptgrok2api-go/internal/protocol/console.go:201.57,203.5 1 0
github.com/auucoder/gptgrok2api-go/internal/protocol/console.go:205.3,205.108 1 0
github.com/auucoder/gptgrok2api-go/internal/protocol/console.go:207.2,207.43 1 0
github.com/auucoder/gptgrok2api-go/internal/protocol/console.go:210.49,211.31 1 0
github.com/auucoder/gptgrok2api-go/internal/protocol/console.go:212.14,213.37 1 0
github.com/auucoder/gptgrok2api-go/internal/protocol/console.go:213.37,215.4 1 0
github.com/auucoder/gptgrok2api-go/internal/protocol/console.go:216.3,216.65 1 0
github.com/auucoder/gptgrok2api-go/internal/protocol/console.go:217.13,219.29 2 0
github.com/auucoder/gptgrok2api-go/internal/protocol/console.go:219.29,221.11 2 0
github.com/auucoder/gptgrok2api-go/internal/protocol/console.go:221.11,222.13 1 0
github.com/auucoder/gptgrok2api-go/internal/protocol/console.go:224.4,224.26 1 0
github.com/auucoder/gptgrok2api-go/internal/protocol/console.go:225.16,226.103 1 0
github.com/auucoder/gptgrok2api-go/internal/protocol/console.go:227.36,230.49 3 0
github.com/auucoder/gptgrok2api-go/internal/protocol/console.go:230.49,232.6 1 0
github.com/auucoder/gptgrok2api-go/internal/protocol/console.go:233.5,233.18 1 0
github.com/auucoder/gptgrok2api-go/internal/protocol/console.go:233.18,235.6 1 0
github.com/auucoder/gptgrok2api-go/internal/protocol/console.go:238.3,238.16 1 0
github.com/auucoder/gptgrok2api-go/internal/protocol/console.go:239.10,240.13 1 0
github.com/auucoder/gptgrok2api-go/internal/protocol/console.go:244.47,245.15 1 0
github.com/auucoder/gptgrok2api-go/internal/protocol/console.go:247.64,248.14 1 0
github.com/auucoder/gptgrok2api-go/internal/protocol/console.go:249.10,250.15 1 0
github.com/auucoder/gptgrok2api-go/internal/protocol/console.go:254.63,255.18 1 0
github.com/auucoder/gptgrok2api-go/internal/protocol/console.go:255.18,257.3 1 0
github.com/auucoder/gptgrok2api-go/internal/protocol/console.go:258.2,258.15 1 0
github.com/auucoder/gptgrok2api-go/internal/protocol/console.go:261.36,262.18 1 0
github.com/auucoder/gptgrok2api-go/internal/protocol/console.go:262.18,264.3 1 0
github.com/auucoder/gptgrok2api-go/internal/protocol/console.go:265.2,265.45 1 0
github.com/auucoder/gptgrok2api-go/internal/protocol/media.go:19.41,25.2 1 0
github.com/auucoder/gptgrok2api-go/internal/protocol/media.go:27.108,45.2 1 0
github.com/auucoder/gptgrok2api-go/internal/protocol/media.go:49.46,50.50 1 0
github.com/auucoder/gptgrok2api-go/internal/protocol/media.go:51.26,52.22 1 0
github.com/auucoder/gptgrok2api-go/internal/protocol/media.go:53.26,54.22 1 0
github.com/auucoder/gptgrok2api-go/internal/protocol/media.go:55.26,56.21 1 0
github.com/auucoder/gptgrok2api-go/internal/protocol/media.go:57.26,58.21 1 0
github.com/auucoder/gptgrok2api-go/internal/protocol/media.go:59.26,60.21 1 0
github.com/auucoder/gptgrok2api-go/internal/protocol/media.go:61.10,62.19 1 0
github.com/auucoder/gptgrok2api-go/internal/protocol/media.go:66.75,70.2 3 0
github.com/auucoder/gptgrok2api-go/internal/protocol/media.go:72.141,79.24 2 0
github.com/auucoder/gptgrok2api-go/internal/protocol/media.go:79.24,83.3 3 0
github.com/auucoder/gptgrok2api-go/internal/protocol/media.go:84.2,85.52 2 0
github.com/auucoder/gptgrok2api-go/internal/protocol/media.go:86.13,87.34 1 0
github.com/auucoder/gptgrok2api-go/internal/protocol/media.go:88.16,89.25 1 0
github.com/auucoder/gptgrok2api-go/internal/protocol/media.go:90.15,91.43 1 0
github.com/auucoder/gptgrok2api-go/internal/protocol/media.go:93.2,102.3 1 0
github.com/auucoder/gptgrok2api-go/internal/protocol/media.go:105.160,107.16 2 0
github.com/auucoder/gptgrok2api-go/internal/protocol/media.go:107.16,109.3 1 0
github.com/auucoder/gptgrok2api-go/internal/protocol/media.go:110.2,135.3 1 0
github.com/auucoder/gptgrok2api-go/internal/protocol/media.go:138.53,139.17 1 1
github.com/auucoder/gptgrok2api-go/internal/protocol/media.go:140.9,141.24 1 1
github.com/auucoder/gptgrok2api-go/internal/protocol/media.go:142.10,143.25 1 1
github.com/auucoder/gptgrok2api-go/internal/protocol/media.go:144.10,145.27 1 1
github.com/auucoder/gptgrok2api-go/internal/protocol/media.go:146.10,147.28 1 1
github.com/auucoder/gptgrok2api-go/internal/protocol/media.go:148.10,149.29 1 1
github.com/auucoder/gptgrok2api-go/internal/protocol/media.go:150.10,151.20 1 1
github.com/auucoder/gptgrok2api-go/internal/protocol/media.go:155.79,157.39 2 0
github.com/auucoder/gptgrok2api-go/internal/protocol/media.go:157.39,159.3 1 0
github.com/auucoder/gptgrok2api-go/internal/protocol/media.go:160.2,160.37 1 0
github.com/auucoder/gptgrok2api-go/internal/protocol/media.go:160.37,162.3 1 0
github.com/auucoder/gptgrok2api-go/internal/protocol/media.go:163.2,163.16 1 0
github.com/auucoder/gptgrok2api-go/internal/protocol/media.go:166.94,195.2 1 0
github.com/auucoder/gptgrok2api-go/internal/protocol/media.go:209.46,211.43 2 1
github.com/auucoder/gptgrok2api-go/internal/protocol/media.go:211.43,213.3 1 0
github.com/auucoder/gptgrok2api-go/internal/protocol/media.go:214.2,214.35 1 1
github.com/auucoder/gptgrok2api-go/internal/protocol/media.go:217.59,220.21 3 1
github.com/auucoder/gptgrok2api-go/internal/protocol/media.go:220.21,222.3 1 0
github.com/auucoder/gptgrok2api-go/internal/protocol/media.go:223.2,224.103 2 1
github.com/auucoder/gptgrok2api-go/internal/protocol/media.go:224.103,225.55 1 1
github.com/auucoder/gptgrok2api-go/internal/protocol/media.go:225.55,236.4 1 1
github.com/auucoder/gptgrok2api-go/internal/protocol/media.go:238.2,238.73 1 1
github.com/auucoder/gptgrok2api-go/internal/protocol/media.go:238.73,239.68 1 0
github.com/auucoder/gptgrok2api-go/internal/protocol/media.go:239.68,240.37 1 0
github.com/auucoder/gptgrok2api-go/internal/protocol/media.go:240.37,241.53 1 0
github.com/auucoder/gptgrok2api-go/internal/protocol/media.go:241.53,243.6 1 0
github.com/auucoder/gptgrok2api-go/internal/protocol/media.go:246.3,246.65 1 0
github.com/auucoder/gptgrok2api-go/internal/protocol/media.go:246.65,247.37 1 0
github.com/auucoder/gptgrok2api-go/internal/protocol/media.go:247.37,248.53 1 0
github.com/auucoder/gptgrok2api-go/internal/protocol/media.go:248.53,250.6 1 0
github.com/auucoder/gptgrok2api-go/internal/protocol/media.go:254.2,254.53 1 1
github.com/auucoder/gptgrok2api-go/internal/protocol/media.go:254.53,256.3 1 0
github.com/auucoder/gptgrok2api-go/internal/protocol/media.go:257.2,257.71 1 1
github.com/auucoder/gptgrok2api-go/internal/protocol/media.go:257.71,258.58 1 0
github.com/auucoder/gptgrok2api-go/internal/protocol/media.go:258.58,260.54 2 0
github.com/auucoder/gptgrok2api-go/internal/protocol/media.go:260.54,261.62 1 0
github.com/auucoder/gptgrok2api-go/internal/protocol/media.go:261.62,263.24 2 0
github.com/auucoder/gptgrok2api-go/internal/protocol/media.go:263.24,265.7 1 0
github.com/auucoder/gptgrok2api-go/internal/protocol/media.go:270.2,270.15 1 1
github.com/auucoder/gptgrok2api-go/internal/protocol/media.go:273.55,275.53 2 0
github.com/auucoder/gptgrok2api-go/internal/protocol/media.go:275.53,277.3 1 0
github.com/auucoder/gptgrok2api-go/internal/protocol/media.go:278.2,278.38 1 0
github.com/auucoder/gptgrok2api-go/internal/protocol/media.go:278.38,280.3 1 0
github.com/auucoder/gptgrok2api-go/internal/protocol/media.go:281.2,281.22 1 0
github.com/auucoder/gptgrok2api-go/internal/protocol/media.go:281.22,283.3 1 0
github.com/auucoder/gptgrok2api-go/internal/protocol/media.go:284.2,284.35 1 0
github.com/auucoder/gptgrok2api-go/internal/protocol/media.go:284.35,286.3 1 0
github.com/auucoder/gptgrok2api-go/internal/protocol/media.go:287.2,287.45 1 0
github.com/auucoder/gptgrok2api-go/internal/protocol/media.go:290.77,291.40 1 1
github.com/auucoder/gptgrok2api-go/internal/protocol/media.go:291.40,293.3 1 0
github.com/auucoder/gptgrok2api-go/internal/protocol/media.go:294.2,295.49 2 1
github.com/auucoder/gptgrok2api-go/internal/protocol/media.go:295.49,297.3 1 0
github.com/auucoder/gptgrok2api-go/internal/protocol/media.go:298.2,299.16 2 1
github.com/auucoder/gptgrok2api-go/internal/protocol/media.go:299.16,301.3 1 0
github.com/auucoder/gptgrok2api-go/internal/protocol/media.go:302.2,303.68 2 1
github.com/auucoder/gptgrok2api-go/internal/protocol/media.go:303.68,305.3 1 0
github.com/auucoder/gptgrok2api-go/internal/protocol/media.go:306.2,307.41 2 1
github.com/auucoder/gptgrok2api-go/internal/protocol/media.go:310.56,312.60 2 0
github.com/auucoder/gptgrok2api-go/internal/protocol/media.go:312.60,314.3 1 0
github.com/auucoder/gptgrok2api-go/internal/protocol/media.go:315.2,316.68 2 0
github.com/auucoder/gptgrok2api-go/internal/protocol/media.go:319.67,320.19 1 0
github.com/auucoder/gptgrok2api-go/internal/protocol/media.go:320.19,323.3 2 0
github.com/auucoder/gptgrok2api-go/internal/protocol/media.go:324.2,324.34 1 0
github.com/auucoder/gptgrok2api-go/internal/protocol/media.go:324.34,326.3 1 0
github.com/auucoder/gptgrok2api-go/internal/protocol/media.go:327.2,327.11 1 0
github.com/auucoder/gptgrok2api-go/internal/protocol/media.go:330.42,330.90 1 0
github.com/auucoder/gptgrok2api-go/internal/protocol/media.go:332.64,333.27 1 1
github.com/auucoder/gptgrok2api-go/internal/protocol/media.go:333.27,334.76 1 1
github.com/auucoder/gptgrok2api-go/internal/protocol/media.go:334.76,336.4 1 1
github.com/auucoder/gptgrok2api-go/internal/protocol/media.go:338.2,338.11 1 1
github.com/auucoder/gptgrok2api-go/internal/protocol/media.go:341.54,342.37 1 1
github.com/auucoder/gptgrok2api-go/internal/protocol/media.go:343.15,344.20 1 1
github.com/auucoder/gptgrok2api-go/internal/protocol/media.go:345.19,347.21 2 0
github.com/auucoder/gptgrok2api-go/internal/protocol/media.go:348.11,349.15 1 0
github.com/auucoder/gptgrok2api-go/internal/protocol/media.go:350.14,353.16 3 0
github.com/auucoder/gptgrok2api-go/internal/protocol/media.go:354.10,355.11 1 1
github.com/auucoder/gptgrok2api-go/internal/protocol/media.go:359.56,359.104 2 1
github.com/auucoder/gptgrok2api-go/internal/protocol/tools.go:24.71,26.29 2 0
github.com/auucoder/gptgrok2api-go/internal/protocol/tools.go:26.29,29.17 3 0
github.com/auucoder/gptgrok2api-go/internal/protocol/tools.go:29.17,31.4 1 0
github.com/auucoder/gptgrok2api-go/internal/protocol/tools.go:32.3,32.17 1 0
github.com/auucoder/gptgrok2api-go/internal/protocol/tools.go:32.17,33.12 1 0
github.com/auucoder/gptgrok2api-go/internal/protocol/tools.go:35.3,37.20 3 0
github.com/auucoder/gptgrok2api-go/internal/protocol/tools.go:37.20,39.4 1 0
github.com/auucoder/gptgrok2api-go/internal/protocol/tools.go:40.3,42.24 3 0
github.com/auucoder/gptgrok2api-go/internal/protocol/tools.go:42.24,44.4 1 0
github.com/auucoder/gptgrok2api-go/internal/protocol/tools.go:45.3,45.20 1 0
github.com/auucoder/gptgrok2api-go/internal/protocol/tools.go:45.20,47.4 1 0
github.com/auucoder/gptgrok2api-go/internal/protocol/tools.go:48.3,48.30 1 0
github.com/auucoder/gptgrok2api-go/internal/protocol/tools.go:50.2,51.32 2 0
github.com/auucoder/gptgrok2api-go/internal/protocol/tools.go:52.14,53.16 1 0
github.com/auucoder/gptgrok2api-go/internal/protocol/tools.go:54.15,55.83 1 0
github.com/auucoder/gptgrok2api-go/internal/protocol/tools.go:56.19,57.74 1 0
github.com/auucoder/gptgrok2api-go/internal/protocol/tools.go:59.22,60.104 1 0
github.com/auucoder/gptgrok2api-go/internal/protocol/tools.go:60.104,62.4 1 0
github.com/auucoder/gptgrok2api-go/internal/protocol/tools.go:64.2,68.15 1 0
github.com/auucoder/gptgrok2api-go/internal/protocol/tools.go:71.49,73.29 2 0
github.com/auucoder/gptgrok2api-go/internal/protocol/tools.go:73.29,76.17 3 0
github.com/auucoder/gptgrok2api-go/internal/protocol/tools.go:76.17,78.4 1 0
github.com/auucoder/gptgrok2api-go/internal/protocol/tools.go:79.3,79.17 1 0
github.com/auucoder/gptgrok2api-go/internal/protocol/tools.go:79.17,81.4 1 0
github.com/auucoder/gptgrok2api-go/internal/protocol/tools.go:83.2,83.14 1 0
github.com/auucoder/gptgrok2api-go/internal/protocol/tools.go:86.54,86.105 1 0
github.com/auucoder/gptgrok2api-go/internal/protocol/tools.go:88.63,89.117 1 1
github.com/auucoder/gptgrok2api-go/internal/protocol/tools.go:89.117,91.3 1 0
github.com/auucoder/gptgrok2api-go/internal/protocol/tools.go:92.2,93.32 2 1
github.com/auucoder/gptgrok2api-go/internal/protocol/tools.go:93.32,95.3 1 1
github.com/auucoder/gptgrok2api-go/internal/protocol/tools.go:96.2,97.20 2 1
github.com/auucoder/gptgrok2api-go/internal/protocol/tools.go:97.20,99.3 1 0
github.com/auucoder/gptgrok2api-go/internal/protocol/tools.go:100.2,101.75 2 1
github.com/auucoder/gptgrok2api-go/internal/protocol/tools.go:101.75,103.26 2 1
github.com/auucoder/gptgrok2api-go/internal/protocol/tools.go:103.26,104.12 1 0
github.com/auucoder/gptgrok2api-go/internal/protocol/tools.go:106.3,107.63 2 1
github.com/auucoder/gptgrok2api-go/internal/protocol/tools.go:107.63,108.12 1 0
github.com/auucoder/gptgrok2api-go/internal/protocol/tools.go:110.3,111.81 2 1
github.com/auucoder/gptgrok2api-go/internal/protocol/tools.go:111.81,114.57 3 1
github.com/auucoder/gptgrok2api-go/internal/protocol/tools.go:114.57,117.5 2 1
github.com/auucoder/gptgrok2api-go/internal/protocol/tools.go:119.3,119.132 1 1
github.com/auucoder/gptgrok2api-go/internal/protocol/tools.go:121.2,121.14 1 1
github.com/auucoder/gptgrok2api-go/internal/protocol/tools.go:124.74,126.15 2 0
github.com/auucoder/gptgrok2api-go/internal/protocol/tools.go:126.15,128.3 1 0
github.com/auucoder/gptgrok2api-go/internal/protocol/tools.go:129.2,130.58 2 0
github.com/auucoder/gptgrok2api-go/internal/protocol/tools.go:130.58,132.3 1 0
github.com/auucoder/gptgrok2api-go/internal/protocol/tools.go:133.2,135.27 3 0
github.com/auucoder/gptgrok2api-go/internal/protocol/tools.go:135.27,138.17 3 0
github.com/auucoder/gptgrok2api-go/internal/protocol/tools.go:138.17,140.4 1 0
github.com/auucoder/gptgrok2api-go/internal/protocol/tools.go:141.3,141.57 1 0
github.com/auucoder/gptgrok2api-go/internal/protocol/tools.go:141.57,142.12 1 0
github.com/auucoder/gptgrok2api-go/internal/protocol/tools.go:144.3,145.18 2 0
github.com/auucoder/gptgrok2api-go/internal/protocol/tools.go:145.18,147.4 1 0
github.com/auucoder/gptgrok2api-go/internal/protocol/tools.go:148.3,149.146 2 0
github.com/auucoder/gptgrok2api-go/internal/protocol/tools.go:151.2,151.15 1 0
github.com/auucoder/gptgrok2api-go/internal/protocol/tools.go:154.40,155.18 1 0
github.com/auucoder/gptgrok2api-go/internal/protocol/tools.go:155.18,157.3 1 0
github.com/auucoder/gptgrok2api-go/internal/protocol/tools.go:158.2,158.45 1 0
github.com/auucoder/gptgrok2api-go/internal/proxy/router.go:39.53,41.16 2 1
github.com/auucoder/gptgrok2api-go/internal/proxy/router.go:41.16,43.3 1 0
github.com/auucoder/gptgrok2api-go/internal/proxy/router.go:44.2,51.3 1 1
github.com/auucoder/gptgrok2api-go/internal/proxy/router.go:54.43,55.14 1 1
github.com/auucoder/gptgrok2api-go/internal/proxy/router.go:55.14,57.3 1 0
github.com/auucoder/gptgrok2api-go/internal/proxy/router.go:58.2,62.25 4 1
github.com/auucoder/gptgrok2api-go/internal/proxy/router.go:62.25,64.3 1 0
github.com/auucoder/gptgrok2api-go/internal/proxy/router.go:66.2,69.38 4 1
github.com/auucoder/gptgrok2api-go/internal/proxy/router.go:69.38,72.20 3 1
github.com/auucoder/gptgrok2api-go/internal/proxy/router.go:72.20,74.9 2 1
github.com/auucoder/gptgrok2api-go/internal/proxy/router.go:77.2,77.19 1 1
github.com/auucoder/gptgrok2api-go/internal/proxy/router.go:77.19,79.3 1 0
github.com/auucoder/gptgrok2api-go/internal/proxy/router.go:80.2,82.37 3 1
github.com/auucoder/gptgrok2api-go/internal/proxy/router.go:82.37,86.3 3 0
github.com/auucoder/gptgrok2api-go/internal/proxy/router.go:87.2,87.18 1 1
github.com/auucoder/gptgrok2api-go/internal/proxy/router.go:90.52,91.14 1 1
github.com/auucoder/gptgrok2api-go/internal/proxy/router.go:91.14,93.3 1 0
github.com/auucoder/gptgrok2api-go/internal/proxy/router.go:94.2,99.34 6 1
github.com/auucoder/gptgrok2api-go/internal/proxy/router.go:99.34,100.20 1 1
github.com/auucoder/gptgrok2api-go/internal/proxy/router.go:100.20,102.4 1 1
github.com/auucoder/gptgrok2api-go/internal/proxy/router.go:103.3,111.5 1 1
github.com/auucoder/gptgrok2api-go/internal/proxy/router.go:113.2,121.3 1 1
github.com/auucoder/gptgrok2api-go/internal/proxy/router.go:124.36,125.14 1 1
github.com/auucoder/gptgrok2api-go/internal/proxy/router.go:125.14,127.3 1 0
github.com/auucoder/gptgrok2api-go/internal/proxy/router.go:128.2,129.32 2 1
github.com/auucoder/gptgrok2api-go/internal/proxy/router.go:129.32,131.25 2 0
github.com/auucoder/gptgrok2api-go/internal/proxy/router.go:131.25,133.4 1 0
github.com/auucoder/gptgrok2api-go/internal/proxy/router.go:134.3,135.9 2 0
github.com/auucoder/gptgrok2api-go/internal/proxy/router.go:137.2,141.20 5 1
github.com/auucoder/gptgrok2api-go/internal/proxy/router.go:141.20,143.3 1 1
github.com/auucoder/gptgrok2api-go/internal/proxy/router.go:144.2,145.16 2 1
github.com/auucoder/gptgrok2api-go/internal/proxy/router.go:145.16,147.3 1 0
github.com/auucoder/gptgrok2api-go/internal/proxy/router.go:148.2,151.29 4 1
github.com/auucoder/gptgrok2api-go/internal/proxy/router.go:151.29,153.97 2 1
github.com/auucoder/gptgrok2api-go/internal/proxy/router.go:153.97,154.12 1 1
github.com/auucoder/gptgrok2api-go/internal/proxy/router.go:156.3,157.23 2 1
github.com/auucoder/gptgrok2api-go/internal/proxy/router.go:157.23,158.12 1 0
github.com/auucoder/gptgrok2api-go/internal/proxy/router.go:160.3,161.29 2 1
github.com/auucoder/gptgrok2api-go/internal/proxy/router.go:161.29,162.12 1 0
github.com/auucoder/gptgrok2api-go/internal/proxy/router.go:164.3,165.83 2 1
github.com/auucoder/gptgrok2api-go/internal/proxy/router.go:167.2,168.26 2 1
github.com/auucoder/gptgrok2api-go/internal/proxy/router.go:168.26,170.35 2 1
github.com/auucoder/gptgrok2api-go/internal/proxy/router.go:170.35,172.4 1 1
github.com/auucoder/gptgrok2api-go/internal/proxy/router.go:173.3,173.34 1 1
github.com/auucoder/gptgrok2api-go/internal/proxy/router.go:173.34,174.74 1 1
github.com/auucoder/gptgrok2api-go/internal/proxy/router.go:174.74,181.5 6 1
github.com/auucoder/gptgrok2api-go/internal/proxy/router.go:183.3,184.33 2 1
github.com/auucoder/gptgrok2api-go/internal/proxy/router.go:184.33,186.4 1 0
github.com/auucoder/gptgrok2api-go/internal/proxy/router.go:187.8,190.3 2 0
github.com/auucoder/gptgrok2api-go/internal/proxy/router.go:191.2,193.15 3 1
github.com/auucoder/gptgrok2api-go/internal/proxy/router.go:196.86,197.40 1 1
github.com/auucoder/gptgrok2api-go/internal/proxy/router.go:197.40,199.3 1 0
github.com/auucoder/gptgrok2api-go/internal/proxy/router.go:200.2,200.32 1 1
github.com/auucoder/gptgrok2api-go/internal/proxy/router.go:200.32,202.3 1 0
github.com/auucoder/gptgrok2api-go/internal/proxy/router.go:203.2,203.51 1 1
github.com/auucoder/gptgrok2api-go/internal/proxy/router.go:206.47,207.49 1 0
github.com/auucoder/gptgrok2api-go/internal/proxy/router.go:207.49,209.3 1 0
github.com/auucoder/gptgrok2api-go/internal/proxy/router.go:210.2,212.16 3 0
github.com/auucoder/gptgrok2api-go/internal/proxy/router.go:212.16,215.3 2 0
github.com/auucoder/gptgrok2api-go/internal/proxy/router.go:216.2,218.16 3 0
github.com/auucoder/gptgrok2api-go/internal/proxy/router.go:218.16,221.3 2 0
github.com/auucoder/gptgrok2api-go/internal/proxy/router.go:222.2,223.28 2 0
github.com/auucoder/gptgrok2api-go/internal/proxy/router.go:223.28,226.3 2 0
github.com/auucoder/gptgrok2api-go/internal/proxy/router.go:227.2,227.33 1 0
github.com/auucoder/gptgrok2api-go/internal/proxy/router.go:230.83,231.14 1 0
github.com/auucoder/gptgrok2api-go/internal/proxy/router.go:231.14,233.3 1 0
github.com/auucoder/gptgrok2api-go/internal/proxy/router.go:234.2,237.31 4 0
github.com/auucoder/gptgrok2api-go/internal/proxy/router.go:237.31,238.55 1 0
github.com/auucoder/gptgrok2api-go/internal/proxy/router.go:238.55,239.12 1 0
github.com/auucoder/gptgrok2api-go/internal/proxy/router.go:241.3,244.14 4 0
github.com/auucoder/gptgrok2api-go/internal/proxy/router.go:244.14,248.4 3 0
github.com/auucoder/gptgrok2api-go/internal/proxy/router.go:248.9,251.4 2 0
github.com/auucoder/gptgrok2api-go/internal/proxy/router.go:252.3,252.9 1 0
github.com/auucoder/gptgrok2api-go/internal/proxy/router.go:256.62,258.2 1 0
github.com/auucoder/gptgrok2api-go/internal/proxy/router.go:260.42,262.17 2 1
github.com/auucoder/gptgrok2api-go/internal/proxy/router.go:262.17,264.3 1 0
github.com/auucoder/gptgrok2api-go/internal/proxy/router.go:265.2,265.50 1 1
github.com/auucoder/gptgrok2api-go/internal/proxy/router.go:265.50,267.50 2 1
github.com/auucoder/gptgrok2api-go/internal/proxy/router.go:267.50,269.4 1 1
github.com/auucoder/gptgrok2api-go/internal/proxy/router.go:271.2,271.14 1 1
github.com/auucoder/gptgrok2api-go/internal/proxy/transport.go:25.65,27.2 1 1
github.com/auucoder/gptgrok2api-go/internal/proxy/transport.go:29.49,32.2 2 1
github.com/auucoder/gptgrok2api-go/internal/proxy/transport.go:34.66,37.2 2 1
github.com/auucoder/gptgrok2api-go/internal/proxy/transport.go:39.82,41.20 2 0
github.com/auucoder/gptgrok2api-go/internal/proxy/transport.go:41.20,43.3 1 0
github.com/auucoder/gptgrok2api-go/internal/proxy/transport.go:44.2,45.37 2 0
github.com/auucoder/gptgrok2api-go/internal/proxy/transport.go:45.37,47.3 1 0
github.com/auucoder/gptgrok2api-go/internal/proxy/transport.go:48.2,48.40 1 0
github.com/auucoder/gptgrok2api-go/internal/proxy/transport.go:49.27,50.72 1 0
github.com/auucoder/gptgrok2api-go/internal/proxy/transport.go:51.36,52.72 1 0
github.com/auucoder/gptgrok2api-go/internal/proxy/transport.go:54.2,54.57 1 0
github.com/auucoder/gptgrok2api-go/internal/proxy/transport.go:54.57,56.3 1 0
github.com/auucoder/gptgrok2api-go/internal/proxy/transport.go:57.2,58.62 2 0
github.com/auucoder/gptgrok2api-go/internal/proxy/transport.go:58.62,60.3 1 0
github.com/auucoder/gptgrok2api-go/internal/proxy/transport.go:61.2,62.16 2 0
github.com/auucoder/gptgrok2api-go/internal/proxy/transport.go:62.16,64.3 1 0
github.com/auucoder/gptgrok2api-go/internal/proxy/transport.go:65.2,65.30 1 0
github.com/auucoder/gptgrok2api-go/internal/proxy/transport.go:65.30,67.55 2 0
github.com/auucoder/gptgrok2api-go/internal/proxy/transport.go:67.55,70.4 2 0
github.com/auucoder/gptgrok2api-go/internal/proxy/transport.go:71.3,71.17 1 0
github.com/auucoder/gptgrok2api-go/internal/proxy/transport.go:73.2,74.24 2 0
github.com/auucoder/gptgrok2api-go/internal/proxy/transport.go:74.24,78.3 3 0
github.com/auucoder/gptgrok2api-go/internal/proxy/transport.go:79.2,80.57 2 0
github.com/auucoder/gptgrok2api-go/internal/proxy/transport.go:80.57,83.3 2 0
github.com/auucoder/gptgrok2api-go/internal/proxy/transport.go:84.2,85.16 2 0
github.com/auucoder/gptgrok2api-go/internal/proxy/transport.go:85.16,88.3 2 0
github.com/auucoder/gptgrok2api-go/internal/proxy/transport.go:89.2,90.42 2 0
github.com/auucoder/gptgrok2api-go/internal/proxy/transport.go:90.42,93.3 2 0
github.com/auucoder/gptgrok2api-go/internal/proxy/transport.go:94.2,94.18 1 0
github.com/auucoder/gptgrok2api-go/internal/proxy/transport.go:187.72,188.18 1 0
github.com/auucoder/gptgrok2api-go/internal/proxy/transport.go:188.18,190.3 1 0
github.com/auucoder/gptgrok2api-go/internal/proxy/transport.go:191.2,191.62 1 0
github.com/auucoder/gptgrok2api-go/internal/proxy/transport.go:196.49,198.18 2 0
github.com/auucoder/gptgrok2api-go/internal/proxy/transport.go:198.18,200.3 1 0
github.com/auucoder/gptgrok2api-go/internal/proxy/transport.go:205.84,207.34 2 0
github.com/auucoder/gptgrok2api-go/internal/proxy/transport.go:207.34,209.3 1 0
github.com/auucoder/gptgrok2api-go/internal/proxy/transport.go:210.2,211.42 2 0
github.com/auucoder/gptgrok2api-go/internal/proxy/transport.go:211.42,213.3 1 0
github.com/auucoder/gptgrok2api-go/internal/proxy/transport.go:216.85,217.14 1 1
github.com/auucoder/gptgrok2api-go/internal/proxy/transport.go:217.14,219.3 1 0
github.com/auucoder/gptgrok2api-go/internal/proxy/transport.go:220.2,222.15 3 1
github.com/auucoder/gptgrok2api-go/internal/proxy/transport.go:227.45,229.29 2 1
github.com/auucoder/gptgrok2api-go/internal/proxy/transport.go:229.29,230.47 1 1
github.com/auucoder/gptgrok2api-go/internal/proxy/transport.go:230.47,232.4 1 1
github.com/auucoder/gptgrok2api-go/internal/proxy/transport.go:234.2,234.14 1 1
github.com/auucoder/gptgrok2api-go/internal/proxy/transport.go:237.56,239.2 1 1
github.com/auucoder/gptgrok2api-go/internal/proxy/transport.go:241.60,242.14 1 1
github.com/auucoder/gptgrok2api-go/internal/proxy/transport.go:242.14,244.3 1 0
github.com/auucoder/gptgrok2api-go/internal/proxy/transport.go:245.2,250.15 6 1
github.com/auucoder/gptgrok2api-go/internal/proxy/transport.go:256.79,257.14 1 1
github.com/auucoder/gptgrok2api-go/internal/proxy/transport.go:257.14,259.3 1 0
github.com/auucoder/gptgrok2api-go/internal/proxy/transport.go:260.2,261.31 2 1
github.com/auucoder/gptgrok2api-go/internal/proxy/transport.go:261.31,263.33 2 1
github.com/auucoder/gptgrok2api-go/internal/proxy/transport.go:263.33,264.12 1 0
github.com/auucoder/gptgrok2api-go/internal/proxy/transport.go:266.3,267.36 2 1
github.com/auucoder/gptgrok2api-go/internal/proxy/transport.go:267.36,269.140 2 1
github.com/auucoder/gptgrok2api-go/internal/proxy/transport.go:269.140,270.13 1 1
github.com/auucoder/gptgrok2api-go/internal/proxy/transport.go:272.4,273.17 2 1
github.com/auucoder/gptgrok2api-go/internal/proxy/transport.go:273.17,275.5 1 1
github.com/auucoder/gptgrok2api-go/internal/proxy/transport.go:276.4,277.20 2 1
github.com/auucoder/gptgrok2api-go/internal/proxy/transport.go:277.20,279.5 1 0
github.com/auucoder/gptgrok2api-go/internal/proxy/transport.go:280.4,280.41 1 1
github.com/auucoder/gptgrok2api-go/internal/proxy/transport.go:280.41,281.13 1 0
github.com/auucoder/gptgrok2api-go/internal/proxy/transport.go:283.4,284.21 2 1
github.com/auucoder/gptgrok2api-go/internal/proxy/transport.go:284.21,286.5 1 0
github.com/auucoder/gptgrok2api-go/internal/proxy/transport.go:287.4,288.21 2 1
github.com/auucoder/gptgrok2api-go/internal/proxy/transport.go:288.21,290.5 1 0
github.com/auucoder/gptgrok2api-go/internal/proxy/transport.go:291.4,291.208 1 1
github.com/auucoder/gptgrok2api-go/internal/proxy/transport.go:293.3,293.18 1 1
github.com/auucoder/gptgrok2api-go/internal/proxy/transport.go:295.2,296.79 2 1
github.com/auucoder/gptgrok2api-go/internal/proxy/transport.go:296.79,298.3 1 1
github.com/auucoder/gptgrok2api-go/internal/proxy/transport.go:299.2,305.15 7 1
github.com/auucoder/gptgrok2api-go/internal/proxy/transport.go:308.70,309.71 1 1
github.com/auucoder/gptgrok2api-go/internal/proxy/transport.go:309.71,311.3 1 1
github.com/auucoder/gptgrok2api-go/internal/proxy/transport.go:312.2,312.58 1 1
github.com/auucoder/gptgrok2api-go/internal/proxy/transport.go:317.62,318.14 1 1
github.com/auucoder/gptgrok2api-go/internal/proxy/transport.go:318.14,320.3 1 0
github.com/auucoder/gptgrok2api-go/internal/proxy/transport.go:321.2,321.19 1 1
github.com/auucoder/gptgrok2api-go/internal/proxy/transport.go:321.19,322.66 1 0
github.com/auucoder/gptgrok2api-go/internal/proxy/transport.go:322.66,324.19 2 0
github.com/auucoder/gptgrok2api-go/internal/proxy/transport.go:324.19,325.13 1 0
github.com/auucoder/gptgrok2api-go/internal/proxy/transport.go:327.4,327.59 1 0
github.com/auucoder/gptgrok2api-go/internal/proxy/transport.go:327.59,328.88 1 0
github.com/auucoder/gptgrok2api-go/internal/proxy/transport.go:328.88,330.6 1 0
github.com/auucoder/gptgrok2api-go/internal/proxy/transport.go:331.5,331.10 1 0
github.com/auucoder/gptgrok2api-go/internal/proxy/transport.go:333.4,333.95 1 0
github.com/auucoder/gptgrok2api-go/internal/proxy/transport.go:333.95,335.5 1 0
github.com/auucoder/gptgrok2api-go/internal/proxy/transport.go:338.2,341.19 4 1
github.com/auucoder/gptgrok2api-go/internal/proxy/transport.go:341.19,342.53 1 1
github.com/auucoder/gptgrok2api-go/internal/proxy/transport.go:342.53,344.4 1 1
github.com/auucoder/gptgrok2api-go/internal/proxy/transport.go:346.2,347.34 2 1
github.com/auucoder/gptgrok2api-go/internal/proxy/transport.go:347.34,349.3 1 1
github.com/auucoder/gptgrok2api-go/internal/proxy/transport.go:350.2,350.49 1 1
github.com/auucoder/gptgrok2api-go/internal/proxy/transport.go:356.99,357.14 1 1
github.com/auucoder/gptgrok2api-go/internal/proxy/transport.go:357.14,359.3 1 0
github.com/auucoder/gptgrok2api-go/internal/proxy/transport.go:360.2,360.16 1 1
github.com/auucoder/gptgrok2api-go/internal/proxy/transport.go:360.16,362.3 1 0
github.com/auucoder/gptgrok2api-go/internal/proxy/transport.go:363.2,364.19 2 1
github.com/auucoder/gptgrok2api-go/internal/proxy/transport.go:364.19,365.66 1 0
github.com/auucoder/gptgrok2api-go/internal/proxy/transport.go:365.66,367.19 2 0
github.com/auucoder/gptgrok2api-go/internal/proxy/transport.go:367.19,368.13 1 0
github.com/auucoder/gptgrok2api-go/internal/proxy/transport.go:370.4,370.59 1 0
github.com/auucoder/gptgrok2api-go/internal/proxy/transport.go:370.59,372.10 2 0
github.com/auucoder/gptgrok2api-go/internal/proxy/transport.go:374.4,374.95 1 0
github.com/auucoder/gptgrok2api-go/internal/proxy/transport.go:374.95,376.5 1 0
github.com/auucoder/gptgrok2api-go/internal/proxy/transport.go:377.4,377.9 1 0
github.com/auucoder/gptgrok2api-go/internal/proxy/transport.go:380.2,380.19 1 1
github.com/auucoder/gptgrok2api-go/internal/proxy/transport.go:380.19,384.3 3 1
github.com/auucoder/gptgrok2api-go/internal/proxy/transport.go:385.2,385.19 1 1
github.com/auucoder/gptgrok2api-go/internal/proxy/transport.go:385.19,387.17 2 1
github.com/auucoder/gptgrok2api-go/internal/proxy/transport.go:387.17,389.4 1 0
github.com/auucoder/gptgrok2api-go/internal/proxy/transport.go:390.3,390.19 1 1
github.com/auucoder/gptgrok2api-go/internal/proxy/transport.go:390.19,392.4 1 1
github.com/auucoder/gptgrok2api-go/internal/proxy/transport.go:394.2,395.34 2 0
github.com/auucoder/gptgrok2api-go/internal/proxy/transport.go:395.34,397.3 1 0
github.com/auucoder/gptgrok2api-go/internal/proxy/transport.go:398.2,398.54 1 0
github.com/auucoder/gptgrok2api-go/internal/proxy/transport.go:401.98,402.6 1 1
github.com/auucoder/gptgrok2api-go/internal/proxy/transport.go:402.6,407.33 5 1
github.com/auucoder/gptgrok2api-go/internal/proxy/transport.go:407.33,409.4 1 1
github.com/auucoder/gptgrok2api-go/internal/proxy/transport.go:411.3,413.24 3 1
github.com/auucoder/gptgrok2api-go/internal/proxy/transport.go:413.24,415.17 2 0
github.com/auucoder/gptgrok2api-go/internal/proxy/transport.go:415.17,417.5 1 0
github.com/auucoder/gptgrok2api-go/internal/proxy/transport.go:418.4,419.20 2 0
github.com/auucoder/gptgrok2api-go/internal/proxy/transport.go:421.3,421.10 1 1
github.com/auucoder/gptgrok2api-go/internal/proxy/transport.go:422.21,423.20 1 0
github.com/auucoder/gptgrok2api-go/internal/proxy/transport.go:423.20,425.5 1 0
github.com/auucoder/gptgrok2api-go/internal/proxy/transport.go:426.4,426.31 1 0
github.com/auucoder/gptgrok2api-go/internal/proxy/transport.go:427.15,428.20 1 1
github.com/auucoder/gptgrok2api-go/internal/proxy/transport.go:428.20,430.5 1 0
github.com/auucoder/gptgrok2api-go/internal/proxy/transport.go:431.17,431.17 0 0
github.com/auucoder/gptgrok2api-go/internal/proxy/transport.go:436.80,438.43 2 1
github.com/auucoder/gptgrok2api-go/internal/proxy/transport.go:438.43,440.3 1 0
github.com/auucoder/gptgrok2api-go/internal/proxy/transport.go:441.2,444.35 4 1
github.com/auucoder/gptgrok2api-go/internal/proxy/transport.go:444.35,445.19 1 1
github.com/auucoder/gptgrok2api-go/internal/proxy/transport.go:445.19,446.12 1 0
github.com/auucoder/gptgrok2api-go/internal/proxy/transport.go:448.3,448.69 1 1
github.com/auucoder/gptgrok2api-go/internal/proxy/transport.go:448.69,450.4 1 1
github.com/auucoder/gptgrok2api-go/internal/proxy/transport.go:451.3,451.97 1 1
github.com/auucoder/gptgrok2api-go/internal/proxy/transport.go:451.97,453.4 1 1
github.com/auucoder/gptgrok2api-go/internal/proxy/transport.go:455.2,457.12 3 1
github.com/auucoder/gptgrok2api-go/internal/proxy/transport.go:457.12,459.3 1 1
github.com/auucoder/gptgrok2api-go/internal/proxy/transport.go:460.2,460.31 1 1
github.com/auucoder/gptgrok2api-go/internal/proxy/transport.go:460.31,462.3 1 1
github.com/auucoder/gptgrok2api-go/internal/proxy/transport.go:466.2,466.15 1 1
github.com/auucoder/gptgrok2api-go/internal/proxy/transport.go:466.15,468.3 1 1
github.com/auucoder/gptgrok2api-go/internal/proxy/transport.go:469.2,469.16 1 1
github.com/auucoder/gptgrok2api-go/internal/proxy/transport.go:469.16,475.3 5 1
github.com/auucoder/gptgrok2api-go/internal/proxy/transport.go:476.2,476.27 1 1
github.com/auucoder/gptgrok2api-go/internal/proxy/transport.go:479.98,481.55 2 1
github.com/auucoder/gptgrok2api-go/internal/proxy/transport.go:481.55,485.66 3 1
github.com/auucoder/gptgrok2api-go/internal/proxy/transport.go:485.66,486.12 1 1
github.com/auucoder/gptgrok2api-go/internal/proxy/transport.go:488.3,488.59 1 1
github.com/auucoder/gptgrok2api-go/internal/proxy/transport.go:488.59,490.4 1 1
github.com/auucoder/gptgrok2api-go/internal/proxy/transport.go:492.2,492.13 1 1
github.com/auucoder/gptgrok2api-go/internal/proxy/transport.go:495.97,496.55 1 1
github.com/auucoder/gptgrok2api-go/internal/proxy/transport.go:496.55,500.66 3 1
github.com/auucoder/gptgrok2api-go/internal/proxy/transport.go:500.66,501.12 1 1
github.com/auucoder/gptgrok2api-go/internal/proxy/transport.go:503.3,503.15 1 1
github.com/auucoder/gptgrok2api-go/internal/proxy/transport.go:505.2,505.11 1 1
github.com/auucoder/gptgrok2api-go/internal/proxy/transport.go:508.58,511.19 3 1
github.com/auucoder/gptgrok2api-go/internal/proxy/transport.go:511.19,513.3 1 1
github.com/auucoder/gptgrok2api-go/internal/proxy/transport.go:514.2,514.82 1 1
github.com/auucoder/gptgrok2api-go/internal/proxy/transport.go:517.55,518.40 1 1
github.com/auucoder/gptgrok2api-go/internal/proxy/transport.go:518.40,520.3 1 1
github.com/auucoder/gptgrok2api-go/internal/proxy/transport.go:521.2,521.23 1 1
github.com/auucoder/gptgrok2api-go/internal/proxy/transport.go:524.81,526.2 1 1
github.com/auucoder/gptgrok2api-go/internal/proxy/transport.go:528.57,529.14 1 1
github.com/auucoder/gptgrok2api-go/internal/proxy/transport.go:529.14,531.3 1 0
github.com/auucoder/gptgrok2api-go/internal/proxy/transport.go:532.2,535.50 4 1
github.com/auucoder/gptgrok2api-go/internal/proxy/transport.go:535.50,537.42 2 0
github.com/auucoder/gptgrok2api-go/internal/proxy/transport.go:537.42,540.4 2 0
github.com/auucoder/gptgrok2api-go/internal/proxy/transport.go:542.2,542.33 1 1
github.com/auucoder/gptgrok2api-go/internal/proxy/transport.go:542.33,544.3 1 1
github.com/auucoder/gptgrok2api-go/internal/proxy/transport.go:545.2,545.29 1 1
github.com/auucoder/gptgrok2api-go/internal/proxy/transport.go:545.29,546.61 1 0
github.com/auucoder/gptgrok2api-go/internal/proxy/transport.go:546.61,548.38 2 0
github.com/auucoder/gptgrok2api-go/internal/proxy/transport.go:548.38,550.5 1 0
github.com/auucoder/gptgrok2api-go/internal/proxy/transport.go:553.2,553.23 1 1
github.com/auucoder/gptgrok2api-go/internal/proxy/transport.go:558.49,560.37 2 1
github.com/auucoder/gptgrok2api-go/internal/proxy/transport.go:560.37,562.3 1 0
github.com/auucoder/gptgrok2api-go/internal/proxy/transport.go:563.2,563.40 1 1
github.com/auucoder/gptgrok2api-go/internal/proxy/transport.go:564.44,565.14 1 1
github.com/auucoder/gptgrok2api-go/internal/proxy/transport.go:566.10,567.15 1 1
github.com/auucoder/gptgrok2api-go/internal/proxy/transport.go:571.55,576.2 4 1
github.com/auucoder/gptgrok2api-go/internal/proxy/transport.go:581.88,582.14 1 1
github.com/auucoder/gptgrok2api-go/internal/proxy/transport.go:582.14,584.3 1 0
github.com/auucoder/gptgrok2api-go/internal/proxy/transport.go:585.2,586.65 2 1
github.com/auucoder/gptgrok2api-go/internal/proxy/transport.go:586.65,588.58 2 1
github.com/auucoder/gptgrok2api-go/internal/proxy/transport.go:588.58,590.9 2 0
github.com/auucoder/gptgrok2api-go/internal/proxy/transport.go:593.2,595.19 3 1
github.com/auucoder/gptgrok2api-go/internal/proxy/transport.go:595.19,597.3 1 1
github.com/auucoder/gptgrok2api-go/internal/proxy/transport.go:598.2,599.43 2 1
github.com/auucoder/gptgrok2api-go/internal/proxy/transport.go:599.43,601.3 1 0
github.com/auucoder/gptgrok2api-go/internal/proxy/transport.go:602.2,605.15 4 1
github.com/auucoder/gptgrok2api-go/internal/proxy/transport.go:605.15,607.3 1 0
github.com/auucoder/gptgrok2api-go/internal/proxy/transport.go:608.2,611.38 4 1
github.com/auucoder/gptgrok2api-go/internal/proxy/transport.go:614.80,615.30 1 1
github.com/auucoder/gptgrok2api-go/internal/proxy/transport.go:615.30,617.3 1 0
github.com/auucoder/gptgrok2api-go/internal/proxy/transport.go:618.2,619.42 2 1
github.com/auucoder/gptgrok2api-go/internal/proxy/transport.go:619.42,621.3 1 1
github.com/auucoder/gptgrok2api-go/internal/proxy/transport.go:624.46,625.14 1 1
github.com/auucoder/gptgrok2api-go/internal/proxy/transport.go:625.14,627.3 1 0
github.com/auucoder/gptgrok2api-go/internal/proxy/transport.go:628.2,628.19 1 1
github.com/auucoder/gptgrok2api-go/internal/proxy/transport.go:628.19,629.40 1 1
github.com/auucoder/gptgrok2api-go/internal/proxy/transport.go:629.40,631.4 1 1
github.com/auucoder/gptgrok2api-go/internal/proxy/transport.go:632.3,634.26 3 1
github.com/auucoder/gptgrok2api-go/internal/proxy/transport.go:634.26,636.4 1 1
github.com/auucoder/gptgrok2api-go/internal/proxy/transport.go:637.3,639.40 3 1
github.com/auucoder/gptgrok2api-go/internal/proxy/transport.go:639.40,644.15 5 1
github.com/auucoder/gptgrok2api-go/internal/proxy/transport.go:644.15,646.64 2 1
github.com/auucoder/gptgrok2api-go/internal/proxy/transport.go:646.64,648.39 2 1
github.com/auucoder/gptgrok2api-go/internal/proxy/transport.go:648.39,649.25 1 1
github.com/auucoder/gptgrok2api-go/internal/proxy/transport.go:649.25,651.8 1 1
github.com/auucoder/gptgrok2api-go/internal/proxy/transport.go:653.6,654.25 2 1
github.com/auucoder/gptgrok2api-go/internal/proxy/transport.go:654.25,656.7 1 0
github.com/auucoder/gptgrok2api-go/internal/proxy/transport.go:656.12,658.7 1 1
github.com/auucoder/gptgrok2api-go/internal/proxy/transport.go:661.4,661.234 1 1
github.com/auucoder/gptgrok2api-go/internal/proxy/transport.go:662.9,662.48 1 1
github.com/auucoder/gptgrok2api-go/internal/proxy/transport.go:662.48,666.29 4 1
github.com/auucoder/gptgrok2api-go/internal/proxy/transport.go:666.29,667.30 1 1
github.com/auucoder/gptgrok2api-go/internal/proxy/transport.go:667.30,669.6 1 0
github.com/auucoder/gptgrok2api-go/internal/proxy/transport.go:669.11,671.6 1 1
github.com/auucoder/gptgrok2api-go/internal/proxy/transport.go:673.4,674.15 2 1
github.com/auucoder/gptgrok2api-go/internal/proxy/transport.go:674.15,676.5 1 1
github.com/auucoder/gptgrok2api-go/internal/proxy/transport.go:676.10,678.5 1 1
github.com/auucoder/gptgrok2api-go/internal/proxy/transport.go:679.4,679.104 1 1
github.com/auucoder/gptgrok2api-go/internal/proxy/transport.go:679.104,681.5 1 1
github.com/auucoder/gptgrok2api-go/internal/proxy/transport.go:683.3,686.38 4 1
github.com/auucoder/gptgrok2api-go/internal/proxy/transport.go:686.38,688.4 1 1
github.com/auucoder/gptgrok2api-go/internal/proxy/transport.go:692.39,693.24 1 1
github.com/auucoder/gptgrok2api-go/internal/proxy/transport.go:693.24,695.3 1 1
github.com/auucoder/gptgrok2api-go/internal/proxy/transport.go:696.2,696.35 1 1
github.com/auucoder/gptgrok2api-go/internal/proxy/transport.go:699.67,700.14 1 0
github.com/auucoder/gptgrok2api-go/internal/proxy/transport.go:700.14,702.3 1 0
github.com/auucoder/gptgrok2api-go/internal/proxy/transport.go:703.2,706.38 4 0
github.com/auucoder/gptgrok2api-go/internal/proxy/transport.go:706.38,707.36 1 0
github.com/auucoder/gptgrok2api-go/internal/proxy/transport.go:707.36,708.30 1 0
github.com/auucoder/gptgrok2api-go/internal/proxy/transport.go:708.30,710.5 1 0
github.com/auucoder/gptgrok2api-go/internal/proxy/transport.go:713.2,713.22 1 0
github.com/auucoder/gptgrok2api-go/internal/proxy/transport.go:713.22,715.3 1 0
github.com/auucoder/gptgrok2api-go/internal/proxy/transport.go:716.2,716.38 1 0
github.com/auucoder/gptgrok2api-go/internal/proxy/transport.go:719.61,720.14 1 0
github.com/auucoder/gptgrok2api-go/internal/proxy/transport.go:720.14,722.3 1 0
github.com/auucoder/gptgrok2api-go/internal/proxy/transport.go:723.2,724.28 2 0
github.com/auucoder/gptgrok2api-go/internal/proxy/transport.go:724.28,725.47 1 0
github.com/auucoder/gptgrok2api-go/internal/proxy/transport.go:725.47,727.4 1 0
github.com/auucoder/gptgrok2api-go/internal/proxy/transport.go:729.2,733.15 5 0
github.com/auucoder/gptgrok2api-go/internal/proxy/transport.go:736.49,737.14 1 0
github.com/auucoder/gptgrok2api-go/internal/proxy/transport.go:737.14,739.3 1 0
github.com/auucoder/gptgrok2api-go/internal/proxy/transport.go:740.2,743.15 4 0
github.com/auucoder/gptgrok2api-go/internal/proxy/transport.go:746.72,747.19 1 1
github.com/auucoder/gptgrok2api-go/internal/proxy/transport.go:747.19,748.66 1 1
github.com/auucoder/gptgrok2api-go/internal/proxy/transport.go:748.66,749.110 1 1
github.com/auucoder/gptgrok2api-go/internal/proxy/transport.go:749.110,750.60 1 1
github.com/auucoder/gptgrok2api-go/internal/proxy/transport.go:750.60,752.6 1 1
github.com/auucoder/gptgrok2api-go/internal/proxy/transport.go:756.2,756.14 1 1
github.com/auucoder/gptgrok2api-go/internal/proxy/transport.go:756.14,758.3 1 0
github.com/auucoder/gptgrok2api-go/internal/proxy/transport.go:759.2,763.41 5 1
github.com/auucoder/gptgrok2api-go/internal/proxy/transport.go:763.41,766.3 2 0
github.com/auucoder/gptgrok2api-go/internal/proxy/transport.go:767.2,767.19 1 1
github.com/auucoder/gptgrok2api-go/internal/proxy/transport.go:767.19,769.15 2 1
github.com/auucoder/gptgrok2api-go/internal/proxy/transport.go:769.15,771.4 1 0
github.com/auucoder/gptgrok2api-go/internal/proxy/transport.go:772.3,774.15 3 1
github.com/auucoder/gptgrok2api-go/internal/proxy/transport.go:776.2,776.37 1 0
github.com/auucoder/gptgrok2api-go/internal/proxy/transport.go:776.37,778.3 1 0
github.com/auucoder/gptgrok2api-go/internal/proxy/transport.go:779.2,779.29 1 0
github.com/auucoder/gptgrok2api-go/internal/proxy/transport.go:779.29,780.61 1 0
github.com/auucoder/gptgrok2api-go/internal/proxy/transport.go:780.61,782.4 1 0
github.com/auucoder/gptgrok2api-go/internal/proxy/transport.go:784.2,784.16 1 0
github.com/auucoder/gptgrok2api-go/internal/proxy/transport.go:787.45,788.14 1 0
github.com/auucoder/gptgrok2api-go/internal/proxy/transport.go:788.14,790.3 1 0
github.com/auucoder/gptgrok2api-go/internal/proxy/transport.go:791.2,794.21 4 0
github.com/auucoder/gptgrok2api-go/internal/proxy/transport.go:794.21,796.3 1 0
github.com/auucoder/gptgrok2api-go/internal/proxy/transport.go:796.8,796.24 1 0
github.com/auucoder/gptgrok2api-go/internal/proxy/transport.go:796.24,798.3 1 0
github.com/auucoder/gptgrok2api-go/internal/proxy/transport.go:799.2,800.58 2 0
github.com/auucoder/gptgrok2api-go/internal/proxy/transport.go:800.58,805.3 4 0
github.com/auucoder/gptgrok2api-go/internal/proxy/transport.go:806.2,806.29 1 0
github.com/auucoder/gptgrok2api-go/internal/proxy/transport.go:806.29,808.3 1 0
github.com/auucoder/gptgrok2api-go/internal/proxy/transport.go:809.2,809.17 1 0
github.com/auucoder/gptgrok2api-go/internal/proxy/transport.go:821.54,822.17 1 1
github.com/auucoder/gptgrok2api-go/internal/proxy/transport.go:822.17,824.3 1 0
github.com/auucoder/gptgrok2api-go/internal/proxy/transport.go:825.2,825.78 1 1
github.com/auucoder/gptgrok2api-go/internal/proxy/transport.go:828.74,831.16 3 1
github.com/auucoder/gptgrok2api-go/internal/proxy/transport.go:831.16,833.3 1 0
github.com/auucoder/gptgrok2api-go/internal/proxy/transport.go:834.2,834.36 1 1
github.com/auucoder/gptgrok2api-go/internal/proxy/transport.go:837.74,840.47 3 1
github.com/auucoder/gptgrok2api-go/internal/proxy/transport.go:840.47,843.3 2 0
github.com/auucoder/gptgrok2api-go/internal/proxy/transport.go:844.2,846.37 3 1
github.com/auucoder/gptgrok2api-go/internal/proxy/transport.go:846.37,848.3 1 0
github.com/auucoder/gptgrok2api-go/internal/proxy/transport.go:849.2,850.40 2 1
github.com/auucoder/gptgrok2api-go/internal/proxy/transport.go:851.23,854.27 3 1
github.com/auucoder/gptgrok2api-go/internal/proxy/transport.go:855.27,859.27 4 0
github.com/auucoder/gptgrok2api-go/internal/proxy/transport.go:860.36,864.27 4 0
github.com/auucoder/gptgrok2api-go/internal/proxy/transport.go:865.10,866.71 1 0
github.com/auucoder/gptgrok2api-go/internal/proxy/transport.go:868.2,869.50 2 1
github.com/auucoder/gptgrok2api-go/internal/proxy/transport.go:869.50,871.3 1 0
github.com/auucoder/gptgrok2api-go/internal/proxy/transport.go:871.8,873.3 1 1
github.com/auucoder/gptgrok2api-go/internal/proxy/transport.go:874.2,875.26 2 1
github.com/auucoder/gptgrok2api-go/internal/proxy/transport.go:878.65,879.49 1 1
github.com/auucoder/gptgrok2api-go/internal/proxy/transport.go:879.49,881.3 1 1
github.com/auucoder/gptgrok2api-go/internal/proxy/transport.go:882.2,882.56 1 0
github.com/auucoder/gptgrok2api-go/internal/proxy/transport.go:889.100,890.64 1 0
github.com/auucoder/gptgrok2api-go/internal/proxy/transport.go:890.64,892.3 1 0
github.com/auucoder/gptgrok2api-go/internal/proxy/transport.go:893.2,894.62 2 0
github.com/auucoder/gptgrok2api-go/internal/proxy/transport.go:894.62,896.3 1 0
github.com/auucoder/gptgrok2api-go/internal/proxy/transport.go:897.2,898.16 2 0
github.com/auucoder/gptgrok2api-go/internal/proxy/transport.go:898.16,900.3 1 0
github.com/auucoder/gptgrok2api-go/internal/proxy/transport.go:901.2,901.67 1 0
github.com/auucoder/gptgrok2api-go/internal/proxy/transport.go:901.67,904.3 2 0
github.com/auucoder/gptgrok2api-go/internal/proxy/transport.go:905.2,905.18 1 0
github.com/auucoder/gptgrok2api-go/internal/proxy/transport.go:908.82,910.16 2 1
github.com/auucoder/gptgrok2api-go/internal/proxy/transport.go:910.16,912.3 1 0
github.com/auucoder/gptgrok2api-go/internal/proxy/transport.go:913.2,914.44 2 1
github.com/auucoder/gptgrok2api-go/internal/proxy/transport.go:914.44,916.3 1 0
github.com/auucoder/gptgrok2api-go/internal/proxy/transport.go:917.2,919.15 3 1
github.com/auucoder/gptgrok2api-go/internal/proxy/transport.go:919.15,921.3 1 1
github.com/auucoder/gptgrok2api-go/internal/proxy/transport.go:921.8,923.3 1 0
github.com/auucoder/gptgrok2api-go/internal/proxy/transport.go:924.2,924.17 1 1
github.com/auucoder/gptgrok2api-go/internal/proxy/transport.go:924.17,926.3 1 0
github.com/auucoder/gptgrok2api-go/internal/proxy/transport.go:927.2,928.15 2 1
github.com/auucoder/gptgrok2api-go/internal/proxy/transport.go:928.15,931.3 2 1
github.com/auucoder/gptgrok2api-go/internal/proxy/transport.go:932.2,932.46 1 1
github.com/auucoder/gptgrok2api-go/internal/proxy/transport.go:932.46,934.3 1 0
github.com/auucoder/gptgrok2api-go/internal/proxy/transport.go:935.2,936.55 2 1
github.com/auucoder/gptgrok2api-go/internal/proxy/transport.go:936.55,938.3 1 0
github.com/auucoder/gptgrok2api-go/internal/proxy/transport.go:939.2,939.22 1 1
github.com/auucoder/gptgrok2api-go/internal/proxy/transport.go:939.22,941.3 1 0
github.com/auucoder/gptgrok2api-go/internal/proxy/transport.go:942.2,942.12 1 1
github.com/auucoder/gptgrok2api-go/internal/proxy/transport.go:945.100,946.64 1 0
github.com/auucoder/gptgrok2api-go/internal/proxy/transport.go:946.64,948.3 1 0
github.com/auucoder/gptgrok2api-go/internal/proxy/transport.go:949.2,950.62 2 0
github.com/auucoder/gptgrok2api-go/internal/proxy/transport.go:950.62,952.3 1 0
github.com/auucoder/gptgrok2api-go/internal/proxy/transport.go:953.2,954.16 2 0
github.com/auucoder/gptgrok2api-go/internal/proxy/transport.go:954.16,956.3 1 0
github.com/auucoder/gptgrok2api-go/internal/proxy/transport.go:957.2,957.60 1 0
github.com/auucoder/gptgrok2api-go/internal/proxy/transport.go:957.60,960.3 2 0
github.com/auucoder/gptgrok2api-go/internal/proxy/transport.go:961.2,961.53 1 0
github.com/auucoder/gptgrok2api-go/internal/proxy/transport.go:961.53,964.3 2 0
github.com/auucoder/gptgrok2api-go/internal/proxy/transport.go:965.2,965.18 1 0
github.com/auucoder/gptgrok2api-go/internal/proxy/transport.go:968.68,970.17 2 0
github.com/auucoder/gptgrok2api-go/internal/proxy/transport.go:970.17,972.3 1 0
github.com/auucoder/gptgrok2api-go/internal/proxy/transport.go:973.2,973.92 1 0
github.com/auucoder/gptgrok2api-go/internal/proxy/transport.go:973.92,975.3 1 0
github.com/auucoder/gptgrok2api-go/internal/proxy/transport.go:976.2,977.58 2 0
github.com/auucoder/gptgrok2api-go/internal/proxy/transport.go:977.58,979.3 1 0
github.com/auucoder/gptgrok2api-go/internal/proxy/transport.go:980.2,980.25 1 0
github.com/auucoder/gptgrok2api-go/internal/proxy/transport.go:980.25,982.3 1 0
github.com/auucoder/gptgrok2api-go/internal/proxy/transport.go:983.2,983.25 1 0
github.com/auucoder/gptgrok2api-go/internal/proxy/transport.go:983.25,985.3 1 0
github.com/auucoder/gptgrok2api-go/internal/proxy/transport.go:986.2,986.25 1 0
github.com/auucoder/gptgrok2api-go/internal/proxy/transport.go:986.25,987.18 1 0
github.com/auucoder/gptgrok2api-go/internal/proxy/transport.go:987.18,989.4 1 0
github.com/auucoder/gptgrok2api-go/internal/proxy/transport.go:990.3,992.49 3 0
github.com/auucoder/gptgrok2api-go/internal/proxy/transport.go:992.49,994.4 1 0
github.com/auucoder/gptgrok2api-go/internal/proxy/transport.go:995.3,998.47 4 0
github.com/auucoder/gptgrok2api-go/internal/proxy/transport.go:998.47,1000.4 1 0
github.com/auucoder/gptgrok2api-go/internal/proxy/transport.go:1001.3,1002.60 2 0
github.com/auucoder/gptgrok2api-go/internal/proxy/transport.go:1002.60,1004.4 1 0
github.com/auucoder/gptgrok2api-go/internal/proxy/transport.go:1005.3,1005.27 1 0
github.com/auucoder/gptgrok2api-go/internal/proxy/transport.go:1005.27,1007.4 1 0
github.com/auucoder/gptgrok2api-go/internal/proxy/transport.go:1009.2,1009.12 1 0
github.com/auucoder/gptgrok2api-go/internal/proxy/transport.go:1012.62,1014.16 2 0
github.com/auucoder/gptgrok2api-go/internal/proxy/transport.go:1014.16,1016.3 1 0
github.com/auucoder/gptgrok2api-go/internal/proxy/transport.go:1017.2,1018.44 2 0
github.com/auucoder/gptgrok2api-go/internal/proxy/transport.go:1018.44,1020.3 1 0
github.com/auucoder/gptgrok2api-go/internal/proxy/transport.go:1021.2,1022.40 2 0
github.com/auucoder/gptgrok2api-go/internal/proxy/transport.go:1022.40,1023.34 1 0
github.com/auucoder/gptgrok2api-go/internal/proxy/transport.go:1023.34,1026.4 2 0
github.com/auucoder/gptgrok2api-go/internal/proxy/transport.go:1026.9,1029.4 2 0
github.com/auucoder/gptgrok2api-go/internal/proxy/transport.go:1030.8,1031.22 1 0
github.com/auucoder/gptgrok2api-go/internal/proxy/transport.go:1031.22,1033.4 1 0
github.com/auucoder/gptgrok2api-go/internal/proxy/transport.go:1034.3,1035.43 2 0
github.com/auucoder/gptgrok2api-go/internal/proxy/transport.go:1037.2,1040.46 4 0
github.com/auucoder/gptgrok2api-go/internal/proxy/transport.go:1040.46,1042.3 1 0
github.com/auucoder/gptgrok2api-go/internal/proxy/transport.go:1043.2,1044.55 2 0
github.com/auucoder/gptgrok2api-go/internal/proxy/transport.go:1044.55,1046.3 1 0
github.com/auucoder/gptgrok2api-go/internal/proxy/transport.go:1047.2,1047.42 1 0
github.com/auucoder/gptgrok2api-go/internal/proxy/transport.go:1047.42,1049.3 1 0
github.com/auucoder/gptgrok2api-go/internal/proxy/transport.go:1050.2,1051.18 2 0
github.com/auucoder/gptgrok2api-go/internal/proxy/transport.go:1052.12,1053.13 1 0
github.com/auucoder/gptgrok2api-go/internal/proxy/transport.go:1054.12,1055.14 1 0
github.com/auucoder/gptgrok2api-go/internal/proxy/transport.go:1056.12,1058.55 2 0
github.com/auucoder/gptgrok2api-go/internal/proxy/transport.go:1058.55,1060.4 1 0
github.com/auucoder/gptgrok2api-go/internal/proxy/transport.go:1061.3,1061.24 1 0
github.com/auucoder/gptgrok2api-go/internal/proxy/transport.go:1062.10,1063.63 1 0
github.com/auucoder/gptgrok2api-go/internal/proxy/transport.go:1065.2,1067.12 3 0
github.com/auucoder/gptgrok2api-go/internal/proxy/transport.go:1070.40,1072.55 2 1
github.com/auucoder/gptgrok2api-go/internal/proxy/transport.go:1072.55,1074.3 1 1
github.com/auucoder/gptgrok2api-go/internal/proxy/transport.go:1075.2,1075.37 1 1
github.com/auucoder/gptgrok2api-go/internal/proxy/transport.go:1075.37,1077.3 1 1
github.com/auucoder/gptgrok2api-go/internal/proxy/transport.go:1078.2,1079.37 2 1
github.com/auucoder/gptgrok2api-go/internal/proxy/transport.go:1079.37,1081.3 1 1
github.com/auucoder/gptgrok2api-go/internal/proxy/transport.go:1082.2,1082.24 1 1
github.com/auucoder/gptgrok2api-go/internal/proxy/transport.go:1085.36,1086.18 1 1
github.com/auucoder/gptgrok2api-go/internal/proxy/transport.go:1086.18,1088.3 1 1
github.com/auucoder/gptgrok2api-go/internal/proxy/transport.go:1089.2,1089.45 1 1
github.com/auucoder/gptgrok2api-go/internal/provider/console_chat.go:23.70,23.91 1 0
github.com/auucoder/gptgrok2api-go/internal/provider/console_chat.go:25.67,26.19 1 0
github.com/auucoder/gptgrok2api-go/internal/provider/console_chat.go:26.19,28.3 1 0
github.com/auucoder/gptgrok2api-go/internal/provider/console_chat.go:29.2,29.71 1 0
github.com/auucoder/gptgrok2api-go/internal/provider/console_chat.go:32.121,33.20 1 0
github.com/auucoder/gptgrok2api-go/internal/provider/console_chat.go:33.20,35.3 1 0
github.com/auucoder/gptgrok2api-go/internal/provider/console_chat.go:36.2,37.16 2 0
github.com/auucoder/gptgrok2api-go/internal/provider/console_chat.go:37.16,39.3 1 0
github.com/auucoder/gptgrok2api-go/internal/provider/console_chat.go:40.2,41.16 2 0
github.com/auucoder/gptgrok2api-go/internal/provider/console_chat.go:41.16,43.3 1 0
github.com/auucoder/gptgrok2api-go/internal/provider/console_chat.go:44.2,45.18 2 0
github.com/auucoder/gptgrok2api-go/internal/provider/console_chat.go:45.18,48.3 2 0
github.com/auucoder/gptgrok2api-go/internal/provider/console_chat.go:49.2,57.29 9 0
github.com/auucoder/gptgrok2api-go/internal/provider/console_chat.go:60.72,65.19 5 0
github.com/auucoder/gptgrok2api-go/internal/provider/console_chat.go:65.19,67.3 1 0
github.com/auucoder/gptgrok2api-go/internal/provider/console_chat.go:68.2,68.94 1 0
github.com/auucoder/gptgrok2api-go/internal/provider/console_chat.go:71.58,72.18 1 0
github.com/auucoder/gptgrok2api-go/internal/provider/console_chat.go:72.18,74.3 1 0
github.com/auucoder/gptgrok2api-go/internal/provider/console_chat.go:75.2,75.16 1 0
github.com/auucoder/gptgrok2api-go/internal/provider/gptmail.go:27.47,28.19 1 1
github.com/auucoder/gptgrok2api-go/internal/provider/gptmail.go:28.19,30.3 1 0
github.com/auucoder/gptgrok2api-go/internal/provider/gptmail.go:31.2,31.65 1 1
github.com/auucoder/gptgrok2api-go/internal/provider/gptmail.go:34.103,40.12 6 1
github.com/auucoder/gptgrok2api-go/internal/provider/gptmail.go:40.12,44.48 4 1
github.com/auucoder/gptgrok2api-go/internal/provider/gptmail.go:44.48,46.4 1 1
github.com/auucoder/gptgrok2api-go/internal/provider/gptmail.go:48.2,50.25 3 1
github.com/auucoder/gptgrok2api-go/internal/provider/gptmail.go:50.25,52.3 1 1
github.com/auucoder/gptgrok2api-go/internal/provider/gptmail.go:52.8,53.19 1 1
github.com/auucoder/gptgrok2api-go/internal/provider/gptmail.go:53.19,55.4 1 0
github.com/auucoder/gptgrok2api-go/internal/provider/gptmail.go:56.3,56.50 1 1
github.com/auucoder/gptgrok2api-go/internal/provider/gptmail.go:58.2,58.16 1 1
github.com/auucoder/gptgrok2api-go/internal/provider/gptmail.go:58.16,60.3 1 0
github.com/auucoder/gptgrok2api-go/internal/provider/gptmail.go:61.2,64.22 4 1
github.com/auucoder/gptgrok2api-go/internal/provider/gptmail.go:64.22,66.3 1 1
github.com/auucoder/gptgrok2api-go/internal/provider/gptmail.go:67.2,72.25 6 1
github.com/auucoder/gptgrok2api-go/internal/provider/gptmail.go:72.25,74.3 1 1
github.com/auucoder/gptgrok2api-go/internal/provider/gptmail.go:75.2,78.20 4 1
github.com/auucoder/gptgrok2api-go/internal/provider/gptmail.go:81.113,83.35 2 1
github.com/auucoder/gptgrok2api-go/internal/provider/gptmail.go:83.35,85.3 1 0
github.com/auucoder/gptgrok2api-go/internal/provider/gptmail.go:86.2,87.16 2 1
github.com/auucoder/gptgrok2api-go/internal/provider/gptmail.go:87.16,89.3 1 0
github.com/auucoder/gptgrok2api-go/internal/provider/gptmail.go:90.2,91.15 2 1
github.com/auucoder/gptgrok2api-go/internal/provider/gptmail.go:91.15,93.3 1 0
github.com/auucoder/gptgrok2api-go/internal/provider/gptmail.go:94.2,94.561 1 1
github.com/auucoder/gptgrok2api-go/internal/provider/gptmail.go:97.103,99.12 2 1
github.com/auucoder/gptgrok2api-go/internal/provider/gptmail.go:99.12,101.3 1 1
github.com/auucoder/gptgrok2api-go/internal/provider/gptmail.go:102.2,103.16 2 1
github.com/auucoder/gptgrok2api-go/internal/provider/gptmail.go:103.16,105.3 1 0
github.com/auucoder/gptgrok2api-go/internal/provider/gptmail.go:106.2,108.12 3 1
github.com/auucoder/gptgrok2api-go/internal/provider/gptmail.go:108.12,110.3 1 1
github.com/auucoder/gptgrok2api-go/internal/provider/gptmail.go:111.2,111.63 1 1
github.com/auucoder/gptgrok2api-go/internal/provider/gptmail.go:114.98,116.16 2 1
github.com/auucoder/gptgrok2api-go/internal/provider/gptmail.go:116.16,118.3 1 0
github.com/auucoder/gptgrok2api-go/internal/provider/gptmail.go:119.2,123.16 5 1
github.com/auucoder/gptgrok2api-go/internal/provider/gptmail.go:123.16,125.3 1 0
github.com/auucoder/gptgrok2api-go/internal/provider/gptmail.go:126.2,127.163 2 1
github.com/auucoder/gptgrok2api-go/internal/provider/gptmail.go:127.163,128.34 1 1
github.com/auucoder/gptgrok2api-go/internal/provider/gptmail.go:128.34,130.4 1 1
github.com/auucoder/gptgrok2api-go/internal/provider/gptmail.go:132.2,134.20 3 1
github.com/auucoder/gptgrok2api-go/internal/provider/gptmail.go:137.89,139.16 2 1
github.com/auucoder/gptgrok2api-go/internal/provider/gptmail.go:139.16,141.3 1 0
github.com/auucoder/gptgrok2api-go/internal/provider/gptmail.go:142.2,145.42 4 1
github.com/auucoder/gptgrok2api-go/internal/provider/gptmail.go:145.42,147.3 1 0
github.com/auucoder/gptgrok2api-go/internal/provider/gptmail.go:148.2,148.62 1 1
github.com/auucoder/gptgrok2api-go/internal/provider/gptmail.go:148.62,150.3 1 0
github.com/auucoder/gptgrok2api-go/internal/provider/gptmail.go:151.2,151.54 1 1
github.com/auucoder/gptgrok2api-go/internal/provider/gptmail.go:151.54,152.32 1 1
github.com/auucoder/gptgrok2api-go/internal/provider/gptmail.go:152.32,154.4 1 1
github.com/auucoder/gptgrok2api-go/internal/provider/gptmail.go:156.2,156.96 1 1
github.com/auucoder/gptgrok2api-go/internal/provider/gptmail.go:156.96,158.3 1 1
github.com/auucoder/gptgrok2api-go/internal/provider/gptmail.go:159.2,159.21 1 1
github.com/auucoder/gptgrok2api-go/internal/provider/gptmail.go:162.63,165.16 3 1
github.com/auucoder/gptgrok2api-go/internal/provider/gptmail.go:165.16,167.3 1 0
github.com/auucoder/gptgrok2api-go/internal/provider/gptmail.go:168.2,169.42 2 1
github.com/auucoder/gptgrok2api-go/internal/provider/gptmail.go:169.42,170.45 1 1
github.com/auucoder/gptgrok2api-go/internal/provider/gptmail.go:170.45,172.4 1 0
github.com/auucoder/gptgrok2api-go/internal/provider/gptmail.go:172.9,174.4 1 1
github.com/auucoder/gptgrok2api-go/internal/provider/gptmail.go:176.2,178.15 3 1
github.com/auucoder/gptgrok2api-go/internal/provider/gptmail.go:180.55,182.32 2 1
github.com/auucoder/gptgrok2api-go/internal/provider/gptmail.go:182.32,184.3 1 1
github.com/auucoder/gptgrok2api-go/internal/provider/gptmail.go:185.2,185.15 1 1
github.com/auucoder/gptgrok2api-go/internal/provider/gptmail.go:187.41,189.19 2 1
github.com/auucoder/gptgrok2api-go/internal/provider/gptmail.go:189.19,191.3 1 0
github.com/auucoder/gptgrok2api-go/internal/provider/gptmail.go:192.2,192.15 1 1
github.com/auucoder/gptgrok2api-go/internal/provider/gptmail.go:194.38,195.36 1 1
github.com/auucoder/gptgrok2api-go/internal/provider/gptmail.go:195.36,197.3 1 1
github.com/auucoder/gptgrok2api-go/internal/provider/gptmail.go:198.2,198.11 1 1
github.com/auucoder/gptgrok2api-go/internal/provider/gptmail.go:200.34,200.83 2 1
github.com/auucoder/gptgrok2api-go/internal/provider/gptmail.go:201.42,202.21 1 1
github.com/auucoder/gptgrok2api-go/internal/provider/gptmail.go:202.21,203.18 1 0
github.com/auucoder/gptgrok2api-go/internal/provider/gptmail.go:203.18,205.4 1 0
github.com/auucoder/gptgrok2api-go/internal/provider/gptmail.go:206.3,206.41 1 0
github.com/auucoder/gptgrok2api-go/internal/provider/gptmail.go:208.2,208.49 1 1
github.com/auucoder/gptgrok2api-go/internal/provider/grok_chat.go:24.67,24.88 1 0
github.com/auucoder/gptgrok2api-go/internal/provider/grok_chat.go:26.84,27.19 1 0
github.com/auucoder/gptgrok2api-go/internal/provider/grok_chat.go:27.19,29.3 1 0
github.com/auucoder/gptgrok2api-go/internal/provider/grok_chat.go:30.2,30.86 1 0
github.com/auucoder/gptgrok2api-go/internal/provider/grok_chat.go:33.118,34.20 1 0
github.com/auucoder/gptgrok2api-go/internal/provider/grok_chat.go:34.20,36.3 1 0
github.com/auucoder/gptgrok2api-go/internal/provider/grok_chat.go:37.2,38.16 2 0
github.com/auucoder/gptgrok2api-go/internal/provider/grok_chat.go:38.16,40.3 1 0
github.com/auucoder/gptgrok2api-go/internal/provider/grok_chat.go:41.2,42.16 2 0
github.com/auucoder/gptgrok2api-go/internal/provider/grok_chat.go:42.16,44.3 1 0
github.com/auucoder/gptgrok2api-go/internal/provider/grok_chat.go:45.2,45.43 1 0
github.com/auucoder/gptgrok2api-go/internal/provider/grok_chat.go:45.43,47.3 1 0
github.com/auucoder/gptgrok2api-go/internal/provider/grok_chat.go:48.2,48.25 1 0
github.com/auucoder/gptgrok2api-go/internal/provider/grok_chat.go:51.65,56.19 5 0
github.com/auucoder/gptgrok2api-go/internal/provider/grok_chat.go:56.19,58.3 1 0
github.com/auucoder/gptgrok2api-go/internal/provider/grok_chat.go:59.2,63.3 1 0
github.com/auucoder/gptgrok2api-go/internal/provider/grok_chat.go:66.58,68.18 2 0
github.com/auucoder/gptgrok2api-go/internal/provider/grok_chat.go:68.18,71.3 2 0
github.com/auucoder/gptgrok2api-go/internal/provider/grok_chat.go:72.2,81.3 1 0
github.com/auucoder/gptgrok2api-go/internal/provider/grok_chat.go:84.36,85.18 1 1
github.com/auucoder/gptgrok2api-go/internal/provider/grok_chat.go:85.18,87.3 1 1
github.com/auucoder/gptgrok2api-go/internal/provider/grok_chat.go:88.2,88.45 1 1
github.com/auucoder/gptgrok2api-go/internal/provider/grok_quota.go:34.92,35.19 1 1
github.com/auucoder/gptgrok2api-go/internal/provider/grok_quota.go:35.19,37.3 1 0
github.com/auucoder/gptgrok2api-go/internal/provider/grok_quota.go:38.2,38.102 1 1
github.com/auucoder/gptgrok2api-go/internal/provider/grok_quota.go:45.108,47.2 1 0
github.com/auucoder/gptgrok2api-go/internal/provider/grok_quota.go:49.124,51.17 2 1
github.com/auucoder/gptgrok2api-go/internal/provider/grok_quota.go:51.17,53.3 1 0
github.com/auucoder/gptgrok2api-go/internal/provider/grok_quota.go:54.2,61.46 4 1
github.com/auucoder/gptgrok2api-go/internal/provider/grok_quota.go:61.46,63.35 2 1
github.com/auucoder/gptgrok2api-go/internal/provider/grok_quota.go:63.35,67.4 3 1
github.com/auucoder/gptgrok2api-go/internal/provider/grok_quota.go:69.2,73.28 5 1
github.com/auucoder/gptgrok2api-go/internal/provider/grok_quota.go:73.28,74.22 1 1
github.com/auucoder/gptgrok2api-go/internal/provider/grok_quota.go:74.22,75.54 1 0
github.com/auucoder/gptgrok2api-go/internal/provider/grok_quota.go:75.54,77.5 1 0
github.com/auucoder/gptgrok2api-go/internal/provider/grok_quota.go:78.4,78.23 1 0
github.com/auucoder/gptgrok2api-go/internal/provider/grok_quota.go:78.23,80.5 1 0
github.com/auucoder/gptgrok2api-go/internal/provider/grok_quota.go:81.4,81.12 1 0
github.com/auucoder/gptgrok2api-go/internal/provider/grok_quota.go:83.3,83.31 1 1
github.com/auucoder/gptgrok2api-go/internal/provider/grok_quota.go:85.2,85.41 1 1
github.com/auucoder/gptgrok2api-go/internal/provider/grok_quota.go:85.41,87.3 1 0
github.com/auucoder/gptgrok2api-go/internal/provider/grok_quota.go:88.2,88.20 1 1
github.com/auucoder/gptgrok2api-go/internal/provider/grok_quota.go:91.110,93.2 1 1
github.com/auucoder/gptgrok2api-go/internal/provider/grok_quota.go:95.124,97.16 2 1
github.com/auucoder/gptgrok2api-go/internal/provider/grok_quota.go:97.16,99.3 1 0
github.com/auucoder/gptgrok2api-go/internal/provider/grok_quota.go:100.2,101.20 2 1
github.com/auucoder/gptgrok2api-go/internal/provider/grok_quota.go:101.20,103.3 1 0
github.com/auucoder/gptgrok2api-go/internal/provider/grok_quota.go:104.2,105.16 2 1
github.com/auucoder/gptgrok2api-go/internal/provider/grok_quota.go:105.16,107.3 1 0
github.com/auucoder/gptgrok2api-go/internal/provider/grok_quota.go:108.2,110.16 3 1
github.com/auucoder/gptgrok2api-go/internal/provider/grok_quota.go:110.16,112.3 1 0
github.com/auucoder/gptgrok2api-go/internal/provider/grok_quota.go:113.2,115.86 3 1
github.com/auucoder/gptgrok2api-go/internal/provider/grok_quota.go:115.86,117.3 1 1
github.com/auucoder/gptgrok2api-go/internal/provider/grok_quota.go:118.2,118.61 1 1
github.com/auucoder/gptgrok2api-go/internal/provider/grok_quota.go:118.61,120.3 1 0
github.com/auucoder/gptgrok2api-go/internal/provider/grok_quota.go:121.2,122.52 2 1
github.com/auucoder/gptgrok2api-go/internal/provider/grok_quota.go:122.52,124.3 1 0
github.com/auucoder/gptgrok2api-go/internal/provider/grok_quota.go:125.2,126.9 2 1
github.com/auucoder/gptgrok2api-go/internal/provider/grok_quota.go:126.9,128.3 1 0
github.com/auucoder/gptgrok2api-go/internal/provider/grok_quota.go:129.2,130.9 2 1
github.com/auucoder/gptgrok2api-go/internal/provider/grok_quota.go:130.9,132.3 1 0
github.com/auucoder/gptgrok2api-go/internal/provider/grok_quota.go:133.2,134.24 2 1
github.com/auucoder/gptgrok2api-go/internal/provider/grok_quota.go:134.24,136.3 1 0
github.com/auucoder/gptgrok2api-go/internal/provider/grok_quota.go:137.2,137.180 1 1
github.com/auucoder/gptgrok2api-go/internal/provider/grok_quota.go:140.82,142.18 2 1
github.com/auucoder/gptgrok2api-go/internal/provider/grok_quota.go:142.18,144.3 1 1
github.com/auucoder/gptgrok2api-go/internal/provider/grok_quota.go:145.2,150.109 6 1
github.com/auucoder/gptgrok2api-go/internal/provider/grok_quota.go:153.43,155.168 2 1
github.com/auucoder/gptgrok2api-go/internal/provider/grok_quota.go:155.168,156.38 1 1
github.com/auucoder/gptgrok2api-go/internal/provider/grok_quota.go:156.38,158.4 1 1
github.com/auucoder/gptgrok2api-go/internal/provider/grok_quota.go:160.2,160.14 1 1
github.com/auucoder/gptgrok2api-go/internal/provider/grok_quota.go:163.41,164.31 1 1
github.com/auucoder/gptgrok2api-go/internal/provider/grok_quota.go:165.15,166.26 1 1
github.com/auucoder/gptgrok2api-go/internal/provider/grok_quota.go:167.11,168.21 1 0
github.com/auucoder/gptgrok2api-go/internal/provider/grok_quota.go:169.19,171.33 2 0
github.com/auucoder/gptgrok2api-go/internal/provider/grok_quota.go:172.10,175.28 3 0
github.com/auucoder/gptgrok2api-go/internal/provider/grok_quota.go:179.27,180.11 1 1
github.com/auucoder/gptgrok2api-go/internal/provider/grok_quota.go:180.11,182.3 1 0
github.com/auucoder/gptgrok2api-go/internal/provider/grok_quota.go:183.2,183.10 1 1
github.com/auucoder/gptgrok2api-go/internal/provider/image.go:26.132,27.15 1 0
github.com/auucoder/gptgrok2api-go/internal/provider/image.go:27.15,29.3 1 0
github.com/auucoder/gptgrok2api-go/internal/provider/image.go:30.2,30.16 1 0
github.com/auucoder/gptgrok2api-go/internal/provider/image.go:30.16,32.3 1 0
github.com/auucoder/gptgrok2api-go/internal/provider/image.go:33.2,34.16 2 0
github.com/auucoder/gptgrok2api-go/internal/provider/image.go:34.16,36.3 1 0
github.com/auucoder/gptgrok2api-go/internal/provider/image.go:37.2,42.21 6 0
github.com/auucoder/gptgrok2api-go/internal/provider/image.go:42.21,44.21 2 0
github.com/auucoder/gptgrok2api-go/internal/provider/image.go:44.21,45.9 1 0
github.com/auucoder/gptgrok2api-go/internal/provider/image.go:47.3,47.32 1 0
github.com/auucoder/gptgrok2api-go/internal/provider/image.go:47.32,48.67 1 0
github.com/auucoder/gptgrok2api-go/internal/provider/image.go:48.67,49.13 1 0
github.com/auucoder/gptgrok2api-go/internal/provider/image.go:51.4,52.76 2 0
github.com/auucoder/gptgrok2api-go/internal/provider/image.go:55.2,55.38 1 0
github.com/auucoder/gptgrok2api-go/internal/provider/image.go:55.38,57.3 1 0
github.com/auucoder/gptgrok2api-go/internal/provider/image.go:58.2,58.23 1 0
github.com/auucoder/gptgrok2api-go/internal/provider/image.go:58.23,60.3 1 0
github.com/auucoder/gptgrok2api-go/internal/provider/image.go:61.2,61.21 1 0
github.com/auucoder/gptgrok2api-go/internal/provider/image.go:64.184,68.2 3 0
github.com/auucoder/gptgrok2api-go/internal/provider/image.go:70.168,72.18 2 0
github.com/auucoder/gptgrok2api-go/internal/provider/image.go:72.18,74.3 1 0
github.com/auucoder/gptgrok2api-go/internal/provider/image.go:75.2,75.45 1 0
github.com/auucoder/gptgrok2api-go/internal/provider/image.go:75.45,77.3 1 0
github.com/auucoder/gptgrok2api-go/internal/provider/image.go:78.2,78.26 1 0
github.com/auucoder/gptgrok2api-go/internal/provider/image.go:78.26,79.25 1 0
github.com/auucoder/gptgrok2api-go/internal/provider/image.go:79.25,81.4 1 0
github.com/auucoder/gptgrok2api-go/internal/provider/image.go:82.3,83.17 2 0
github.com/auucoder/gptgrok2api-go/internal/provider/image.go:83.17,85.4 1 0
github.com/auucoder/gptgrok2api-go/internal/provider/image.go:86.3,86.98 1 0
github.com/auucoder/gptgrok2api-go/internal/provider/image.go:88.2,89.16 2 0
github.com/auucoder/gptgrok2api-go/internal/provider/image.go:89.16,91.3 1 0
github.com/auucoder/gptgrok2api-go/internal/provider/image.go:92.2,93.53 2 0
github.com/auucoder/gptgrok2api-go/internal/provider/image.go:93.53,95.3 1 0
github.com/auucoder/gptgrok2api-go/internal/provider/image.go:96.2,98.55 3 0
github.com/auucoder/gptgrok2api-go/internal/provider/image.go:98.55,100.3 1 0
github.com/auucoder/gptgrok2api-go/internal/provider/image.go:101.2,103.16 3 0
github.com/auucoder/gptgrok2api-go/internal/provider/image.go:103.16,105.3 1 0
github.com/auucoder/gptgrok2api-go/internal/provider/image.go:106.2,106.45 1 0
github.com/auucoder/gptgrok2api-go/internal/provider/image.go:109.44,110.81 1 0
github.com/auucoder/gptgrok2api-go/internal/provider/image.go:110.81,112.3 1 0
github.com/auucoder/gptgrok2api-go/internal/provider/image.go:113.2,113.68 1 0
github.com/auucoder/gptgrok2api-go/internal/provider/image.go:116.35,120.2 3 0
github.com/auucoder/gptgrok2api-go/internal/provider/image.go:122.43,123.73 1 0
github.com/auucoder/gptgrok2api-go/internal/provider/image.go:124.19,125.16 1 0
github.com/auucoder/gptgrok2api-go/internal/provider/image.go:126.20,127.17 1 0
github.com/auucoder/gptgrok2api-go/internal/provider/image.go:128.10,129.16 1 0
github.com/auucoder/gptgrok2api-go/internal/provider/imagine_ws.go:36.99,37.19 1 0
github.com/auucoder/gptgrok2api-go/internal/provider/imagine_ws.go:37.19,39.3 1 0
github.com/auucoder/gptgrok2api-go/internal/provider/imagine_ws.go:40.2,40.72 1 0
github.com/auucoder/gptgrok2api-go/internal/provider/imagine_ws.go:43.171,45.16 2 0
github.com/auucoder/gptgrok2api-go/internal/provider/imagine_ws.go:45.16,47.3 1 0
github.com/auucoder/gptgrok2api-go/internal/provider/imagine_ws.go:48.2,49.79 2 0
github.com/auucoder/gptgrok2api-go/internal/provider/imagine_ws.go:49.79,51.3 1 0
github.com/auucoder/gptgrok2api-go/internal/provider/imagine_ws.go:52.2,53.134 2 0
github.com/auucoder/gptgrok2api-go/internal/provider/imagine_ws.go:53.134,55.3 1 0
github.com/auucoder/gptgrok2api-go/internal/provider/imagine_ws.go:56.2,59.58 4 0
github.com/auucoder/gptgrok2api-go/internal/provider/imagine_ws.go:59.58,61.17 2 0
github.com/auucoder/gptgrok2api-go/internal/provider/imagine_ws.go:61.17,63.4 1 0
github.com/auucoder/gptgrok2api-go/internal/provider/imagine_ws.go:64.3,64.18 1 0
github.com/auucoder/gptgrok2api-go/internal/provider/imagine_ws.go:64.18,65.12 1 0
github.com/auucoder/gptgrok2api-go/internal/provider/imagine_ws.go:67.3,68.52 2 0
github.com/auucoder/gptgrok2api-go/internal/provider/imagine_ws.go:68.52,69.12 1 0
github.com/auucoder/gptgrok2api-go/internal/provider/imagine_ws.go:71.3,71.37 1 0
github.com/auucoder/gptgrok2api-go/internal/provider/imagine_ws.go:72.16,73.88 1 0
github.com/auucoder/gptgrok2api-go/internal/provider/imagine_ws.go:74.16,77.18 3 0
github.com/auucoder/gptgrok2api-go/internal/provider/imagine_ws.go:77.18,78.13 1 0
github.com/auucoder/gptgrok2api-go/internal/provider/imagine_ws.go:80.4,81.16 2 0
github.com/auucoder/gptgrok2api-go/internal/provider/imagine_ws.go:81.16,82.13 1 0
github.com/auucoder/gptgrok2api-go/internal/provider/imagine_ws.go:84.4,86.81 3 0
github.com/auucoder/gptgrok2api-go/internal/provider/imagine_ws.go:86.81,89.5 2 0
github.com/auucoder/gptgrok2api-go/internal/provider/imagine_ws.go:90.4,90.37 1 0
github.com/auucoder/gptgrok2api-go/internal/provider/imagine_ws.go:91.15,92.93 1 0
github.com/auucoder/gptgrok2api-go/internal/provider/imagine_ws.go:92.93,93.13 1 0
github.com/auucoder/gptgrok2api-go/internal/provider/imagine_ws.go:97.2,97.23 1 0
github.com/auucoder/gptgrok2api-go/internal/provider/imagine_ws.go:97.23,99.3 1 0
github.com/auucoder/gptgrok2api-go/internal/provider/imagine_ws.go:100.2,100.21 1 0
github.com/auucoder/gptgrok2api-go/internal/provider/imagine_ws.go:103.94,105.16 2 0
github.com/auucoder/gptgrok2api-go/internal/provider/imagine_ws.go:105.16,107.3 1 0
github.com/auucoder/gptgrok2api-go/internal/provider/imagine_ws.go:108.2,108.53 1 0
github.com/auucoder/gptgrok2api-go/internal/provider/imagine_ws.go:108.53,110.3 1 0
github.com/auucoder/gptgrok2api-go/internal/provider/imagine_ws.go:111.2,112.37 2 0
github.com/auucoder/gptgrok2api-go/internal/provider/imagine_ws.go:112.37,113.29 1 0
github.com/auucoder/gptgrok2api-go/internal/provider/imagine_ws.go:113.29,115.4 1 0
github.com/auucoder/gptgrok2api-go/internal/provider/imagine_ws.go:115.9,117.4 1 0
github.com/auucoder/gptgrok2api-go/internal/provider/imagine_ws.go:119.2,120.20 2 0
github.com/auucoder/gptgrok2api-go/internal/provider/imagine_ws.go:120.20,122.3 1 0
github.com/auucoder/gptgrok2api-go/internal/provider/imagine_ws.go:123.2,124.16 2 0
github.com/auucoder/gptgrok2api-go/internal/provider/imagine_ws.go:124.16,126.3 1 0
github.com/auucoder/gptgrok2api-go/internal/provider/imagine_ws.go:127.2,127.28 1 0
github.com/auucoder/gptgrok2api-go/internal/provider/imagine_ws.go:127.28,129.58 2 0
github.com/auucoder/gptgrok2api-go/internal/provider/imagine_ws.go:129.58,132.4 2 0
github.com/auucoder/gptgrok2api-go/internal/provider/imagine_ws.go:133.3,133.23 1 0
github.com/auucoder/gptgrok2api-go/internal/provider/imagine_ws.go:135.2,137.47 3 0
github.com/auucoder/gptgrok2api-go/internal/provider/imagine_ws.go:137.47,140.3 2 0
github.com/auucoder/gptgrok2api-go/internal/provider/imagine_ws.go:141.2,143.18 3 0
github.com/auucoder/gptgrok2api-go/internal/provider/imagine_ws.go:143.18,146.3 2 0
github.com/auucoder/gptgrok2api-go/internal/provider/imagine_ws.go:147.2,148.60 2 0
github.com/auucoder/gptgrok2api-go/internal/provider/imagine_ws.go:148.60,151.3 2 0
github.com/auucoder/gptgrok2api-go/internal/provider/imagine_ws.go:152.2,153.16 2 0
github.com/auucoder/gptgrok2api-go/internal/provider/imagine_ws.go:153.16,156.3 2 0
github.com/auucoder/gptgrok2api-go/internal/provider/imagine_ws.go:157.2,157.58 1 0
github.com/auucoder/gptgrok2api-go/internal/provider/imagine_ws.go:157.58,160.3 2 0
github.com/auucoder/gptgrok2api-go/internal/provider/imagine_ws.go:161.2,163.58 3 0
github.com/auucoder/gptgrok2api-go/internal/provider/imagine_ws.go:163.58,166.3 2 0
github.com/auucoder/gptgrok2api-go/internal/provider/imagine_ws.go:167.2,167.18 1 0
github.com/auucoder/gptgrok2api-go/internal/provider/imagine_ws.go:175.32,175.57 1 0
github.com/auucoder/gptgrok2api-go/internal/provider/imagine_ws.go:177.48,179.2 1 0
github.com/auucoder/gptgrok2api-go/internal/provider/imagine_ws.go:181.64,183.42 2 0
github.com/auucoder/gptgrok2api-go/internal/provider/imagine_ws.go:183.42,185.3 1 0
github.com/auucoder/gptgrok2api-go/internal/provider/imagine_ws.go:186.2,188.9 3 0
github.com/auucoder/gptgrok2api-go/internal/provider/imagine_ws.go:189.20,190.45 1 0
github.com/auucoder/gptgrok2api-go/internal/provider/imagine_ws.go:191.23,192.67 1 0
github.com/auucoder/gptgrok2api-go/internal/provider/imagine_ws.go:193.10,197.37 4 0
github.com/auucoder/gptgrok2api-go/internal/provider/imagine_ws.go:199.2,200.29 2 0
github.com/auucoder/gptgrok2api-go/internal/provider/imagine_ws.go:200.29,202.3 1 0
github.com/auucoder/gptgrok2api-go/internal/provider/imagine_ws.go:203.2,203.48 1 0
github.com/auucoder/gptgrok2api-go/internal/provider/imagine_ws.go:203.48,205.3 1 0
github.com/auucoder/gptgrok2api-go/internal/provider/imagine_ws.go:206.2,207.12 2 0
github.com/auucoder/gptgrok2api-go/internal/provider/imagine_ws.go:210.84,211.57 1 0
github.com/auucoder/gptgrok2api-go/internal/provider/imagine_ws.go:211.57,213.3 1 0
github.com/auucoder/gptgrok2api-go/internal/provider/imagine_ws.go:214.2,214.6 1 0
github.com/auucoder/gptgrok2api-go/internal/provider/imagine_ws.go:214.6,216.56 2 0
github.com/auucoder/gptgrok2api-go/internal/provider/imagine_ws.go:216.56,218.4 1 0
github.com/auucoder/gptgrok2api-go/internal/provider/imagine_ws.go:219.3,223.20 5 0
github.com/auucoder/gptgrok2api-go/internal/provider/imagine_ws.go:223.20,225.57 2 0
github.com/auucoder/gptgrok2api-go/internal/provider/imagine_ws.go:225.57,227.5 1 0
github.com/auucoder/gptgrok2api-go/internal/provider/imagine_ws.go:228.4,228.51 1 0
github.com/auucoder/gptgrok2api-go/internal/provider/imagine_ws.go:230.3,230.20 1 0
github.com/auucoder/gptgrok2api-go/internal/provider/imagine_ws.go:230.20,232.57 2 0
github.com/auucoder/gptgrok2api-go/internal/provider/imagine_ws.go:232.57,234.5 1 0
github.com/auucoder/gptgrok2api-go/internal/provider/imagine_ws.go:235.4,236.22 2 0
github.com/auucoder/gptgrok2api-go/internal/provider/imagine_ws.go:236.22,238.5 1 0
github.com/auucoder/gptgrok2api-go/internal/provider/imagine_ws.go:239.4,239.25 1 0
github.com/auucoder/gptgrok2api-go/internal/provider/imagine_ws.go:241.3,241.22 1 0
github.com/auucoder/gptgrok2api-go/internal/provider/imagine_ws.go:241.22,243.4 1 0
github.com/auucoder/gptgrok2api-go/internal/provider/imagine_ws.go:244.3,245.13 2 0
github.com/auucoder/gptgrok2api-go/internal/provider/imagine_ws.go:245.13,246.58 1 0
github.com/auucoder/gptgrok2api-go/internal/provider/imagine_ws.go:246.58,248.5 1 0
github.com/auucoder/gptgrok2api-go/internal/provider/imagine_ws.go:250.3,251.57 2 0
github.com/auucoder/gptgrok2api-go/internal/provider/imagine_ws.go:251.57,253.4 1 0
github.com/auucoder/gptgrok2api-go/internal/provider/imagine_ws.go:254.3,254.13 1 0
github.com/auucoder/gptgrok2api-go/internal/provider/imagine_ws.go:254.13,255.31 1 0
github.com/auucoder/gptgrok2api-go/internal/provider/imagine_ws.go:255.31,257.5 1 0
github.com/auucoder/gptgrok2api-go/internal/provider/imagine_ws.go:259.3,259.20 1 0
github.com/auucoder/gptgrok2api-go/internal/provider/imagine_ws.go:259.20,261.4 1 0
github.com/auucoder/gptgrok2api-go/internal/provider/imagine_ws.go:262.3,262.20 1 0
github.com/auucoder/gptgrok2api-go/internal/provider/imagine_ws.go:262.20,264.12 2 0
github.com/auucoder/gptgrok2api-go/internal/provider/imagine_ws.go:266.3,266.37 1 0
github.com/auucoder/gptgrok2api-go/internal/provider/imagine_ws.go:266.37,267.12 1 0
github.com/auucoder/gptgrok2api-go/internal/provider/imagine_ws.go:269.3,269.11 1 0
github.com/auucoder/gptgrok2api-go/internal/provider/imagine_ws.go:269.11,270.12 1 0
github.com/auucoder/gptgrok2api-go/internal/provider/imagine_ws.go:272.3,272.30 1 0
github.com/auucoder/gptgrok2api-go/internal/provider/imagine_ws.go:276.44,276.97 2 0
github.com/auucoder/gptgrok2api-go/internal/provider/imagine_ws.go:278.26,285.2 6 0
github.com/auucoder/gptgrok2api-go/internal/provider/imagine_ws.go:287.42,288.17 1 0
github.com/auucoder/gptgrok2api-go/internal/provider/imagine_ws.go:288.17,290.3 1 0
github.com/auucoder/gptgrok2api-go/internal/provider/imagine_ws.go:291.2,293.50 3 0
github.com/auucoder/gptgrok2api-go/internal/provider/imagine_ws.go:293.50,295.3 1 0
github.com/auucoder/gptgrok2api-go/internal/provider/imagine_ws.go:296.2,296.13 1 0
github.com/auucoder/gptgrok2api-go/internal/provider/imagine_ws.go:299.32,299.74 2 0
github.com/auucoder/gptgrok2api-go/internal/provider/media.go:31.64,31.85 1 0
github.com/auucoder/gptgrok2api-go/internal/provider/media.go:33.132,34.19 1 0
github.com/auucoder/gptgrok2api-go/internal/provider/media.go:34.19,36.3 1 0
github.com/auucoder/gptgrok2api-go/internal/provider/media.go:37.2,44.3 1 0
github.com/auucoder/gptgrok2api-go/internal/provider/media.go:47.123,49.2 1 0
github.com/auucoder/gptgrok2api-go/internal/provider/media.go:51.135,53.2 1 0
github.com/auucoder/gptgrok2api-go/internal/provider/media.go:55.127,56.68 1 0
github.com/auucoder/gptgrok2api-go/internal/provider/media.go:56.68,58.3 1 0
github.com/auucoder/gptgrok2api-go/internal/provider/media.go:59.2,62.16 2 0
github.com/auucoder/gptgrok2api-go/internal/provider/media.go:62.16,64.3 1 0
github.com/auucoder/gptgrok2api-go/internal/provider/media.go:65.2,65.116 1 0
github.com/auucoder/gptgrok2api-go/internal/provider/media.go:68.111,69.20 1 0
github.com/auucoder/gptgrok2api-go/internal/provider/media.go:69.20,71.3 1 0
github.com/auucoder/gptgrok2api-go/internal/provider/media.go:72.2,73.86 2 0
github.com/auucoder/gptgrok2api-go/internal/provider/media.go:73.86,76.3 2 0
github.com/auucoder/gptgrok2api-go/internal/provider/media.go:77.2,78.16 2 0
github.com/auucoder/gptgrok2api-go/internal/provider/media.go:78.16,80.3 1 0
github.com/auucoder/gptgrok2api-go/internal/provider/media.go:81.2,83.16 3 0
github.com/auucoder/gptgrok2api-go/internal/provider/media.go:83.16,85.3 1 0
github.com/auucoder/gptgrok2api-go/internal/provider/media.go:86.2,87.61 2 0
github.com/auucoder/gptgrok2api-go/internal/provider/media.go:87.61,89.3 1 0
github.com/auucoder/gptgrok2api-go/internal/provider/media.go:90.2,91.16 2 0
github.com/auucoder/gptgrok2api-go/internal/provider/media.go:91.16,93.3 1 0
github.com/auucoder/gptgrok2api-go/internal/provider/media.go:94.2,94.19 1 0
github.com/auucoder/gptgrok2api-go/internal/provider/media.go:94.19,96.3 1 0
github.com/auucoder/gptgrok2api-go/internal/provider/media.go:97.2,98.16 2 0
github.com/auucoder/gptgrok2api-go/internal/provider/media.go:98.16,100.3 1 0
github.com/auucoder/gptgrok2api-go/internal/provider/media.go:101.2,101.23 1 0
github.com/auucoder/gptgrok2api-go/internal/provider/media.go:104.147,106.16 2 0
github.com/auucoder/gptgrok2api-go/internal/provider/media.go:106.16,108.3 1 0
github.com/auucoder/gptgrok2api-go/internal/provider/media.go:109.2,111.70 3 0
github.com/auucoder/gptgrok2api-go/internal/provider/media.go:111.70,113.3 1 0
github.com/auucoder/gptgrok2api-go/internal/provider/media.go:114.2,114.19 1 0
github.com/auucoder/gptgrok2api-go/internal/provider/media.go:117.157,118.20 1 0
github.com/auucoder/gptgrok2api-go/internal/provider/media.go:118.20,120.3 1 0
github.com/auucoder/gptgrok2api-go/internal/provider/media.go:121.2,122.16 2 0
github.com/auucoder/gptgrok2api-go/internal/provider/media.go:122.16,124.3 1 0
github.com/auucoder/gptgrok2api-go/internal/provider/media.go:125.2,126.16 2 0
github.com/auucoder/gptgrok2api-go/internal/provider/media.go:126.16,128.3 1 0
github.com/auucoder/gptgrok2api-go/internal/provider/media.go:129.2,131.12 3 0
github.com/auucoder/gptgrok2api-go/internal/provider/media.go:131.12,133.3 1 0
github.com/auucoder/gptgrok2api-go/internal/provider/media.go:134.2,135.16 2 0
github.com/auucoder/gptgrok2api-go/internal/provider/media.go:135.16,137.3 1 0
github.com/auucoder/gptgrok2api-go/internal/provider/media.go:138.2,138.61 1 0
github.com/auucoder/gptgrok2api-go/internal/provider/media.go:138.61,142.3 3 0
github.com/auucoder/gptgrok2api-go/internal/provider/media.go:143.2,143.22 1 0
github.com/auucoder/gptgrok2api-go/internal/provider/media.go:146.93,148.18 2 0
github.com/auucoder/gptgrok2api-go/internal/provider/media.go:148.18,151.3 2 0
github.com/auucoder/gptgrok2api-go/internal/provider/media.go:152.2,157.34 6 0
github.com/auucoder/gptgrok2api-go/internal/provider/media.go:160.51,163.19 3 0
github.com/auucoder/gptgrok2api-go/internal/provider/media.go:163.19,165.3 1 0
github.com/auucoder/gptgrok2api-go/internal/provider/media.go:166.2,166.94 1 0
github.com/auucoder/gptgrok2api-go/internal/provider/media.go:169.53,170.18 1 0
github.com/auucoder/gptgrok2api-go/internal/provider/media.go:170.18,172.3 1 0
github.com/auucoder/gptgrok2api-go/internal/provider/media.go:173.2,173.62 1 0
github.com/auucoder/gptgrok2api-go/internal/provider/media.go:173.62,175.3 1 0
github.com/auucoder/gptgrok2api-go/internal/provider/media.go:176.2,176.17 1 0
github.com/auucoder/gptgrok2api-go/internal/provider/media.go:179.40,181.55 2 0
github.com/auucoder/gptgrok2api-go/internal/provider/media.go:182.14,183.21 1 0
github.com/auucoder/gptgrok2api-go/internal/provider/media.go:184.15,185.22 1 0
github.com/auucoder/gptgrok2api-go/internal/provider/media.go:186.14,187.21 1 0
github.com/auucoder/gptgrok2api-go/internal/provider/media.go:188.15,189.22 1 0
github.com/auucoder/gptgrok2api-go/internal/provider/media.go:190.10,191.22 1 0
github.com/auucoder/gptgrok2api-go/internal/provider/openai_account.go:53.156,54.19 1 1
github.com/auucoder/gptgrok2api-go/internal/provider/openai_account.go:54.19,56.3 1 0
github.com/auucoder/gptgrok2api-go/internal/provider/openai_account.go:57.2,58.24 2 1
github.com/auucoder/gptgrok2api-go/internal/provider/openai_account.go:58.24,60.3 1 1
github.com/auucoder/gptgrok2api-go/internal/provider/openai_account.go:61.2,71.3 1 1
github.com/auucoder/gptgrok2api-go/internal/provider/openai_account.go:102.121,104.23 2 1
github.com/auucoder/gptgrok2api-go/internal/provider/openai_account.go:104.23,106.3 1 0
github.com/auucoder/gptgrok2api-go/internal/provider/openai_account.go:107.2,112.151 3 1
github.com/auucoder/gptgrok2api-go/internal/provider/openai_account.go:112.151,113.98 1 0
github.com/auucoder/gptgrok2api-go/internal/provider/openai_account.go:113.98,118.4 4 0
github.com/auucoder/gptgrok2api-go/internal/provider/openai_account.go:121.2,122.87 2 1
github.com/auucoder/gptgrok2api-go/internal/provider/openai_account.go:122.87,124.24 2 1
github.com/auucoder/gptgrok2api-go/internal/provider/openai_account.go:124.24,126.4 1 0
github.com/auucoder/gptgrok2api-go/internal/provider/openai_account.go:127.3,131.59 5 1
github.com/auucoder/gptgrok2api-go/internal/provider/openai_account.go:133.2,133.16 1 1
github.com/auucoder/gptgrok2api-go/internal/provider/openai_account.go:133.16,135.3 1 0
github.com/auucoder/gptgrok2api-go/internal/provider/openai_account.go:136.2,137.21 2 1
github.com/auucoder/gptgrok2api-go/internal/provider/openai_account.go:143.125,145.24 2 0
github.com/auucoder/gptgrok2api-go/internal/provider/openai_account.go:145.24,147.3 1 0
github.com/auucoder/gptgrok2api-go/internal/provider/openai_account.go:148.2,149.16 2 0
github.com/auucoder/gptgrok2api-go/internal/provider/openai_account.go:149.16,151.3 1 0
github.com/auucoder/gptgrok2api-go/internal/provider/openai_account.go:152.2,153.16 2 0
github.com/auucoder/gptgrok2api-go/internal/provider/openai_account.go:153.16,155.3 1 0
github.com/auucoder/gptgrok2api-go/internal/provider/openai_account.go:156.2,157.21 2 0
github.com/auucoder/gptgrok2api-go/internal/provider/openai_account.go:160.134,162.16 2 1
github.com/auucoder/gptgrok2api-go/internal/provider/openai_account.go:162.16,164.3 1 1
github.com/auucoder/gptgrok2api-go/internal/provider/openai_account.go:165.2,166.16 2 1
github.com/auucoder/gptgrok2api-go/internal/provider/openai_account.go:166.16,168.3 1 0
github.com/auucoder/gptgrok2api-go/internal/provider/openai_account.go:169.2,170.16 2 1
github.com/auucoder/gptgrok2api-go/internal/provider/openai_account.go:170.16,172.3 1 0
github.com/auucoder/gptgrok2api-go/internal/provider/openai_account.go:173.2,176.20 4 1
github.com/auucoder/gptgrok2api-go/internal/provider/openai_account.go:176.20,178.3 1 0
github.com/auucoder/gptgrok2api-go/internal/provider/openai_account.go:179.2,180.70 2 1
github.com/auucoder/gptgrok2api-go/internal/provider/openai_account.go:180.70,182.3 1 0
github.com/auucoder/gptgrok2api-go/internal/provider/openai_account.go:183.2,193.8 1 1
github.com/auucoder/gptgrok2api-go/internal/provider/openai_account.go:196.120,198.2 1 1
github.com/auucoder/gptgrok2api-go/internal/provider/openai_account.go:200.134,204.2 1 1
github.com/auucoder/gptgrok2api-go/internal/provider/openai_account.go:206.132,208.16 2 1
github.com/auucoder/gptgrok2api-go/internal/provider/openai_account.go:208.16,210.3 1 0
github.com/auucoder/gptgrok2api-go/internal/provider/openai_account.go:211.2,214.19 4 1
github.com/auucoder/gptgrok2api-go/internal/provider/openai_account.go:214.19,216.3 1 0
github.com/auucoder/gptgrok2api-go/internal/provider/openai_account.go:217.2,217.20 1 1
github.com/auucoder/gptgrok2api-go/internal/provider/openai_account.go:220.146,222.17 2 1
github.com/auucoder/gptgrok2api-go/internal/provider/openai_account.go:222.17,224.17 2 1
github.com/auucoder/gptgrok2api-go/internal/provider/openai_account.go:224.17,226.4 1 0
github.com/auucoder/gptgrok2api-go/internal/provider/openai_account.go:227.3,227.16 1 1
github.com/auucoder/gptgrok2api-go/internal/provider/openai_account.go:231.2,232.79 2 1
github.com/auucoder/gptgrok2api-go/internal/provider/openai_account.go:232.79,234.3 1 1
github.com/auucoder/gptgrok2api-go/internal/provider/openai_account.go:235.2,236.70 2 1
github.com/auucoder/gptgrok2api-go/internal/provider/openai_account.go:236.70,238.21 2 1
github.com/auucoder/gptgrok2api-go/internal/provider/openai_account.go:238.21,240.4 1 1
github.com/auucoder/gptgrok2api-go/internal/provider/openai_account.go:241.3,242.17 2 1
github.com/auucoder/gptgrok2api-go/internal/provider/openai_account.go:242.17,244.4 1 0
github.com/auucoder/gptgrok2api-go/internal/provider/openai_account.go:245.3,246.21 2 1
github.com/auucoder/gptgrok2api-go/internal/provider/openai_account.go:246.21,248.4 1 1
github.com/auucoder/gptgrok2api-go/internal/provider/openai_account.go:249.3,249.26 1 1
github.com/auucoder/gptgrok2api-go/internal/provider/openai_account.go:249.26,251.4 1 1
github.com/auucoder/gptgrok2api-go/internal/provider/openai_account.go:252.3,252.29 1 1
github.com/auucoder/gptgrok2api-go/internal/provider/openai_account.go:252.29,254.4 1 1
github.com/auucoder/gptgrok2api-go/internal/provider/openai_account.go:255.3,255.36 1 1
github.com/auucoder/gptgrok2api-go/internal/provider/openai_account.go:257.2,258.16 2 1
github.com/auucoder/gptgrok2api-go/internal/provider/openai_account.go:258.16,260.3 1 0
github.com/auucoder/gptgrok2api-go/internal/provider/openai_account.go:261.2,261.98 1 1
github.com/auucoder/gptgrok2api-go/internal/provider/openai_account.go:261.98,263.137 2 1
github.com/auucoder/gptgrok2api-go/internal/provider/openai_account.go:263.137,265.18 2 1
github.com/auucoder/gptgrok2api-go/internal/provider/openai_account.go:265.18,267.5 1 0
github.com/auucoder/gptgrok2api-go/internal/provider/openai_account.go:270.2,271.52 2 1
github.com/auucoder/gptgrok2api-go/internal/provider/openai_account.go:271.52,273.3 1 1
github.com/auucoder/gptgrok2api-go/internal/provider/openai_account.go:274.2,274.61 1 1
github.com/auucoder/gptgrok2api-go/internal/provider/openai_account.go:274.61,277.3 2 0
github.com/auucoder/gptgrok2api-go/internal/provider/openai_account.go:278.2,279.70 2 1
github.com/auucoder/gptgrok2api-go/internal/provider/openai_account.go:279.70,281.3 1 0
github.com/auucoder/gptgrok2api-go/internal/provider/openai_account.go:282.2,282.19 1 1
github.com/auucoder/gptgrok2api-go/internal/provider/openai_account.go:285.101,286.33 1 1
github.com/auucoder/gptgrok2api-go/internal/provider/openai_account.go:286.33,288.3 1 1
github.com/auucoder/gptgrok2api-go/internal/provider/openai_account.go:289.2,290.16 2 0
github.com/auucoder/gptgrok2api-go/internal/provider/openai_account.go:290.16,292.3 1 0
github.com/auucoder/gptgrok2api-go/internal/provider/openai_account.go:293.2,293.24 1 0
github.com/auucoder/gptgrok2api-go/internal/provider/openai_account.go:296.81,299.53 3 0
github.com/auucoder/gptgrok2api-go/internal/provider/openai_account.go:299.53,301.3 1 0
github.com/auucoder/gptgrok2api-go/internal/provider/openai_account.go:302.2,303.18 2 0
github.com/auucoder/gptgrok2api-go/internal/provider/openai_account.go:303.18,305.3 1 0
github.com/auucoder/gptgrok2api-go/internal/provider/openai_account.go:306.2,307.16 2 0
github.com/auucoder/gptgrok2api-go/internal/provider/openai_account.go:307.16,309.3 1 0
github.com/auucoder/gptgrok2api-go/internal/provider/openai_account.go:310.2,311.21 2 0
github.com/auucoder/gptgrok2api-go/internal/provider/openai_account.go:314.43,316.62 2 1
github.com/auucoder/gptgrok2api-go/internal/provider/openai_account.go:316.62,318.3 1 1
github.com/auucoder/gptgrok2api-go/internal/provider/openai_account.go:319.2,320.73 2 1
github.com/auucoder/gptgrok2api-go/internal/provider/openai_account.go:323.80,327.2 3 1
github.com/auucoder/gptgrok2api-go/internal/provider/openai_account.go:329.180,332.84 3 1
github.com/auucoder/gptgrok2api-go/internal/provider/openai_account.go:332.84,334.3 1 0
github.com/auucoder/gptgrok2api-go/internal/provider/openai_account.go:335.2,336.18 2 1
github.com/auucoder/gptgrok2api-go/internal/provider/openai_account.go:336.18,338.3 1 0
github.com/auucoder/gptgrok2api-go/internal/provider/openai_account.go:339.2,342.48 4 1
github.com/auucoder/gptgrok2api-go/internal/provider/openai_account.go:342.48,344.3 1 0
github.com/auucoder/gptgrok2api-go/internal/provider/openai_account.go:345.2,356.40 5 1
github.com/auucoder/gptgrok2api-go/internal/provider/openai_account.go:356.40,357.41 1 1
github.com/auucoder/gptgrok2api-go/internal/provider/openai_account.go:357.41,359.4 1 1
github.com/auucoder/gptgrok2api-go/internal/provider/openai_account.go:361.2,362.20 2 1
github.com/auucoder/gptgrok2api-go/internal/provider/openai_account.go:362.20,364.3 1 0
github.com/auucoder/gptgrok2api-go/internal/provider/openai_account.go:365.2,366.16 2 1
github.com/auucoder/gptgrok2api-go/internal/provider/openai_account.go:366.16,368.3 1 0
github.com/auucoder/gptgrok2api-go/internal/provider/openai_account.go:369.2,370.16 2 1
github.com/auucoder/gptgrok2api-go/internal/provider/openai_account.go:370.16,372.3 1 0
github.com/auucoder/gptgrok2api-go/internal/provider/openai_account.go:373.2,384.16 5 1
github.com/auucoder/gptgrok2api-go/internal/provider/openai_account.go:384.16,386.3 1 0
github.com/auucoder/gptgrok2api-go/internal/provider/openai_account.go:387.2,388.61 2 1
github.com/auucoder/gptgrok2api-go/internal/provider/openai_account.go:388.61,390.3 1 0
github.com/auucoder/gptgrok2api-go/internal/provider/openai_account.go:391.2,392.94 2 1
github.com/auucoder/gptgrok2api-go/internal/provider/openai_account.go:392.94,394.3 1 0
github.com/auucoder/gptgrok2api-go/internal/provider/openai_account.go:395.2,395.64 1 1
github.com/auucoder/gptgrok2api-go/internal/provider/openai_account.go:395.64,397.3 1 0
github.com/auucoder/gptgrok2api-go/internal/provider/openai_account.go:398.2,399.49 2 1
github.com/auucoder/gptgrok2api-go/internal/provider/openai_account.go:399.49,400.43 1 1
github.com/auucoder/gptgrok2api-go/internal/provider/openai_account.go:400.43,402.4 1 1
github.com/auucoder/gptgrok2api-go/internal/provider/openai_account.go:404.2,405.51 2 1
github.com/auucoder/gptgrok2api-go/internal/provider/openai_account.go:405.51,407.19 2 0
github.com/auucoder/gptgrok2api-go/internal/provider/openai_account.go:407.19,409.4 1 0
github.com/auucoder/gptgrok2api-go/internal/provider/openai_account.go:410.3,410.47 1 0
github.com/auucoder/gptgrok2api-go/internal/provider/openai_account.go:412.2,413.20 2 1
github.com/auucoder/gptgrok2api-go/internal/provider/openai_account.go:416.140,422.16 6 1
github.com/auucoder/gptgrok2api-go/internal/provider/openai_account.go:422.16,424.3 1 0
github.com/auucoder/gptgrok2api-go/internal/provider/openai_account.go:425.2,429.16 5 1
github.com/auucoder/gptgrok2api-go/internal/provider/openai_account.go:429.16,431.3 1 0
github.com/auucoder/gptgrok2api-go/internal/provider/openai_account.go:432.2,436.63 5 1
github.com/auucoder/gptgrok2api-go/internal/provider/openai_account.go:436.63,439.3 2 0
github.com/auucoder/gptgrok2api-go/internal/provider/openai_account.go:440.2,440.146 1 1
github.com/auucoder/gptgrok2api-go/internal/provider/openai_account.go:443.71,444.20 1 1
github.com/auucoder/gptgrok2api-go/internal/provider/openai_account.go:444.20,446.3 1 1
github.com/auucoder/gptgrok2api-go/internal/provider/openai_account.go:447.2,447.40 1 1
github.com/auucoder/gptgrok2api-go/internal/provider/openai_account.go:450.86,480.85 30 1
github.com/auucoder/gptgrok2api-go/internal/provider/openai_account.go:480.85,482.3 1 0
github.com/auucoder/gptgrok2api-go/internal/provider/openai_account.go:485.54,486.28 1 1
github.com/auucoder/gptgrok2api-go/internal/provider/openai_account.go:486.28,488.59 2 1
github.com/auucoder/gptgrok2api-go/internal/provider/openai_account.go:488.59,489.12 1 0
github.com/auucoder/gptgrok2api-go/internal/provider/openai_account.go:491.3,492.43 2 1
github.com/auucoder/gptgrok2api-go/internal/provider/openai_account.go:494.2,494.21 1 0
github.com/auucoder/gptgrok2api-go/internal/provider/openai_account.go:497.43,499.21 2 1
github.com/auucoder/gptgrok2api-go/internal/provider/openai_account.go:499.21,501.3 1 1
github.com/auucoder/gptgrok2api-go/internal/provider/openai_account.go:502.2,503.16 2 0
github.com/auucoder/gptgrok2api-go/internal/provider/openai_account.go:503.16,505.3 1 0
github.com/auucoder/gptgrok2api-go/internal/provider/openai_account.go:506.2,507.41 2 0
github.com/auucoder/gptgrok2api-go/internal/provider/openai_account.go:507.41,509.3 1 0
github.com/auucoder/gptgrok2api-go/internal/provider/openai_account.go:510.2,511.78 2 0
github.com/auucoder/gptgrok2api-go/internal/provider/openai_account.go:514.60,515.27 1 1
github.com/auucoder/gptgrok2api-go/internal/provider/openai_account.go:515.27,516.75 1 1
github.com/auucoder/gptgrok2api-go/internal/provider/openai_account.go:516.75,518.4 1 1
github.com/auucoder/gptgrok2api-go/internal/provider/openai_account.go:520.2,520.11 1 1
github.com/auucoder/gptgrok2api-go/internal/provider/openai_account.go:523.30,524.31 1 1
github.com/auucoder/gptgrok2api-go/internal/provider/openai_account.go:525.11,526.15 1 0
github.com/auucoder/gptgrok2api-go/internal/provider/openai_account.go:527.13,528.20 1 0
github.com/auucoder/gptgrok2api-go/internal/provider/openai_account.go:529.15,530.20 1 1
github.com/auucoder/gptgrok2api-go/internal/provider/openai_account.go:531.19,533.21 2 0
github.com/auucoder/gptgrok2api-go/internal/provider/openai_account.go:534.10,537.16 3 0
github.com/auucoder/gptgrok2api-go/internal/provider/openai_account.go:541.25,543.47 2 1
github.com/auucoder/gptgrok2api-go/internal/provider/openai_account.go:543.47,553.3 3 1
github.com/auucoder/gptgrok2api-go/internal/provider/openai_account.go:554.2,554.94 1 0
github.com/auucoder/gptgrok2api-go/internal/provider/openai_account.go:568.71,582.34 3 1
github.com/auucoder/gptgrok2api-go/internal/provider/openai_account.go:582.34,583.70 1 1
github.com/auucoder/gptgrok2api-go/internal/provider/openai_account.go:583.70,585.4 1 1
github.com/auucoder/gptgrok2api-go/internal/provider/openai_account.go:587.2,587.51 1 1
github.com/auucoder/gptgrok2api-go/internal/provider/openai_account.go:587.51,588.31 1 0
github.com/auucoder/gptgrok2api-go/internal/provider/openai_account.go:588.31,589.71 1 0
github.com/auucoder/gptgrok2api-go/internal/provider/openai_account.go:589.71,591.5 1 0
github.com/auucoder/gptgrok2api-go/internal/provider/openai_account.go:594.2,594.71 1 1
github.com/auucoder/gptgrok2api-go/internal/provider/openai_account.go:594.71,596.3 1 0
github.com/auucoder/gptgrok2api-go/internal/provider/openai_account.go:597.2,597.74 1 1
github.com/auucoder/gptgrok2api-go/internal/provider/openai_account.go:597.74,599.3 1 0
github.com/auucoder/gptgrok2api-go/internal/provider/openai_account.go:600.2,600.75 1 1
github.com/auucoder/gptgrok2api-go/internal/provider/openai_account.go:600.75,602.3 1 0
github.com/auucoder/gptgrok2api-go/internal/provider/openai_account.go:603.2,603.70 1 1
github.com/auucoder/gptgrok2api-go/internal/provider/openai_account.go:603.70,605.3 1 0
github.com/auucoder/gptgrok2api-go/internal/provider/openai_account.go:606.2,606.83 1 1
github.com/auucoder/gptgrok2api-go/internal/provider/openai_account.go:606.83,608.3 1 0
github.com/auucoder/gptgrok2api-go/internal/provider/openai_account.go:609.2,609.88 1 1
github.com/auucoder/gptgrok2api-go/internal/provider/openai_account.go:609.88,611.3 1 0
github.com/auucoder/gptgrok2api-go/internal/provider/openai_account.go:612.2,612.77 1 1
github.com/auucoder/gptgrok2api-go/internal/provider/openai_account.go:612.77,614.3 1 0
github.com/auucoder/gptgrok2api-go/internal/provider/openai_account.go:615.2,615.79 1 1
github.com/auucoder/gptgrok2api-go/internal/provider/openai_account.go:615.79,617.3 1 0
github.com/auucoder/gptgrok2api-go/internal/provider/openai_account.go:618.2,618.20 1 1
github.com/auucoder/gptgrok2api-go/internal/provider/openai_account.go:621.73,622.58 1 1
github.com/auucoder/gptgrok2api-go/internal/provider/openai_account.go:622.58,624.3 1 0
github.com/auucoder/gptgrok2api-go/internal/provider/openai_account.go:625.2,625.11 1 1
github.com/auucoder/gptgrok2api-go/internal/provider/openai_browser.go:19.83,21.17 2 0
github.com/auucoder/gptgrok2api-go/internal/provider/openai_browser.go:21.17,23.3 1 0
github.com/auucoder/gptgrok2api-go/internal/provider/openai_browser.go:24.2,30.20 2 0
github.com/auucoder/gptgrok2api-go/internal/provider/openai_browser.go:30.20,32.3 1 0
github.com/auucoder/gptgrok2api-go/internal/provider/openai_browser.go:33.2,34.16 2 0
github.com/auucoder/gptgrok2api-go/internal/provider/openai_browser.go:34.16,36.3 1 0
github.com/auucoder/gptgrok2api-go/internal/provider/openai_browser.go:37.2,37.42 1 0
github.com/auucoder/gptgrok2api-go/internal/provider/openai_browser.go:40.75,42.16 2 0
github.com/auucoder/gptgrok2api-go/internal/provider/openai_browser.go:42.16,44.3 1 0
github.com/auucoder/gptgrok2api-go/internal/provider/openai_browser.go:45.2,51.16 6 0
github.com/auucoder/gptgrok2api-go/internal/provider/openai_browser.go:51.16,53.3 1 0
github.com/auucoder/gptgrok2api-go/internal/provider/openai_browser.go:54.2,54.44 1 0
github.com/auucoder/gptgrok2api-go/internal/provider/openai_browser.go:57.46,58.33 1 0
github.com/auucoder/gptgrok2api-go/internal/provider/openai_browser.go:58.33,60.3 1 0
github.com/auucoder/gptgrok2api-go/internal/provider/openai_browser.go:63.59,66.34 3 0
github.com/auucoder/gptgrok2api-go/internal/provider/openai_browser.go:66.34,68.39 2 0
github.com/auucoder/gptgrok2api-go/internal/provider/openai_browser.go:68.39,70.4 1 0
github.com/auucoder/gptgrok2api-go/internal/provider/openai_browser.go:72.2,72.20 1 0
github.com/auucoder/gptgrok2api-go/internal/provider/openai_browser.go:72.20,74.3 1 0
github.com/auucoder/gptgrok2api-go/internal/provider/openai_browser.go:75.2,75.15 1 0
github.com/auucoder/gptgrok2api-go/internal/provider/openai_browser.go:78.69,93.24 2 0
github.com/auucoder/gptgrok2api-go/internal/provider/openai_browser.go:93.24,95.3 1 0
github.com/auucoder/gptgrok2api-go/internal/provider/openai_browser.go:96.2,96.15 1 0
github.com/auucoder/gptgrok2api-go/internal/provider/openai_browser.go:99.57,101.34 2 0
github.com/auucoder/gptgrok2api-go/internal/provider/openai_browser.go:101.34,102.66 1 0
github.com/auucoder/gptgrok2api-go/internal/provider/openai_browser.go:102.66,103.12 1 0
github.com/auucoder/gptgrok2api-go/internal/provider/openai_browser.go:105.3,105.49 1 0
github.com/auucoder/gptgrok2api-go/internal/provider/openai_browser.go:107.2,107.15 1 0
github.com/auucoder/gptgrok2api-go/internal/provider/openai_browser.go:112.44,112.64 1 0
github.com/auucoder/gptgrok2api-go/internal/provider/openai_chat.go:22.52,24.2 1 0
github.com/auucoder/gptgrok2api-go/internal/provider/openai_chat.go:32.132,35.75 3 0
github.com/auucoder/gptgrok2api-go/internal/provider/openai_chat.go:35.75,39.3 3 0
github.com/auucoder/gptgrok2api-go/internal/provider/openai_chat.go:40.2,40.46 1 0
github.com/auucoder/gptgrok2api-go/internal/provider/openai_chat.go:43.149,44.32 1 0
github.com/auucoder/gptgrok2api-go/internal/provider/openai_chat.go:44.32,46.3 1 0
github.com/auucoder/gptgrok2api-go/internal/provider/openai_chat.go:47.2,48.16 2 0
github.com/auucoder/gptgrok2api-go/internal/provider/openai_chat.go:48.16,50.3 1 0
github.com/auucoder/gptgrok2api-go/internal/provider/openai_chat.go:51.2,52.16 2 0
github.com/auucoder/gptgrok2api-go/internal/provider/openai_chat.go:52.16,54.3 1 0
github.com/auucoder/gptgrok2api-go/internal/provider/openai_chat.go:55.2,59.16 5 0
github.com/auucoder/gptgrok2api-go/internal/provider/openai_chat.go:59.16,61.3 1 0
github.com/auucoder/gptgrok2api-go/internal/provider/openai_chat.go:62.2,67.21 5 0
github.com/auucoder/gptgrok2api-go/internal/provider/openai_chat.go:67.21,69.54 2 0
github.com/auucoder/gptgrok2api-go/internal/provider/openai_chat.go:69.54,70.12 1 0
github.com/auucoder/gptgrok2api-go/internal/provider/openai_chat.go:72.3,72.39 1 0
github.com/auucoder/gptgrok2api-go/internal/provider/openai_chat.go:72.39,74.4 1 0
github.com/auucoder/gptgrok2api-go/internal/provider/openai_chat.go:75.3,75.23 1 0
github.com/auucoder/gptgrok2api-go/internal/provider/openai_chat.go:75.23,77.4 1 0
github.com/auucoder/gptgrok2api-go/internal/provider/openai_chat.go:78.3,78.36 1 0
github.com/auucoder/gptgrok2api-go/internal/provider/openai_chat.go:78.36,79.12 1 0
github.com/auucoder/gptgrok2api-go/internal/provider/openai_chat.go:81.3,82.62 2 0
github.com/auucoder/gptgrok2api-go/internal/provider/openai_chat.go:82.62,83.12 1 0
github.com/auucoder/gptgrok2api-go/internal/provider/openai_chat.go:85.3,86.22 2 0
github.com/auucoder/gptgrok2api-go/internal/provider/openai_chat.go:86.22,88.4 1 0
github.com/auucoder/gptgrok2api-go/internal/provider/openai_chat.go:89.3,89.61 1 0
github.com/auucoder/gptgrok2api-go/internal/provider/openai_chat.go:89.61,90.41 1 0
github.com/auucoder/gptgrok2api-go/internal/provider/openai_chat.go:90.41,92.5 1 0
github.com/auucoder/gptgrok2api-go/internal/provider/openai_chat.go:95.2,95.38 1 0
github.com/auucoder/gptgrok2api-go/internal/provider/openai_chat.go:95.38,97.3 1 0
github.com/auucoder/gptgrok2api-go/internal/provider/openai_chat.go:98.2,98.45 1 0
github.com/auucoder/gptgrok2api-go/internal/provider/openai_chat.go:105.69,107.46 2 1
github.com/auucoder/gptgrok2api-go/internal/provider/openai_chat.go:107.46,108.50 1 1
github.com/auucoder/gptgrok2api-go/internal/provider/openai_chat.go:108.50,114.4 1 1
github.com/auucoder/gptgrok2api-go/internal/provider/openai_chat.go:115.3,115.59 1 0
github.com/auucoder/gptgrok2api-go/internal/provider/openai_chat.go:115.59,117.107 2 0
github.com/auucoder/gptgrok2api-go/internal/provider/openai_chat.go:117.107,119.5 1 0
github.com/auucoder/gptgrok2api-go/internal/provider/openai_chat.go:120.4,124.5 1 0
github.com/auucoder/gptgrok2api-go/internal/provider/openai_chat.go:126.3,126.64 1 0
github.com/auucoder/gptgrok2api-go/internal/provider/openai_chat.go:126.64,128.4 1 0
github.com/auucoder/gptgrok2api-go/internal/provider/openai_chat.go:128.9,128.78 1 0
github.com/auucoder/gptgrok2api-go/internal/provider/openai_chat.go:128.78,131.4 2 0
github.com/auucoder/gptgrok2api-go/internal/provider/openai_chat.go:132.3,132.79 1 0
github.com/auucoder/gptgrok2api-go/internal/provider/openai_chat.go:132.79,134.4 1 0
github.com/auucoder/gptgrok2api-go/internal/provider/openai_chat.go:136.2,136.19 1 0
github.com/auucoder/gptgrok2api-go/internal/provider/openai_chat.go:139.69,141.43 2 1
github.com/auucoder/gptgrok2api-go/internal/provider/openai_chat.go:141.43,143.17 2 1
github.com/auucoder/gptgrok2api-go/internal/provider/openai_chat.go:143.17,144.12 1 0
github.com/auucoder/gptgrok2api-go/internal/provider/openai_chat.go:146.3,147.17 2 1
github.com/auucoder/gptgrok2api-go/internal/provider/openai_chat.go:147.17,149.4 1 0
github.com/auucoder/gptgrok2api-go/internal/provider/openai_chat.go:150.3,155.5 1 1
github.com/auucoder/gptgrok2api-go/internal/provider/openai_chat.go:157.2,158.40 2 1
github.com/auucoder/gptgrok2api-go/internal/provider/openai_chat.go:158.40,160.3 1 0
github.com/auucoder/gptgrok2api-go/internal/provider/openai_chat.go:161.2,183.72 2 1
github.com/auucoder/gptgrok2api-go/internal/provider/openai_chat.go:183.72,185.3 1 0
github.com/auucoder/gptgrok2api-go/internal/provider/openai_chat.go:186.2,186.16 1 1
github.com/auucoder/gptgrok2api-go/internal/provider/openai_chat.go:189.42,190.31 1 1
github.com/auucoder/gptgrok2api-go/internal/provider/openai_chat.go:191.14,192.15 1 1
github.com/auucoder/gptgrok2api-go/internal/provider/openai_chat.go:193.13,195.29 2 0
github.com/auucoder/gptgrok2api-go/internal/provider/openai_chat.go:195.29,197.11 2 0
github.com/auucoder/gptgrok2api-go/internal/provider/openai_chat.go:197.11,198.13 1 0
github.com/auucoder/gptgrok2api-go/internal/provider/openai_chat.go:200.4,200.43 1 0
github.com/auucoder/gptgrok2api-go/internal/provider/openai_chat.go:200.43,202.5 1 0
github.com/auucoder/gptgrok2api-go/internal/provider/openai_chat.go:204.3,204.35 1 0
github.com/auucoder/gptgrok2api-go/internal/provider/openai_chat.go:205.10,206.12 1 0
github.com/auucoder/gptgrok2api-go/internal/provider/openai_chat.go:210.55,211.53 1 0
github.com/auucoder/gptgrok2api-go/internal/provider/openai_chat.go:211.53,213.10 2 0
github.com/auucoder/gptgrok2api-go/internal/provider/openai_chat.go:213.10,214.12 1 0
github.com/auucoder/gptgrok2api-go/internal/provider/openai_chat.go:216.3,217.10 2 0
github.com/auucoder/gptgrok2api-go/internal/provider/openai_chat.go:217.10,218.12 1 0
github.com/auucoder/gptgrok2api-go/internal/provider/openai_chat.go:220.3,221.94 2 0
github.com/auucoder/gptgrok2api-go/internal/provider/openai_chat.go:221.94,222.12 1 0
github.com/auucoder/gptgrok2api-go/internal/provider/openai_chat.go:224.3,227.30 4 0
github.com/auucoder/gptgrok2api-go/internal/provider/openai_chat.go:227.30,228.38 1 0
github.com/auucoder/gptgrok2api-go/internal/provider/openai_chat.go:228.38,230.5 1 0
github.com/auucoder/gptgrok2api-go/internal/provider/openai_chat.go:232.3,232.22 1 0
github.com/auucoder/gptgrok2api-go/internal/provider/openai_chat.go:232.22,233.49 1 0
github.com/auucoder/gptgrok2api-go/internal/provider/openai_chat.go:233.49,235.5 1 0
github.com/auucoder/gptgrok2api-go/internal/provider/openai_chat.go:237.3,237.21 1 0
github.com/auucoder/gptgrok2api-go/internal/provider/openai_chat.go:237.21,239.4 1 0
github.com/auucoder/gptgrok2api-go/internal/provider/openai_chat.go:241.2,241.11 1 0
github.com/auucoder/gptgrok2api-go/internal/provider/openai_chat.go:244.60,245.21 1 0
github.com/auucoder/gptgrok2api-go/internal/provider/openai_chat.go:245.21,247.3 1 0
github.com/auucoder/gptgrok2api-go/internal/provider/openai_chat.go:248.2,248.44 1 0
github.com/auucoder/gptgrok2api-go/internal/provider/openai_chat.go:248.44,252.3 3 0
github.com/auucoder/gptgrok2api-go/internal/provider/openai_chat.go:253.2,253.44 1 0
github.com/auucoder/gptgrok2api-go/internal/provider/openai_chat.go:253.44,255.3 1 0
github.com/auucoder/gptgrok2api-go/internal/provider/openai_chat.go:256.2,257.18 2 0
github.com/auucoder/gptgrok2api-go/internal/provider/openai_editable.go:64.167,66.36 2 0
github.com/auucoder/gptgrok2api-go/internal/provider/openai_editable.go:66.36,68.3 1 0
github.com/auucoder/gptgrok2api-go/internal/provider/openai_editable.go:69.2,69.39 1 0
github.com/auucoder/gptgrok2api-go/internal/provider/openai_editable.go:69.39,71.3 1 0
github.com/auucoder/gptgrok2api-go/internal/provider/openai_editable.go:72.2,73.19 2 0
github.com/auucoder/gptgrok2api-go/internal/provider/openai_editable.go:73.19,75.3 1 0
github.com/auucoder/gptgrok2api-go/internal/provider/openai_editable.go:76.2,76.57 1 0
github.com/auucoder/gptgrok2api-go/internal/provider/openai_editable.go:76.57,78.3 1 0
github.com/auucoder/gptgrok2api-go/internal/provider/openai_editable.go:79.2,80.16 2 0
github.com/auucoder/gptgrok2api-go/internal/provider/openai_editable.go:80.16,82.3 1 0
github.com/auucoder/gptgrok2api-go/internal/provider/openai_editable.go:83.2,84.16 2 0
github.com/auucoder/gptgrok2api-go/internal/provider/openai_editable.go:84.16,86.3 1 0
github.com/auucoder/gptgrok2api-go/internal/provider/openai_editable.go:87.2,88.16 2 0
github.com/auucoder/gptgrok2api-go/internal/provider/openai_editable.go:88.16,90.3 1 0
github.com/auucoder/gptgrok2api-go/internal/provider/openai_editable.go:91.2,92.16 2 0
github.com/auucoder/gptgrok2api-go/internal/provider/openai_editable.go:92.16,94.3 1 0
github.com/auucoder/gptgrok2api-go/internal/provider/openai_editable.go:95.2,96.16 2 0
github.com/auucoder/gptgrok2api-go/internal/provider/openai_editable.go:96.16,98.3 1 0
github.com/auucoder/gptgrok2api-go/internal/provider/openai_editable.go:99.2,100.16 2 0
github.com/auucoder/gptgrok2api-go/internal/provider/openai_editable.go:100.16,102.3 1 0
github.com/auucoder/gptgrok2api-go/internal/provider/openai_editable.go:103.2,104.54 2 0
github.com/auucoder/gptgrok2api-go/internal/provider/openai_editable.go:104.54,106.3 1 0
github.com/auucoder/gptgrok2api-go/internal/provider/openai_editable.go:107.2,108.16 2 0
github.com/auucoder/gptgrok2api-go/internal/provider/openai_editable.go:108.16,110.3 1 0
github.com/auucoder/gptgrok2api-go/internal/provider/openai_editable.go:111.2,112.16 2 0
github.com/auucoder/gptgrok2api-go/internal/provider/openai_editable.go:112.16,114.3 1 0
github.com/auucoder/gptgrok2api-go/internal/provider/openai_editable.go:115.2,115.102 1 0
github.com/auucoder/gptgrok2api-go/internal/provider/openai_editable.go:118.185,120.33 2 0
github.com/auucoder/gptgrok2api-go/internal/provider/openai_editable.go:120.33,122.3 1 0
github.com/auucoder/gptgrok2api-go/internal/provider/openai_editable.go:123.2,131.24 2 0
github.com/auucoder/gptgrok2api-go/internal/provider/openai_editable.go:131.24,133.3 1 0
github.com/auucoder/gptgrok2api-go/internal/provider/openai_editable.go:134.2,137.16 4 0
github.com/auucoder/gptgrok2api-go/internal/provider/openai_editable.go:137.16,139.3 1 0
github.com/auucoder/gptgrok2api-go/internal/provider/openai_editable.go:140.2,141.92 2 0
github.com/auucoder/gptgrok2api-go/internal/provider/openai_editable.go:141.92,143.3 1 0
github.com/auucoder/gptgrok2api-go/internal/provider/openai_editable.go:144.2,145.19 2 0
github.com/auucoder/gptgrok2api-go/internal/provider/openai_editable.go:145.19,147.3 1 0
github.com/auucoder/gptgrok2api-go/internal/provider/openai_editable.go:148.2,148.21 1 0
github.com/auucoder/gptgrok2api-go/internal/provider/openai_editable.go:151.192,154.33 3 0
github.com/auucoder/gptgrok2api-go/internal/provider/openai_editable.go:154.33,157.3 2 0
github.com/auucoder/gptgrok2api-go/internal/provider/openai_editable.go:158.2,160.25 3 0
github.com/auucoder/gptgrok2api-go/internal/provider/openai_editable.go:160.25,162.3 1 0
github.com/auucoder/gptgrok2api-go/internal/provider/openai_editable.go:163.2,164.26 2 0
github.com/auucoder/gptgrok2api-go/internal/provider/openai_editable.go:164.26,166.3 1 0
github.com/auucoder/gptgrok2api-go/internal/provider/openai_editable.go:167.2,179.16 6 0
github.com/auucoder/gptgrok2api-go/internal/provider/openai_editable.go:179.16,181.3 1 0
github.com/auucoder/gptgrok2api-go/internal/provider/openai_editable.go:182.2,186.21 5 0
github.com/auucoder/gptgrok2api-go/internal/provider/openai_editable.go:186.21,188.40 2 0
github.com/auucoder/gptgrok2api-go/internal/provider/openai_editable.go:188.40,189.12 1 0
github.com/auucoder/gptgrok2api-go/internal/provider/openai_editable.go:191.3,192.23 2 0
github.com/auucoder/gptgrok2api-go/internal/provider/openai_editable.go:192.23,193.9 1 0
github.com/auucoder/gptgrok2api-go/internal/provider/openai_editable.go:195.3,196.74 2 0
github.com/auucoder/gptgrok2api-go/internal/provider/openai_editable.go:196.74,198.4 1 0
github.com/auucoder/gptgrok2api-go/internal/provider/openai_editable.go:200.2,200.38 1 0
github.com/auucoder/gptgrok2api-go/internal/provider/openai_editable.go:200.38,202.3 1 0
github.com/auucoder/gptgrok2api-go/internal/provider/openai_editable.go:203.2,203.26 1 0
github.com/auucoder/gptgrok2api-go/internal/provider/openai_editable.go:203.26,205.3 1 0
github.com/auucoder/gptgrok2api-go/internal/provider/openai_editable.go:206.2,206.28 1 0
github.com/auucoder/gptgrok2api-go/internal/provider/openai_editable.go:209.149,211.30 2 0
github.com/auucoder/gptgrok2api-go/internal/provider/openai_editable.go:211.30,213.3 1 0
github.com/auucoder/gptgrok2api-go/internal/provider/openai_editable.go:214.2,215.34 2 0
github.com/auucoder/gptgrok2api-go/internal/provider/openai_editable.go:215.34,219.17 4 0
github.com/auucoder/gptgrok2api-go/internal/provider/openai_editable.go:219.17,221.98 2 0
github.com/auucoder/gptgrok2api-go/internal/provider/openai_editable.go:221.98,224.41 3 0
github.com/auucoder/gptgrok2api-go/internal/provider/openai_editable.go:224.41,226.6 1 0
github.com/auucoder/gptgrok2api-go/internal/provider/openai_editable.go:228.9,228.42 1 0
github.com/auucoder/gptgrok2api-go/internal/provider/openai_editable.go:228.42,230.4 1 0
github.com/auucoder/gptgrok2api-go/internal/provider/openai_editable.go:231.3,231.10 1 0
github.com/auucoder/gptgrok2api-go/internal/provider/openai_editable.go:232.21,233.25 1 0
github.com/auucoder/gptgrok2api-go/internal/provider/openai_editable.go:234.47,234.47 0 0
github.com/auucoder/gptgrok2api-go/internal/provider/openai_editable.go:237.2,237.171 1 0
github.com/auucoder/gptgrok2api-go/internal/provider/openai_editable.go:240.61,244.45 4 0
github.com/auucoder/gptgrok2api-go/internal/provider/openai_editable.go:244.45,245.34 1 0
github.com/auucoder/gptgrok2api-go/internal/provider/openai_editable.go:246.14,247.32 1 0
github.com/auucoder/gptgrok2api-go/internal/provider/openai_editable.go:247.32,249.5 1 0
github.com/auucoder/gptgrok2api-go/internal/provider/openai_editable.go:250.23,251.95 1 0
github.com/auucoder/gptgrok2api-go/internal/provider/openai_editable.go:251.95,253.5 1 0
github.com/auucoder/gptgrok2api-go/internal/provider/openai_editable.go:254.4,257.79 4 0
github.com/auucoder/gptgrok2api-go/internal/provider/openai_editable.go:257.79,260.5 2 0
github.com/auucoder/gptgrok2api-go/internal/provider/openai_editable.go:261.4,261.73 1 0
github.com/auucoder/gptgrok2api-go/internal/provider/openai_editable.go:261.73,263.5 1 0
github.com/auucoder/gptgrok2api-go/internal/provider/openai_editable.go:264.4,264.78 1 0
github.com/auucoder/gptgrok2api-go/internal/provider/openai_editable.go:264.78,266.5 1 0
github.com/auucoder/gptgrok2api-go/internal/provider/openai_editable.go:267.4,267.90 1 0
github.com/auucoder/gptgrok2api-go/internal/provider/openai_editable.go:267.90,269.35 2 0
github.com/auucoder/gptgrok2api-go/internal/provider/openai_editable.go:269.35,271.6 1 0
github.com/auucoder/gptgrok2api-go/internal/provider/openai_editable.go:271.11,274.6 2 0
github.com/auucoder/gptgrok2api-go/internal/provider/openai_editable.go:276.4,276.32 1 0
github.com/auucoder/gptgrok2api-go/internal/provider/openai_editable.go:276.32,278.5 1 0
github.com/auucoder/gptgrok2api-go/internal/provider/openai_editable.go:281.2,282.14 2 0
github.com/auucoder/gptgrok2api-go/internal/provider/openai_editable.go:285.79,293.2 7 0
github.com/auucoder/gptgrok2api-go/internal/provider/openai_editable.go:295.106,297.27 2 0
github.com/auucoder/gptgrok2api-go/internal/provider/openai_editable.go:297.27,300.117 3 0
github.com/auucoder/gptgrok2api-go/internal/provider/openai_editable.go:300.117,303.4 2 0
github.com/auucoder/gptgrok2api-go/internal/provider/openai_editable.go:304.3,304.143 1 0
github.com/auucoder/gptgrok2api-go/internal/provider/openai_editable.go:304.143,307.4 2 0
github.com/auucoder/gptgrok2api-go/internal/provider/openai_editable.go:308.3,308.95 1 0
github.com/auucoder/gptgrok2api-go/internal/provider/openai_editable.go:308.95,311.4 2 0
github.com/auucoder/gptgrok2api-go/internal/provider/openai_editable.go:313.2,313.25 1 0
github.com/auucoder/gptgrok2api-go/internal/provider/openai_editable.go:316.186,323.60 3 0
github.com/auucoder/gptgrok2api-go/internal/provider/openai_editable.go:323.60,325.3 1 0
github.com/auucoder/gptgrok2api-go/internal/provider/openai_editable.go:326.2,327.25 2 0
github.com/auucoder/gptgrok2api-go/internal/provider/openai_editable.go:327.25,329.3 1 0
github.com/auucoder/gptgrok2api-go/internal/provider/openai_editable.go:330.2,330.25 1 0
github.com/auucoder/gptgrok2api-go/internal/provider/openai_editable.go:330.25,333.3 2 0
github.com/auucoder/gptgrok2api-go/internal/provider/openai_editable.go:334.2,335.37 2 0
github.com/auucoder/gptgrok2api-go/internal/provider/openai_editable.go:335.37,337.31 2 0
github.com/auucoder/gptgrok2api-go/internal/provider/openai_editable.go:337.31,339.4 1 0
github.com/auucoder/gptgrok2api-go/internal/provider/openai_editable.go:340.3,342.17 3 0
github.com/auucoder/gptgrok2api-go/internal/provider/openai_editable.go:342.17,344.12 2 0
github.com/auucoder/gptgrok2api-go/internal/provider/openai_editable.go:346.3,347.39 2 0
github.com/auucoder/gptgrok2api-go/internal/provider/openai_editable.go:347.39,349.4 1 0
github.com/auucoder/gptgrok2api-go/internal/provider/openai_editable.go:350.3,350.16 1 0
github.com/auucoder/gptgrok2api-go/internal/provider/openai_editable.go:352.2,352.20 1 0
github.com/auucoder/gptgrok2api-go/internal/provider/openai_editable.go:352.20,354.3 1 0
github.com/auucoder/gptgrok2api-go/internal/provider/openai_editable.go:355.2,355.84 1 0
github.com/auucoder/gptgrok2api-go/internal/provider/openai_editable.go:358.184,362.16 4 0
github.com/auucoder/gptgrok2api-go/internal/provider/openai_editable.go:362.16,364.3 1 0
github.com/auucoder/gptgrok2api-go/internal/provider/openai_editable.go:365.2,366.60 2 0
github.com/auucoder/gptgrok2api-go/internal/provider/openai_editable.go:366.60,368.3 1 0
github.com/auucoder/gptgrok2api-go/internal/provider/openai_editable.go:369.2,369.62 1 0
github.com/auucoder/gptgrok2api-go/internal/provider/openai_editable.go:369.62,371.41 2 0
github.com/auucoder/gptgrok2api-go/internal/provider/openai_editable.go:371.41,373.25 2 0
github.com/auucoder/gptgrok2api-go/internal/provider/openai_editable.go:373.25,375.19 2 0
github.com/auucoder/gptgrok2api-go/internal/provider/openai_editable.go:375.19,377.6 1 0
github.com/auucoder/gptgrok2api-go/internal/provider/openai_editable.go:378.5,381.19 4 0
github.com/auucoder/gptgrok2api-go/internal/provider/openai_editable.go:381.19,383.6 1 0
github.com/auucoder/gptgrok2api-go/internal/provider/openai_editable.go:384.5,384.63 1 0
github.com/auucoder/gptgrok2api-go/internal/provider/openai_editable.go:384.63,386.6 1 0
github.com/auucoder/gptgrok2api-go/internal/provider/openai_editable.go:390.2,390.19 1 0
github.com/auucoder/gptgrok2api-go/internal/provider/openai_editable.go:390.19,392.3 1 0
github.com/auucoder/gptgrok2api-go/internal/provider/openai_editable.go:393.2,394.16 2 0
github.com/auucoder/gptgrok2api-go/internal/provider/openai_editable.go:394.16,396.3 1 0
github.com/auucoder/gptgrok2api-go/internal/provider/openai_editable.go:397.2,397.16 1 0
github.com/auucoder/gptgrok2api-go/internal/provider/openai_editable.go:397.16,399.3 1 0
github.com/auucoder/gptgrok2api-go/internal/provider/openai_editable.go:400.2,400.16 1 0
github.com/auucoder/gptgrok2api-go/internal/provider/openai_editable.go:400.16,401.63 1 0
github.com/auucoder/gptgrok2api-go/internal/provider/openai_editable.go:401.63,403.4 1 0
github.com/auucoder/gptgrok2api-go/internal/provider/openai_editable.go:405.2,406.16 2 0
github.com/auucoder/gptgrok2api-go/internal/provider/openai_editable.go:406.16,408.3 1 0
github.com/auucoder/gptgrok2api-go/internal/provider/openai_editable.go:408.8,408.37 1 0
github.com/auucoder/gptgrok2api-go/internal/provider/openai_editable.go:408.37,410.3 1 0
github.com/auucoder/gptgrok2api-go/internal/provider/openai_editable.go:411.2,411.74 1 0
github.com/auucoder/gptgrok2api-go/internal/provider/openai_editable.go:414.49,415.31 1 0
github.com/auucoder/gptgrok2api-go/internal/provider/openai_editable.go:416.22,417.54 1 0
github.com/auucoder/gptgrok2api-go/internal/provider/openai_editable.go:417.54,419.4 1 0
github.com/auucoder/gptgrok2api-go/internal/provider/openai_editable.go:420.3,420.31 1 0
github.com/auucoder/gptgrok2api-go/internal/provider/openai_editable.go:420.31,421.56 1 0
github.com/auucoder/gptgrok2api-go/internal/provider/openai_editable.go:421.56,423.5 1 0
github.com/auucoder/gptgrok2api-go/internal/provider/openai_editable.go:425.13,426.31 1 0
github.com/auucoder/gptgrok2api-go/internal/provider/openai_editable.go:426.31,427.56 1 0
github.com/auucoder/gptgrok2api-go/internal/provider/openai_editable.go:427.56,429.5 1 0
github.com/auucoder/gptgrok2api-go/internal/provider/openai_editable.go:431.14,433.52 2 0
github.com/auucoder/gptgrok2api-go/internal/provider/openai_editable.go:433.52,435.4 1 0
github.com/auucoder/gptgrok2api-go/internal/provider/openai_editable.go:437.2,437.11 1 0
github.com/auucoder/gptgrok2api-go/internal/provider/openai_editable.go:440.37,442.56 2 0
github.com/auucoder/gptgrok2api-go/internal/provider/openai_editable.go:442.56,444.3 1 0
github.com/auucoder/gptgrok2api-go/internal/provider/openai_editable.go:445.2,445.14 1 0
github.com/auucoder/gptgrok2api-go/internal/provider/openai_editable.go:448.57,449.14 1 0
github.com/auucoder/gptgrok2api-go/internal/provider/openai_editable.go:450.13,451.17 1 0
github.com/auucoder/gptgrok2api-go/internal/provider/openai_editable.go:452.13,453.16 1 0
github.com/auucoder/gptgrok2api-go/internal/provider/openai_editable.go:454.13,455.16 1 0
github.com/auucoder/gptgrok2api-go/internal/provider/openai_editable.go:457.2,457.76 1 0
github.com/auucoder/gptgrok2api-go/internal/provider/openai_editable.go:457.76,459.3 1 0
github.com/auucoder/gptgrok2api-go/internal/provider/openai_editable.go:460.2,460.11 1 0
github.com/auucoder/gptgrok2api-go/internal/provider/openai_editable.go:463.48,465.2 1 0
github.com/auucoder/gptgrok2api-go/internal/provider/openai_editable.go:467.50,469.16 2 0
github.com/auucoder/gptgrok2api-go/internal/provider/openai_editable.go:469.16,471.3 1 0
github.com/auucoder/gptgrok2api-go/internal/provider/openai_editable.go:472.2,472.49 1 0
github.com/auucoder/gptgrok2api-go/internal/provider/openai_editable.go:475.53,476.31 1 0
github.com/auucoder/gptgrok2api-go/internal/provider/openai_editable.go:476.31,477.37 1 0
github.com/auucoder/gptgrok2api-go/internal/provider/openai_editable.go:477.37,479.4 1 0
github.com/auucoder/gptgrok2api-go/internal/provider/openai_editable.go:481.2,481.11 1 0
github.com/auucoder/gptgrok2api-go/internal/provider/openai_editable.go:484.75,487.109 3 0
github.com/auucoder/gptgrok2api-go/internal/provider/openai_editable.go:487.109,491.3 3 0
github.com/auucoder/gptgrok2api-go/internal/provider/openai_editable.go:492.2,493.16 2 0
github.com/auucoder/gptgrok2api-go/internal/provider/openai_editable.go:493.16,495.3 1 0
github.com/auucoder/gptgrok2api-go/internal/provider/openai_editable.go:496.2,496.20 1 0
github.com/auucoder/gptgrok2api-go/internal/provider/openai_editable.go:496.20,498.3 1 0
github.com/auucoder/gptgrok2api-go/internal/provider/openai_editable.go:499.2,500.67 2 0
github.com/auucoder/gptgrok2api-go/internal/provider/openai_editable.go:500.67,502.3 1 0
github.com/auucoder/gptgrok2api-go/internal/provider/openai_editable.go:503.2,503.109 1 0
github.com/auucoder/gptgrok2api-go/internal/provider/openai_editable.go:506.72,508.35 2 0
github.com/auucoder/gptgrok2api-go/internal/provider/openai_editable.go:508.35,510.17 2 0
github.com/auucoder/gptgrok2api-go/internal/provider/openai_editable.go:510.17,512.4 1 0
github.com/auucoder/gptgrok2api-go/internal/provider/openai_editable.go:513.3,513.33 1 0
github.com/auucoder/gptgrok2api-go/internal/provider/openai_editable.go:515.2,515.20 1 0
github.com/auucoder/gptgrok2api-go/internal/provider/openai_image.go:68.95,69.21 1 0
github.com/auucoder/gptgrok2api-go/internal/provider/openai_image.go:69.21,71.3 1 0
github.com/auucoder/gptgrok2api-go/internal/provider/openai_image.go:72.2,72.71 1 0
github.com/auucoder/gptgrok2api-go/internal/provider/openai_image.go:76.97,77.21 1 0
github.com/auucoder/gptgrok2api-go/internal/provider/openai_image.go:77.21,79.3 1 0
github.com/auucoder/gptgrok2api-go/internal/provider/openai_image.go:80.2,80.72 1 0
github.com/auucoder/gptgrok2api-go/internal/provider/openai_image.go:83.84,84.107 1 1
github.com/auucoder/gptgrok2api-go/internal/provider/openai_image.go:84.107,86.3 1 0
github.com/auucoder/gptgrok2api-go/internal/provider/openai_image.go:89.68,90.109 1 1
github.com/auucoder/gptgrok2api-go/internal/provider/openai_image.go:90.109,92.3 1 0
github.com/auucoder/gptgrok2api-go/internal/provider/openai_image.go:108.123,109.19 1 1
github.com/auucoder/gptgrok2api-go/internal/provider/openai_image.go:109.19,111.3 1 1
github.com/auucoder/gptgrok2api-go/internal/provider/openai_image.go:112.2,112.18 1 1
github.com/auucoder/gptgrok2api-go/internal/provider/openai_image.go:112.18,114.3 1 0
github.com/auucoder/gptgrok2api-go/internal/provider/openai_image.go:115.2,121.3 1 1
github.com/auucoder/gptgrok2api-go/internal/provider/openai_image.go:124.70,126.2 1 0
github.com/auucoder/gptgrok2api-go/internal/provider/openai_image.go:128.178,129.44 1 1
github.com/auucoder/gptgrok2api-go/internal/provider/openai_image.go:129.44,131.3 1 0
github.com/auucoder/gptgrok2api-go/internal/provider/openai_image.go:132.2,132.37 1 1
github.com/auucoder/gptgrok2api-go/internal/provider/openai_image.go:132.37,134.3 1 0
github.com/auucoder/gptgrok2api-go/internal/provider/openai_image.go:135.2,135.51 1 1
github.com/auucoder/gptgrok2api-go/internal/provider/openai_image.go:135.51,137.3 1 0
github.com/auucoder/gptgrok2api-go/internal/provider/openai_image.go:138.2,139.19 2 1
github.com/auucoder/gptgrok2api-go/internal/provider/openai_image.go:139.19,141.3 1 0
github.com/auucoder/gptgrok2api-go/internal/provider/openai_image.go:142.2,142.20 1 1
github.com/auucoder/gptgrok2api-go/internal/provider/openai_image.go:142.20,146.24 4 0
github.com/auucoder/gptgrok2api-go/internal/provider/openai_image.go:146.24,148.4 1 0
github.com/auucoder/gptgrok2api-go/internal/provider/openai_image.go:149.3,149.36 1 0
github.com/auucoder/gptgrok2api-go/internal/provider/openai_image.go:149.36,151.4 1 0
github.com/auucoder/gptgrok2api-go/internal/provider/openai_image.go:152.3,155.16 4 0
github.com/auucoder/gptgrok2api-go/internal/provider/openai_image.go:155.16,155.63 1 0
github.com/auucoder/gptgrok2api-go/internal/provider/openai_image.go:157.2,160.16 4 1
github.com/auucoder/gptgrok2api-go/internal/provider/openai_image.go:160.16,162.3 1 0
github.com/auucoder/gptgrok2api-go/internal/provider/openai_image.go:163.2,163.21 1 1
github.com/auucoder/gptgrok2api-go/internal/provider/openai_image.go:163.21,166.3 2 1
github.com/auucoder/gptgrok2api-go/internal/provider/openai_image.go:168.2,170.16 3 1
github.com/auucoder/gptgrok2api-go/internal/provider/openai_image.go:170.16,172.3 1 0
github.com/auucoder/gptgrok2api-go/internal/provider/openai_image.go:173.2,178.16 5 1
github.com/auucoder/gptgrok2api-go/internal/provider/openai_image.go:178.16,180.3 1 0
github.com/auucoder/gptgrok2api-go/internal/provider/openai_image.go:181.2,186.16 5 1
github.com/auucoder/gptgrok2api-go/internal/provider/openai_image.go:186.16,188.3 1 0
github.com/auucoder/gptgrok2api-go/internal/provider/openai_image.go:189.2,194.16 5 1
github.com/auucoder/gptgrok2api-go/internal/provider/openai_image.go:194.16,196.3 1 0
github.com/auucoder/gptgrok2api-go/internal/provider/openai_image.go:197.2,199.49 3 1
github.com/auucoder/gptgrok2api-go/internal/provider/openai_image.go:199.49,201.3 1 0
github.com/auucoder/gptgrok2api-go/internal/provider/openai_image.go:205.2,205.26 1 1
github.com/auucoder/gptgrok2api-go/internal/provider/openai_image.go:205.26,208.17 3 1
github.com/auucoder/gptgrok2api-go/internal/provider/openai_image.go:208.17,210.4 1 0
github.com/auucoder/gptgrok2api-go/internal/provider/openai_image.go:211.3,211.58 1 1
github.com/auucoder/gptgrok2api-go/internal/provider/openai_image.go:213.2,213.25 1 1
github.com/auucoder/gptgrok2api-go/internal/provider/openai_image.go:213.25,215.3 1 0
github.com/auucoder/gptgrok2api-go/internal/provider/openai_image.go:216.2,221.33 6 1
github.com/auucoder/gptgrok2api-go/internal/provider/openai_image.go:221.33,222.23 1 1
github.com/auucoder/gptgrok2api-go/internal/provider/openai_image.go:222.23,224.4 1 1
github.com/auucoder/gptgrok2api-go/internal/provider/openai_image.go:226.2,226.31 1 1
github.com/auucoder/gptgrok2api-go/internal/provider/openai_image.go:226.31,227.26 1 1
github.com/auucoder/gptgrok2api-go/internal/provider/openai_image.go:227.26,229.4 1 1
github.com/auucoder/gptgrok2api-go/internal/provider/openai_image.go:235.2,235.55 1 1
github.com/auucoder/gptgrok2api-go/internal/provider/openai_image.go:235.55,241.63 3 1
github.com/auucoder/gptgrok2api-go/internal/provider/openai_image.go:241.63,242.12 1 0
github.com/auucoder/gptgrok2api-go/internal/provider/openai_image.go:244.3,247.17 4 1
github.com/auucoder/gptgrok2api-go/internal/provider/openai_image.go:247.17,249.12 2 1
github.com/auucoder/gptgrok2api-go/internal/provider/openai_image.go:253.3,253.45 1 1
github.com/auucoder/gptgrok2api-go/internal/provider/openai_image.go:253.45,254.12 1 0
github.com/auucoder/gptgrok2api-go/internal/provider/openai_image.go:256.3,261.5 3 1
github.com/auucoder/gptgrok2api-go/internal/provider/openai_image.go:263.2,263.22 1 1
github.com/auucoder/gptgrok2api-go/internal/provider/openai_image.go:263.22,265.3 1 1
github.com/auucoder/gptgrok2api-go/internal/provider/openai_image.go:266.2,266.23 1 1
github.com/auucoder/gptgrok2api-go/internal/provider/openai_image.go:266.23,267.29 1 1
github.com/auucoder/gptgrok2api-go/internal/provider/openai_image.go:267.29,269.4 1 1
github.com/auucoder/gptgrok2api-go/internal/provider/openai_image.go:270.3,270.83 1 0
github.com/auucoder/gptgrok2api-go/internal/provider/openai_image.go:272.2,272.21 1 1
github.com/auucoder/gptgrok2api-go/internal/provider/openai_image.go:275.142,276.22 1 1
github.com/auucoder/gptgrok2api-go/internal/provider/openai_image.go:276.22,278.3 1 1
github.com/auucoder/gptgrok2api-go/internal/provider/openai_image.go:279.2,283.28 5 1
github.com/auucoder/gptgrok2api-go/internal/provider/openai_image.go:283.28,285.3 1 1
github.com/auucoder/gptgrok2api-go/internal/provider/openai_image.go:286.2,293.50 7 1
github.com/auucoder/gptgrok2api-go/internal/provider/openai_image.go:293.50,294.13 1 1
github.com/auucoder/gptgrok2api-go/internal/provider/openai_image.go:294.13,296.28 2 1
github.com/auucoder/gptgrok2api-go/internal/provider/openai_image.go:296.28,297.31 1 1
github.com/auucoder/gptgrok2api-go/internal/provider/openai_image.go:297.31,299.6 1 0
github.com/auucoder/gptgrok2api-go/internal/provider/openai_image.go:300.5,301.25 2 1
github.com/auucoder/gptgrok2api-go/internal/provider/openai_image.go:301.25,302.24 1 0
github.com/auucoder/gptgrok2api-go/internal/provider/openai_image.go:302.24,305.7 2 0
github.com/auucoder/gptgrok2api-go/internal/provider/openai_image.go:306.6,306.12 1 0
github.com/auucoder/gptgrok2api-go/internal/provider/openai_image.go:308.5,308.28 1 1
github.com/auucoder/gptgrok2api-go/internal/provider/openai_image.go:312.2,313.21 2 1
github.com/auucoder/gptgrok2api-go/internal/provider/openai_image.go:313.21,315.3 1 0
github.com/auucoder/gptgrok2api-go/internal/provider/openai_image.go:316.2,316.24 1 1
github.com/auucoder/gptgrok2api-go/internal/provider/openai_image.go:321.51,322.50 1 1
github.com/auucoder/gptgrok2api-go/internal/provider/openai_image.go:323.19,324.21 1 1
github.com/auucoder/gptgrok2api-go/internal/provider/openai_image.go:325.19,326.21 1 1
github.com/auucoder/gptgrok2api-go/internal/provider/openai_image.go:327.19,328.21 1 1
github.com/auucoder/gptgrok2api-go/internal/provider/openai_image.go:329.19,330.21 1 0
github.com/auucoder/gptgrok2api-go/internal/provider/openai_image.go:331.10,332.33 1 1
github.com/auucoder/gptgrok2api-go/internal/provider/openai_image.go:336.177,338.18 2 1
github.com/auucoder/gptgrok2api-go/internal/provider/openai_image.go:338.18,340.3 1 0
github.com/auucoder/gptgrok2api-go/internal/provider/openai_image.go:341.2,341.45 1 1
github.com/auucoder/gptgrok2api-go/internal/provider/openai_image.go:341.45,343.3 1 0
github.com/auucoder/gptgrok2api-go/internal/provider/openai_image.go:344.2,344.24 1 1
github.com/auucoder/gptgrok2api-go/internal/provider/openai_image.go:344.24,346.3 1 0
github.com/auucoder/gptgrok2api-go/internal/provider/openai_image.go:347.2,348.16 2 1
github.com/auucoder/gptgrok2api-go/internal/provider/openai_image.go:348.16,350.3 1 0
github.com/auucoder/gptgrok2api-go/internal/provider/openai_image.go:351.2,351.44 1 1
github.com/auucoder/gptgrok2api-go/internal/provider/openai_image.go:351.44,353.3 1 0
github.com/auucoder/gptgrok2api-go/internal/provider/openai_image.go:354.2,356.49 3 1
github.com/auucoder/gptgrok2api-go/internal/provider/openai_image.go:356.49,358.3 1 0
github.com/auucoder/gptgrok2api-go/internal/provider/openai_image.go:359.2,359.63 1 1
github.com/auucoder/gptgrok2api-go/internal/provider/openai_image.go:359.63,361.3 1 0
github.com/auucoder/gptgrok2api-go/internal/provider/openai_image.go:362.2,363.41 2 1
github.com/auucoder/gptgrok2api-go/internal/provider/openai_image.go:363.41,365.3 1 1
github.com/auucoder/gptgrok2api-go/internal/provider/openai_image.go:366.2,366.26 1 1
github.com/auucoder/gptgrok2api-go/internal/provider/openai_image.go:366.26,368.3 1 1
github.com/auucoder/gptgrok2api-go/internal/provider/openai_image.go:369.2,369.52 1 0
github.com/auucoder/gptgrok2api-go/internal/provider/openai_image.go:388.106,390.16 2 1
github.com/auucoder/gptgrok2api-go/internal/provider/openai_image.go:390.16,392.3 1 0
github.com/auucoder/gptgrok2api-go/internal/provider/openai_image.go:393.2,394.61 2 1
github.com/auucoder/gptgrok2api-go/internal/provider/openai_image.go:394.61,396.3 1 0
github.com/auucoder/gptgrok2api-go/internal/provider/openai_image.go:397.2,398.16 2 1
github.com/auucoder/gptgrok2api-go/internal/provider/openai_image.go:398.16,400.3 1 0
github.com/auucoder/gptgrok2api-go/internal/provider/openai_image.go:401.2,403.66 3 1
github.com/auucoder/gptgrok2api-go/internal/provider/openai_image.go:403.66,404.21 1 1
github.com/auucoder/gptgrok2api-go/internal/provider/openai_image.go:404.21,405.12 1 0
github.com/auucoder/gptgrok2api-go/internal/provider/openai_image.go:407.3,408.40 2 1
github.com/auucoder/gptgrok2api-go/internal/provider/openai_image.go:408.40,410.4 1 1
github.com/auucoder/gptgrok2api-go/internal/provider/openai_image.go:412.2,412.23 1 1
github.com/auucoder/gptgrok2api-go/internal/provider/openai_image.go:412.23,414.3 1 0
github.com/auucoder/gptgrok2api-go/internal/provider/openai_image.go:415.2,416.113 2 1
github.com/auucoder/gptgrok2api-go/internal/provider/openai_image.go:416.113,418.3 1 1
github.com/auucoder/gptgrok2api-go/internal/provider/openai_image.go:419.2,419.28 1 1
github.com/auucoder/gptgrok2api-go/internal/provider/openai_image.go:422.147,426.16 4 1
github.com/auucoder/gptgrok2api-go/internal/provider/openai_image.go:426.16,428.3 1 0
github.com/auucoder/gptgrok2api-go/internal/provider/openai_image.go:429.2,430.90 2 1
github.com/auucoder/gptgrok2api-go/internal/provider/openai_image.go:430.90,432.3 1 0
github.com/auucoder/gptgrok2api-go/internal/provider/openai_image.go:433.2,434.92 2 1
github.com/auucoder/gptgrok2api-go/internal/provider/openai_image.go:434.92,436.3 1 0
github.com/auucoder/gptgrok2api-go/internal/provider/openai_image.go:437.2,438.90 2 1
github.com/auucoder/gptgrok2api-go/internal/provider/openai_image.go:438.90,440.15 2 0
github.com/auucoder/gptgrok2api-go/internal/provider/openai_image.go:440.15,442.18 2 0
github.com/auucoder/gptgrok2api-go/internal/provider/openai_image.go:442.18,444.5 1 0
github.com/auucoder/gptgrok2api-go/internal/provider/openai_image.go:447.2,453.16 3 1
github.com/auucoder/gptgrok2api-go/internal/provider/openai_image.go:453.16,455.3 1 0
github.com/auucoder/gptgrok2api-go/internal/provider/openai_image.go:456.2,457.93 2 1
github.com/auucoder/gptgrok2api-go/internal/provider/openai_image.go:457.93,459.3 1 0
github.com/auucoder/gptgrok2api-go/internal/provider/openai_image.go:460.2,461.17 2 1
github.com/auucoder/gptgrok2api-go/internal/provider/openai_image.go:461.17,463.3 1 0
github.com/auucoder/gptgrok2api-go/internal/provider/openai_image.go:464.2,464.132 1 1
github.com/auucoder/gptgrok2api-go/internal/provider/openai_image.go:467.149,487.16 3 1
github.com/auucoder/gptgrok2api-go/internal/provider/openai_image.go:487.16,489.3 1 0
github.com/auucoder/gptgrok2api-go/internal/provider/openai_image.go:490.2,491.89 2 1
github.com/auucoder/gptgrok2api-go/internal/provider/openai_image.go:491.89,493.3 1 0
github.com/auucoder/gptgrok2api-go/internal/provider/openai_image.go:494.2,495.17 2 1
github.com/auucoder/gptgrok2api-go/internal/provider/openai_image.go:495.17,497.3 1 0
github.com/auucoder/gptgrok2api-go/internal/provider/openai_image.go:498.2,498.19 1 1
github.com/auucoder/gptgrok2api-go/internal/provider/openai_image.go:501.216,504.33 3 1
github.com/auucoder/gptgrok2api-go/internal/provider/openai_image.go:504.33,514.3 2 1
github.com/auucoder/gptgrok2api-go/internal/provider/openai_image.go:515.2,517.25 3 1
github.com/auucoder/gptgrok2api-go/internal/provider/openai_image.go:517.25,519.3 1 1
github.com/auucoder/gptgrok2api-go/internal/provider/openai_image.go:520.2,527.26 2 1
github.com/auucoder/gptgrok2api-go/internal/provider/openai_image.go:527.26,529.3 1 1
github.com/auucoder/gptgrok2api-go/internal/provider/openai_image.go:530.2,558.16 6 1
github.com/auucoder/gptgrok2api-go/internal/provider/openai_image.go:558.16,560.3 1 0
github.com/auucoder/gptgrok2api-go/internal/provider/openai_image.go:561.2,564.59 4 1
github.com/auucoder/gptgrok2api-go/internal/provider/openai_image.go:564.59,566.41 2 1
github.com/auucoder/gptgrok2api-go/internal/provider/openai_image.go:566.41,568.4 1 0
github.com/auucoder/gptgrok2api-go/internal/provider/openai_image.go:569.3,570.15 2 1
github.com/auucoder/gptgrok2api-go/internal/provider/openai_image.go:572.2,572.16 1 1
github.com/auucoder/gptgrok2api-go/internal/provider/openai_image.go:572.16,574.3 1 0
github.com/auucoder/gptgrok2api-go/internal/provider/openai_image.go:575.2,575.52 1 1
github.com/auucoder/gptgrok2api-go/internal/provider/openai_image.go:578.128,580.18 2 1
github.com/auucoder/gptgrok2api-go/internal/provider/openai_image.go:580.18,582.3 1 0
github.com/auucoder/gptgrok2api-go/internal/provider/openai_image.go:583.2,583.40 1 1
github.com/auucoder/gptgrok2api-go/internal/provider/openai_image.go:583.40,584.78 1 0
github.com/auucoder/gptgrok2api-go/internal/provider/openai_image.go:584.78,586.4 1 0
github.com/auucoder/gptgrok2api-go/internal/provider/openai_image.go:588.2,590.34 3 1
github.com/auucoder/gptgrok2api-go/internal/provider/openai_image.go:590.34,592.17 2 1
github.com/auucoder/gptgrok2api-go/internal/provider/openai_image.go:592.17,596.20 4 1
github.com/auucoder/gptgrok2api-go/internal/provider/openai_image.go:596.20,598.5 1 1
github.com/auucoder/gptgrok2api-go/internal/provider/openai_image.go:599.4,599.68 1 0
github.com/auucoder/gptgrok2api-go/internal/provider/openai_image.go:599.68,601.5 1 0
github.com/auucoder/gptgrok2api-go/internal/provider/openai_image.go:602.4,602.74 1 0
github.com/auucoder/gptgrok2api-go/internal/provider/openai_image.go:603.9,603.42 1 1
github.com/auucoder/gptgrok2api-go/internal/provider/openai_image.go:603.42,605.4 1 0
github.com/auucoder/gptgrok2api-go/internal/provider/openai_image.go:605.9,607.4 1 1
github.com/auucoder/gptgrok2api-go/internal/provider/openai_image.go:608.3,609.58 2 1
github.com/auucoder/gptgrok2api-go/internal/provider/openai_image.go:609.58,611.4 1 1
github.com/auucoder/gptgrok2api-go/internal/provider/openai_image.go:612.3,612.15 1 1
github.com/auucoder/gptgrok2api-go/internal/provider/openai_image.go:612.15,613.11 1 1
github.com/auucoder/gptgrok2api-go/internal/provider/openai_image.go:614.22,615.151 1 0
github.com/auucoder/gptgrok2api-go/internal/provider/openai_image.go:616.28,616.28 0 1
github.com/auucoder/gptgrok2api-go/internal/provider/openai_image.go:620.2,621.20 2 1
github.com/auucoder/gptgrok2api-go/internal/provider/openai_image.go:621.20,623.3 1 1
github.com/auucoder/gptgrok2api-go/internal/provider/openai_image.go:624.2,624.105 1 1
github.com/auucoder/gptgrok2api-go/internal/provider/openai_image.go:627.127,628.59 1 1
github.com/auucoder/gptgrok2api-go/internal/provider/openai_image.go:628.59,632.17 4 1
github.com/auucoder/gptgrok2api-go/internal/provider/openai_image.go:632.17,634.4 1 1
github.com/auucoder/gptgrok2api-go/internal/provider/openai_image.go:635.3,636.82 2 1
github.com/auucoder/gptgrok2api-go/internal/provider/openai_image.go:636.82,638.4 1 0
github.com/auucoder/gptgrok2api-go/internal/provider/openai_image.go:639.3,639.20 1 1
github.com/auucoder/gptgrok2api-go/internal/provider/openai_image.go:641.2,642.56 2 1
github.com/auucoder/gptgrok2api-go/internal/provider/openai_image.go:642.56,644.3 1 1
github.com/auucoder/gptgrok2api-go/internal/provider/openai_image.go:645.2,647.19 3 1
github.com/auucoder/gptgrok2api-go/internal/provider/openai_image.go:647.19,649.3 1 1
github.com/auucoder/gptgrok2api-go/internal/provider/openai_image.go:650.2,653.19 4 0
github.com/auucoder/gptgrok2api-go/internal/provider/openai_image.go:656.52,657.16 1 1
github.com/auucoder/gptgrok2api-go/internal/provider/openai_image.go:657.16,659.3 1 0
github.com/auucoder/gptgrok2api-go/internal/provider/openai_image.go:660.2,660.46 1 1
github.com/auucoder/gptgrok2api-go/internal/provider/openai_image.go:660.46,662.3 1 0
github.com/auucoder/gptgrok2api-go/internal/provider/openai_image.go:663.2,664.31 2 1
github.com/auucoder/gptgrok2api-go/internal/provider/openai_image.go:664.31,666.3 1 0
github.com/auucoder/gptgrok2api-go/internal/provider/openai_image.go:667.2,668.9 2 1
github.com/auucoder/gptgrok2api-go/internal/provider/openai_image.go:669.51,670.26 1 1
github.com/auucoder/gptgrok2api-go/internal/provider/openai_image.go:671.53,672.36 1 0
github.com/auucoder/gptgrok2api-go/internal/provider/openai_image.go:673.44,674.27 1 0
github.com/auucoder/gptgrok2api-go/internal/provider/openai_image.go:675.43,676.33 1 0
github.com/auucoder/gptgrok2api-go/internal/provider/openai_image.go:677.55,678.58 1 0
github.com/auucoder/gptgrok2api-go/internal/provider/openai_image.go:679.10,680.31 1 0
github.com/auucoder/gptgrok2api-go/internal/provider/openai_image.go:684.48,686.18 2 1
github.com/auucoder/gptgrok2api-go/internal/provider/openai_image.go:686.18,688.3 1 0
github.com/auucoder/gptgrok2api-go/internal/provider/openai_image.go:689.2,690.105 2 1
github.com/auucoder/gptgrok2api-go/internal/provider/openai_image.go:693.50,694.31 1 1
github.com/auucoder/gptgrok2api-go/internal/provider/openai_image.go:695.22,696.32 1 1
github.com/auucoder/gptgrok2api-go/internal/provider/openai_image.go:696.32,699.25 3 1
github.com/auucoder/gptgrok2api-go/internal/provider/openai_image.go:700.63,701.17 1 1
github.com/auucoder/gptgrok2api-go/internal/provider/openai_image.go:702.118,703.17 1 1
github.com/auucoder/gptgrok2api-go/internal/provider/openai_image.go:705.56,706.17 1 0
github.com/auucoder/gptgrok2api-go/internal/provider/openai_image.go:707.62,708.17 1 0
github.com/auucoder/gptgrok2api-go/internal/provider/openai_image.go:710.17,711.49 1 0
github.com/auucoder/gptgrok2api-go/internal/provider/openai_image.go:711.49,712.88 1 0
github.com/auucoder/gptgrok2api-go/internal/provider/openai_image.go:712.88,714.7 1 0
github.com/auucoder/gptgrok2api-go/internal/provider/openai_image.go:715.11,715.78 1 0
github.com/auucoder/gptgrok2api-go/internal/provider/openai_image.go:715.78,717.6 1 0
github.com/auucoder/gptgrok2api-go/internal/provider/openai_image.go:720.3,720.30 1 1
github.com/auucoder/gptgrok2api-go/internal/provider/openai_image.go:720.30,721.63 1 1
github.com/auucoder/gptgrok2api-go/internal/provider/openai_image.go:721.63,723.5 1 1
github.com/auucoder/gptgrok2api-go/internal/provider/openai_image.go:725.13,726.30 1 0
github.com/auucoder/gptgrok2api-go/internal/provider/openai_image.go:726.30,727.63 1 0
github.com/auucoder/gptgrok2api-go/internal/provider/openai_image.go:727.63,729.5 1 0
github.com/auucoder/gptgrok2api-go/internal/provider/openai_image.go:732.2,732.11 1 0
github.com/auucoder/gptgrok2api-go/internal/provider/openai_image.go:735.53,737.22 2 0
github.com/auucoder/gptgrok2api-go/internal/provider/openai_image.go:737.22,739.3 1 0
github.com/auucoder/gptgrok2api-go/internal/provider/openai_image.go:740.2,740.14 1 0
github.com/auucoder/gptgrok2api-go/internal/provider/openai_image.go:743.147,744.26 1 1
github.com/auucoder/gptgrok2api-go/internal/provider/openai_image.go:744.26,746.3 1 0
github.com/auucoder/gptgrok2api-go/internal/provider/openai_image.go:747.2,748.20 2 1
github.com/auucoder/gptgrok2api-go/internal/provider/openai_image.go:748.20,750.3 1 0
github.com/auucoder/gptgrok2api-go/internal/provider/openai_image.go:751.2,753.16 3 1
github.com/auucoder/gptgrok2api-go/internal/provider/openai_image.go:753.16,755.3 1 0
github.com/auucoder/gptgrok2api-go/internal/provider/openai_image.go:756.2,761.16 3 1
github.com/auucoder/gptgrok2api-go/internal/provider/openai_image.go:761.16,763.3 1 0
github.com/auucoder/gptgrok2api-go/internal/provider/openai_image.go:764.2,766.37 3 1
github.com/auucoder/gptgrok2api-go/internal/provider/openai_image.go:766.37,768.3 1 0
github.com/auucoder/gptgrok2api-go/internal/provider/openai_image.go:769.2,773.16 2 1
github.com/auucoder/gptgrok2api-go/internal/provider/openai_image.go:773.16,775.3 1 0
github.com/auucoder/gptgrok2api-go/internal/provider/openai_image.go:776.2,777.16 2 1
github.com/auucoder/gptgrok2api-go/internal/provider/openai_image.go:777.16,779.3 1 0
github.com/auucoder/gptgrok2api-go/internal/provider/openai_image.go:780.2,781.139 2 1
github.com/auucoder/gptgrok2api-go/internal/provider/openai_image.go:786.137,787.70 1 1
github.com/auucoder/gptgrok2api-go/internal/provider/openai_image.go:787.70,792.17 5 1
github.com/auucoder/gptgrok2api-go/internal/provider/openai_image.go:792.17,794.4 1 1
github.com/auucoder/gptgrok2api-go/internal/provider/openai_image.go:795.3,795.19 1 1
github.com/auucoder/gptgrok2api-go/internal/provider/openai_image.go:797.2,799.16 3 1
github.com/auucoder/gptgrok2api-go/internal/provider/openai_image.go:799.16,801.3 1 1
github.com/auucoder/gptgrok2api-go/internal/provider/openai_image.go:802.2,802.40 1 1
github.com/auucoder/gptgrok2api-go/internal/provider/openai_image.go:802.40,804.3 1 0
github.com/auucoder/gptgrok2api-go/internal/provider/openai_image.go:805.2,807.19 3 1
github.com/auucoder/gptgrok2api-go/internal/provider/openai_image.go:807.19,809.3 1 0
github.com/auucoder/gptgrok2api-go/internal/provider/openai_image.go:810.2,810.9 1 1
github.com/auucoder/gptgrok2api-go/internal/provider/openai_image.go:811.20,813.24 2 0
github.com/auucoder/gptgrok2api-go/internal/provider/openai_image.go:814.44,814.44 0 1
github.com/auucoder/gptgrok2api-go/internal/provider/openai_image.go:816.2,820.16 5 1
github.com/auucoder/gptgrok2api-go/internal/provider/openai_image.go:820.16,822.3 1 0
github.com/auucoder/gptgrok2api-go/internal/provider/openai_image.go:823.2,823.18 1 1
github.com/auucoder/gptgrok2api-go/internal/provider/openai_image.go:829.149,830.52 1 1
github.com/auucoder/gptgrok2api-go/internal/provider/openai_image.go:830.52,835.17 5 1
github.com/auucoder/gptgrok2api-go/internal/provider/openai_image.go:835.17,837.4 1 1
github.com/auucoder/gptgrok2api-go/internal/provider/openai_image.go:838.3,838.13 1 1
github.com/auucoder/gptgrok2api-go/internal/provider/openai_image.go:840.2,842.54 3 1
github.com/auucoder/gptgrok2api-go/internal/provider/openai_image.go:842.54,844.3 1 1
github.com/auucoder/gptgrok2api-go/internal/provider/openai_image.go:845.2,847.19 3 1
github.com/auucoder/gptgrok2api-go/internal/provider/openai_image.go:847.19,849.3 1 1
github.com/auucoder/gptgrok2api-go/internal/provider/openai_image.go:850.2,850.9 1 1
github.com/auucoder/gptgrok2api-go/internal/provider/openai_image.go:851.20,853.19 2 0
github.com/auucoder/gptgrok2api-go/internal/provider/openai_image.go:854.44,854.44 0 1
github.com/auucoder/gptgrok2api-go/internal/provider/openai_image.go:856.2,860.16 5 1
github.com/auucoder/gptgrok2api-go/internal/provider/openai_image.go:860.16,862.3 1 0
github.com/auucoder/gptgrok2api-go/internal/provider/openai_image.go:863.2,863.12 1 1
github.com/auucoder/gptgrok2api-go/internal/provider/openai_image.go:866.51,867.52 1 1
github.com/auucoder/gptgrok2api-go/internal/provider/openai_image.go:867.52,869.3 1 0
github.com/auucoder/gptgrok2api-go/internal/provider/openai_image.go:870.2,871.31 2 1
github.com/auucoder/gptgrok2api-go/internal/provider/openai_image.go:871.31,874.3 1 1
github.com/auucoder/gptgrok2api-go/internal/provider/openai_image.go:875.2,875.37 1 1
github.com/auucoder/gptgrok2api-go/internal/provider/openai_image.go:878.53,880.2 1 1
github.com/auucoder/gptgrok2api-go/internal/provider/openai_image.go:882.94,884.33 2 1
github.com/auucoder/gptgrok2api-go/internal/provider/openai_image.go:884.33,886.3 1 0
github.com/auucoder/gptgrok2api-go/internal/provider/openai_image.go:887.2,887.17 1 1
github.com/auucoder/gptgrok2api-go/internal/provider/openai_image.go:890.109,892.38 2 1
github.com/auucoder/gptgrok2api-go/internal/provider/openai_image.go:892.38,894.3 1 1
github.com/auucoder/gptgrok2api-go/internal/provider/openai_image.go:895.2,895.61 1 1
github.com/auucoder/gptgrok2api-go/internal/provider/openai_image.go:898.79,899.34 1 1
github.com/auucoder/gptgrok2api-go/internal/provider/openai_image.go:899.34,901.3 1 1
github.com/auucoder/gptgrok2api-go/internal/provider/openai_image.go:904.153,905.70 1 1
github.com/auucoder/gptgrok2api-go/internal/provider/openai_image.go:905.70,909.3 3 1
github.com/auucoder/gptgrok2api-go/internal/provider/openai_image.go:910.2,912.56 3 1
github.com/auucoder/gptgrok2api-go/internal/provider/openai_image.go:912.56,914.3 1 1
github.com/auucoder/gptgrok2api-go/internal/provider/openai_image.go:915.2,917.19 3 1
github.com/auucoder/gptgrok2api-go/internal/provider/openai_image.go:917.19,919.3 1 0
github.com/auucoder/gptgrok2api-go/internal/provider/openai_image.go:920.2,924.16 5 1
github.com/auucoder/gptgrok2api-go/internal/provider/openai_image.go:924.16,926.3 1 0
github.com/auucoder/gptgrok2api-go/internal/provider/openai_image.go:927.2,927.23 1 1
github.com/auucoder/gptgrok2api-go/internal/provider/openai_image.go:930.122,932.16 2 1
github.com/auucoder/gptgrok2api-go/internal/provider/openai_image.go:932.16,934.3 1 1
github.com/auucoder/gptgrok2api-go/internal/provider/openai_image.go:935.2,935.60 1 1
github.com/auucoder/gptgrok2api-go/internal/provider/openai_image.go:938.144,939.48 1 1
github.com/auucoder/gptgrok2api-go/internal/provider/openai_image.go:939.48,941.49 2 1
github.com/auucoder/gptgrok2api-go/internal/provider/openai_image.go:941.49,943.4 1 0
github.com/auucoder/gptgrok2api-go/internal/provider/openai_image.go:944.3,950.17 3 1
github.com/auucoder/gptgrok2api-go/internal/provider/openai_image.go:950.17,952.4 1 0
github.com/auucoder/gptgrok2api-go/internal/provider/openai_image.go:953.3,953.61 1 1
github.com/auucoder/gptgrok2api-go/internal/provider/openai_image.go:955.2,955.86 1 1
github.com/auucoder/gptgrok2api-go/internal/provider/openai_image.go:958.145,962.16 4 1
github.com/auucoder/gptgrok2api-go/internal/provider/openai_image.go:962.16,964.3 1 0
github.com/auucoder/gptgrok2api-go/internal/provider/openai_image.go:965.2,965.115 1 1
github.com/auucoder/gptgrok2api-go/internal/provider/openai_image.go:965.115,966.41 1 1
github.com/auucoder/gptgrok2api-go/internal/provider/openai_image.go:966.41,968.4 1 0
github.com/auucoder/gptgrok2api-go/internal/provider/openai_image.go:969.3,970.24 2 1
github.com/auucoder/gptgrok2api-go/internal/provider/openai_image.go:970.24,972.4 1 1
github.com/auucoder/gptgrok2api-go/internal/provider/openai_image.go:973.3,974.17 2 1
github.com/auucoder/gptgrok2api-go/internal/provider/openai_image.go:974.17,976.4 1 0
github.com/auucoder/gptgrok2api-go/internal/provider/openai_image.go:977.3,979.17 3 1
github.com/auucoder/gptgrok2api-go/internal/provider/openai_image.go:979.17,981.4 1 0
github.com/auucoder/gptgrok2api-go/internal/provider/openai_image.go:983.2,983.19 1 1
github.com/auucoder/gptgrok2api-go/internal/provider/openai_image.go:983.19,985.3 1 0
github.com/auucoder/gptgrok2api-go/internal/provider/openai_image.go:986.2,987.57 2 1
github.com/auucoder/gptgrok2api-go/internal/provider/openai_image.go:987.57,989.3 1 0
github.com/auucoder/gptgrok2api-go/internal/provider/openai_image.go:990.2,990.20 1 1
github.com/auucoder/gptgrok2api-go/internal/provider/openai_image.go:990.20,992.3 1 0
github.com/auucoder/gptgrok2api-go/internal/provider/openai_image.go:993.2,993.27 1 1
github.com/auucoder/gptgrok2api-go/internal/provider/openai_image.go:996.93,1002.35 2 1
github.com/auucoder/gptgrok2api-go/internal/provider/openai_image.go:1002.35,1004.3 1 0
github.com/auucoder/gptgrok2api-go/internal/provider/openai_image.go:1005.2,1005.34 1 1
github.com/auucoder/gptgrok2api-go/internal/provider/openai_image.go:1005.34,1007.3 1 0
github.com/auucoder/gptgrok2api-go/internal/provider/openai_image.go:1008.2,1008.32 1 1
github.com/auucoder/gptgrok2api-go/internal/provider/openai_image.go:1008.32,1010.3 1 0
github.com/auucoder/gptgrok2api-go/internal/provider/openai_image.go:1011.2,1011.16 1 1
github.com/auucoder/gptgrok2api-go/internal/provider/openai_image.go:1014.166,1016.17 2 1
github.com/auucoder/gptgrok2api-go/internal/provider/openai_image.go:1016.17,1017.17 1 1
github.com/auucoder/gptgrok2api-go/internal/provider/openai_image.go:1017.17,1019.4 1 0
github.com/auucoder/gptgrok2api-go/internal/provider/openai_image.go:1021.2,1022.17 2 1
github.com/auucoder/gptgrok2api-go/internal/provider/openai_image.go:1022.17,1024.3 1 1
github.com/auucoder/gptgrok2api-go/internal/provider/openai_image.go:1025.2,1025.93 1 1
github.com/auucoder/gptgrok2api-go/internal/provider/openai_image.go:1028.184,1030.16 2 1
github.com/auucoder/gptgrok2api-go/internal/provider/openai_image.go:1030.16,1032.3 1 0
github.com/auucoder/gptgrok2api-go/internal/provider/openai_image.go:1033.2,1033.122 1 1
github.com/auucoder/gptgrok2api-go/internal/provider/openai_image.go:1036.210,1038.33 2 1
github.com/auucoder/gptgrok2api-go/internal/provider/openai_image.go:1038.33,1041.3 2 0
github.com/auucoder/gptgrok2api-go/internal/provider/openai_image.go:1042.2,1044.16 3 1
github.com/auucoder/gptgrok2api-go/internal/provider/openai_image.go:1044.16,1046.3 1 0
github.com/auucoder/gptgrok2api-go/internal/provider/openai_image.go:1047.2,1047.19 1 1
github.com/auucoder/gptgrok2api-go/internal/provider/openai_image.go:1047.19,1049.3 1 1
github.com/auucoder/gptgrok2api-go/internal/provider/openai_image.go:1050.2,1050.18 1 1
github.com/auucoder/gptgrok2api-go/internal/provider/openai_image.go:1050.18,1051.33 1 1
github.com/auucoder/gptgrok2api-go/internal/provider/openai_image.go:1051.33,1053.4 1 1
github.com/auucoder/gptgrok2api-go/internal/provider/openai_image.go:1055.2,1055.12 1 1
github.com/auucoder/gptgrok2api-go/internal/provider/openai_image.go:1055.12,1057.3 1 1
github.com/auucoder/gptgrok2api-go/internal/provider/openai_image.go:1058.2,1059.49 2 1
github.com/auucoder/gptgrok2api-go/internal/provider/openai_image.go:1059.49,1061.24 2 0
github.com/auucoder/gptgrok2api-go/internal/provider/openai_image.go:1061.24,1063.4 1 0
github.com/auucoder/gptgrok2api-go/internal/provider/openai_image.go:1064.3,1064.29 1 0
github.com/auucoder/gptgrok2api-go/internal/provider/openai_image.go:1066.2,1067.16 2 1
github.com/auucoder/gptgrok2api-go/internal/provider/openai_image.go:1067.16,1069.3 1 1
github.com/auucoder/gptgrok2api-go/internal/provider/openai_image.go:1070.2,1070.61 1 1
github.com/auucoder/gptgrok2api-go/internal/provider/openai_image.go:1070.61,1074.3 3 1
github.com/auucoder/gptgrok2api-go/internal/provider/openai_image.go:1075.2,1075.22 1 1
github.com/auucoder/gptgrok2api-go/internal/provider/openai_image.go:1078.46,1079.52 1 1
github.com/auucoder/gptgrok2api-go/internal/provider/openai_image.go:1079.52,1081.3 1 1
github.com/auucoder/gptgrok2api-go/internal/provider/openai_image.go:1082.2,1082.46 1 1
github.com/auucoder/gptgrok2api-go/internal/provider/openai_image.go:1082.46,1084.3 1 1
github.com/auucoder/gptgrok2api-go/internal/provider/openai_image.go:1085.2,1086.31 2 1
github.com/auucoder/gptgrok2api-go/internal/provider/openai_image.go:1086.31,1088.3 1 1
github.com/auucoder/gptgrok2api-go/internal/provider/openai_image.go:1089.2,1094.4 2 1
github.com/auucoder/gptgrok2api-go/internal/provider/openai_image.go:1094.4,1095.42 1 1
github.com/auucoder/gptgrok2api-go/internal/provider/openai_image.go:1095.42,1097.4 1 1
github.com/auucoder/gptgrok2api-go/internal/provider/openai_image.go:1099.2,1099.14 1 1
github.com/auucoder/gptgrok2api-go/internal/provider/openai_image.go:1102.73,1105.53 3 0
github.com/auucoder/gptgrok2api-go/internal/provider/openai_image.go:1105.53,1107.3 1 0
github.com/auucoder/gptgrok2api-go/internal/provider/openai_image.go:1108.2,1109.18 2 0
github.com/auucoder/gptgrok2api-go/internal/provider/openai_image.go:1109.18,1111.3 1 0
github.com/auucoder/gptgrok2api-go/internal/provider/openai_image.go:1112.2,1113.16 2 0
github.com/auucoder/gptgrok2api-go/internal/provider/openai_image.go:1113.16,1115.3 1 0
github.com/auucoder/gptgrok2api-go/internal/provider/openai_image.go:1116.2,1117.21 2 0
github.com/auucoder/gptgrok2api-go/internal/provider/openai_image.go:1120.80,1122.61 2 1
github.com/auucoder/gptgrok2api-go/internal/provider/openai_image.go:1122.61,1124.3 1 0
github.com/auucoder/gptgrok2api-go/internal/provider/openai_image.go:1125.2,1125.92 1 1
github.com/auucoder/gptgrok2api-go/internal/provider/openai_image.go:1125.92,1127.3 1 0
github.com/auucoder/gptgrok2api-go/internal/provider/openai_image.go:1128.2,1128.12 1 1
github.com/auucoder/gptgrok2api-go/internal/provider/openai_image.go:1131.72,1134.19 3 1
github.com/auucoder/gptgrok2api-go/internal/provider/openai_image.go:1134.19,1136.3 1 0
github.com/auucoder/gptgrok2api-go/internal/provider/openai_image.go:1137.2,1137.94 1 1
github.com/auucoder/gptgrok2api-go/internal/provider/openai_image.go:1140.73,1144.23 4 1
github.com/auucoder/gptgrok2api-go/internal/provider/openai_image.go:1144.23,1145.22 1 1
github.com/auucoder/gptgrok2api-go/internal/provider/openai_image.go:1145.22,1147.4 1 1
github.com/auucoder/gptgrok2api-go/internal/provider/openai_image.go:1148.3,1150.43 3 1
github.com/auucoder/gptgrok2api-go/internal/provider/openai_image.go:1150.43,1152.4 1 1
github.com/auucoder/gptgrok2api-go/internal/provider/openai_image.go:1153.3,1153.36 1 1
github.com/auucoder/gptgrok2api-go/internal/provider/openai_image.go:1155.2,1155.21 1 1
github.com/auucoder/gptgrok2api-go/internal/provider/openai_image.go:1155.21,1157.17 2 1
github.com/auucoder/gptgrok2api-go/internal/provider/openai_image.go:1157.17,1158.15 1 1
github.com/auucoder/gptgrok2api-go/internal/provider/openai_image.go:1158.15,1159.10 1 1
github.com/auucoder/gptgrok2api-go/internal/provider/openai_image.go:1161.4,1161.12 1 1
github.com/auucoder/gptgrok2api-go/internal/provider/openai_image.go:1163.3,1163.39 1 1
github.com/auucoder/gptgrok2api-go/internal/provider/openai_image.go:1163.39,1165.4 1 1
github.com/auucoder/gptgrok2api-go/internal/provider/openai_image.go:1167.2,1167.38 1 1
github.com/auucoder/gptgrok2api-go/internal/provider/openai_image.go:1167.38,1169.3 1 0
github.com/auucoder/gptgrok2api-go/internal/provider/openai_image.go:1170.2,1171.12 2 1
github.com/auucoder/gptgrok2api-go/internal/provider/openai_image.go:1174.83,1175.31 1 1
github.com/auucoder/gptgrok2api-go/internal/provider/openai_image.go:1176.22,1177.32 1 1
github.com/auucoder/gptgrok2api-go/internal/provider/openai_image.go:1177.32,1178.51 1 1
github.com/auucoder/gptgrok2api-go/internal/provider/openai_image.go:1179.64,1180.30 1 1
github.com/auucoder/gptgrok2api-go/internal/provider/openai_image.go:1180.30,1182.6 1 1
github.com/auucoder/gptgrok2api-go/internal/provider/openai_image.go:1184.4,1184.51 1 1
github.com/auucoder/gptgrok2api-go/internal/provider/openai_image.go:1185.41,1187.54 2 1
github.com/auucoder/gptgrok2api-go/internal/provider/openai_image.go:1187.54,1189.6 1 1
github.com/auucoder/gptgrok2api-go/internal/provider/openai_image.go:1189.11,1189.57 1 1
github.com/auucoder/gptgrok2api-go/internal/provider/openai_image.go:1189.57,1191.6 1 1
github.com/auucoder/gptgrok2api-go/internal/provider/openai_image.go:1192.29,1194.32 2 1
github.com/auucoder/gptgrok2api-go/internal/provider/openai_image.go:1194.32,1196.6 1 1
github.com/auucoder/gptgrok2api-go/internal/provider/openai_image.go:1198.4,1198.57 1 1
github.com/auucoder/gptgrok2api-go/internal/provider/openai_image.go:1200.13,1201.30 1 1
github.com/auucoder/gptgrok2api-go/internal/provider/openai_image.go:1201.30,1203.4 1 1
github.com/auucoder/gptgrok2api-go/internal/provider/openai_image.go:1204.14,1205.28 1 1
github.com/auucoder/gptgrok2api-go/internal/provider/openai_image.go:1205.28,1206.123 1 1
github.com/auucoder/gptgrok2api-go/internal/provider/openai_image.go:1206.123,1208.5 1 0
github.com/auucoder/gptgrok2api-go/internal/provider/openai_image.go:1210.3,1210.112 1 1
github.com/auucoder/gptgrok2api-go/internal/provider/openai_image.go:1210.112,1211.23 1 1
github.com/auucoder/gptgrok2api-go/internal/provider/openai_image.go:1211.23,1213.5 1 1
github.com/auucoder/gptgrok2api-go/internal/provider/openai_image.go:1215.3,1215.108 1 1
github.com/auucoder/gptgrok2api-go/internal/provider/openai_image.go:1215.108,1216.23 1 1
github.com/auucoder/gptgrok2api-go/internal/provider/openai_image.go:1216.23,1218.5 1 1
github.com/auucoder/gptgrok2api-go/internal/provider/openai_image.go:1220.3,1220.118 1 1
github.com/auucoder/gptgrok2api-go/internal/provider/openai_image.go:1220.118,1221.23 1 1
github.com/auucoder/gptgrok2api-go/internal/provider/openai_image.go:1221.23,1223.5 1 1
github.com/auucoder/gptgrok2api-go/internal/provider/openai_image.go:1237.92,1240.9 3 1
github.com/auucoder/gptgrok2api-go/internal/provider/openai_image.go:1240.9,1242.3 1 0
github.com/auucoder/gptgrok2api-go/internal/provider/openai_image.go:1243.2,1244.9 2 1
github.com/auucoder/gptgrok2api-go/internal/provider/openai_image.go:1244.9,1246.3 1 0
github.com/auucoder/gptgrok2api-go/internal/provider/openai_image.go:1247.2,1248.42 2 1
github.com/auucoder/gptgrok2api-go/internal/provider/openai_image.go:1248.42,1250.10 2 1
github.com/auucoder/gptgrok2api-go/internal/provider/openai_image.go:1250.10,1251.12 1 0
github.com/auucoder/gptgrok2api-go/internal/provider/openai_image.go:1253.3,1254.10 2 1
github.com/auucoder/gptgrok2api-go/internal/provider/openai_image.go:1254.10,1255.12 1 0
github.com/auucoder/gptgrok2api-go/internal/provider/openai_image.go:1257.3,1259.44 3 1
github.com/auucoder/gptgrok2api-go/internal/provider/openai_image.go:1259.44,1260.12 1 1
github.com/auucoder/gptgrok2api-go/internal/provider/openai_image.go:1262.3,1266.26 5 1
github.com/auucoder/gptgrok2api-go/internal/provider/openai_image.go:1266.26,1267.24 1 1
github.com/auucoder/gptgrok2api-go/internal/provider/openai_image.go:1267.24,1268.13 1 1
github.com/auucoder/gptgrok2api-go/internal/provider/openai_image.go:1270.4,1271.50 2 1
github.com/auucoder/gptgrok2api-go/internal/provider/openai_image.go:1272.9,1275.4 2 1
github.com/auucoder/gptgrok2api-go/internal/provider/openai_image.go:1276.3,1278.28 3 1
github.com/auucoder/gptgrok2api-go/internal/provider/openai_image.go:1278.28,1279.47 1 1
github.com/auucoder/gptgrok2api-go/internal/provider/openai_image.go:1279.47,1281.5 1 1
github.com/auucoder/gptgrok2api-go/internal/provider/openai_image.go:1283.3,1283.25 1 1
github.com/auucoder/gptgrok2api-go/internal/provider/openai_image.go:1283.25,1284.12 1 0
github.com/auucoder/gptgrok2api-go/internal/provider/openai_image.go:1286.3,1287.113 2 1
github.com/auucoder/gptgrok2api-go/internal/provider/openai_image.go:1289.2,1289.42 1 1
github.com/auucoder/gptgrok2api-go/internal/provider/openai_image.go:1289.42,1290.51 1 1
github.com/auucoder/gptgrok2api-go/internal/provider/openai_image.go:1290.51,1292.4 1 0
github.com/auucoder/gptgrok2api-go/internal/provider/openai_image.go:1293.3,1293.53 1 1
github.com/auucoder/gptgrok2api-go/internal/provider/openai_image.go:1295.2,1295.33 1 1
github.com/auucoder/gptgrok2api-go/internal/provider/openai_image.go:1295.33,1297.3 1 1
github.com/auucoder/gptgrok2api-go/internal/provider/openai_image.go:1300.69,1301.27 1 1
github.com/auucoder/gptgrok2api-go/internal/provider/openai_image.go:1301.27,1303.3 1 0
github.com/auucoder/gptgrok2api-go/internal/provider/openai_image.go:1304.2,1304.31 1 1
github.com/auucoder/gptgrok2api-go/internal/provider/openai_image.go:1305.22,1306.32 1 1
github.com/auucoder/gptgrok2api-go/internal/provider/openai_image.go:1306.32,1308.108 2 1
github.com/auucoder/gptgrok2api-go/internal/provider/openai_image.go:1308.108,1310.30 2 1
github.com/auucoder/gptgrok2api-go/internal/provider/openai_image.go:1310.30,1312.6 1 1
github.com/auucoder/gptgrok2api-go/internal/provider/openai_image.go:1314.4,1314.53 1 1
github.com/auucoder/gptgrok2api-go/internal/provider/openai_image.go:1316.13,1317.30 1 1
github.com/auucoder/gptgrok2api-go/internal/provider/openai_image.go:1317.30,1319.4 1 1
github.com/auucoder/gptgrok2api-go/internal/provider/openai_image.go:1323.49,1324.31 1 1
github.com/auucoder/gptgrok2api-go/internal/provider/openai_image.go:1325.22,1326.102 1 1
github.com/auucoder/gptgrok2api-go/internal/provider/openai_image.go:1326.102,1328.4 1 1
github.com/auucoder/gptgrok2api-go/internal/provider/openai_image.go:1329.3,1330.97 2 1
github.com/auucoder/gptgrok2api-go/internal/provider/openai_image.go:1330.97,1332.4 1 1
github.com/auucoder/gptgrok2api-go/internal/provider/openai_image.go:1333.3,1333.30 1 1
github.com/auucoder/gptgrok2api-go/internal/provider/openai_image.go:1333.30,1334.40 1 1
github.com/auucoder/gptgrok2api-go/internal/provider/openai_image.go:1334.40,1336.5 1 1
github.com/auucoder/gptgrok2api-go/internal/provider/openai_image.go:1338.13,1339.30 1 1
github.com/auucoder/gptgrok2api-go/internal/provider/openai_image.go:1339.30,1340.40 1 1
github.com/auucoder/gptgrok2api-go/internal/provider/openai_image.go:1340.40,1342.5 1 1
github.com/auucoder/gptgrok2api-go/internal/provider/openai_image.go:1345.2,1345.14 1 1
github.com/auucoder/gptgrok2api-go/internal/provider/openai_image.go:1348.63,1349.31 1 1
github.com/auucoder/gptgrok2api-go/internal/provider/openai_image.go:1350.22,1352.52 2 1
github.com/auucoder/gptgrok2api-go/internal/provider/openai_image.go:1352.52,1354.4 1 1
github.com/auucoder/gptgrok2api-go/internal/provider/openai_image.go:1354.9,1354.55 1 1
github.com/auucoder/gptgrok2api-go/internal/provider/openai_image.go:1354.55,1356.4 1 1
github.com/auucoder/gptgrok2api-go/internal/provider/openai_image.go:1357.3,1357.30 1 1
github.com/auucoder/gptgrok2api-go/internal/provider/openai_image.go:1357.30,1359.4 1 1
github.com/auucoder/gptgrok2api-go/internal/provider/openai_image.go:1360.13,1361.30 1 1
github.com/auucoder/gptgrok2api-go/internal/provider/openai_image.go:1361.30,1363.4 1 1
github.com/auucoder/gptgrok2api-go/internal/provider/openai_image.go:1367.45,1369.49 2 1
github.com/auucoder/gptgrok2api-go/internal/provider/openai_image.go:1369.49,1371.3 1 0
github.com/auucoder/gptgrok2api-go/internal/provider/openai_image.go:1372.2,1372.52 1 1
github.com/auucoder/gptgrok2api-go/internal/provider/openai_image.go:1375.44,1376.64 1 1
github.com/auucoder/gptgrok2api-go/internal/provider/openai_image.go:1376.64,1378.3 1 1
github.com/auucoder/gptgrok2api-go/internal/provider/openai_image.go:1379.2,1379.33 1 0
github.com/auucoder/gptgrok2api-go/internal/provider/openai_image.go:1382.92,1392.2 3 1
github.com/auucoder/gptgrok2api-go/internal/provider/openai_image.go:1394.97,1396.36 2 0
github.com/auucoder/gptgrok2api-go/internal/provider/openai_image.go:1396.36,1398.3 1 0
github.com/auucoder/gptgrok2api-go/internal/provider/openai_image.go:1399.2,1405.30 2 0
github.com/auucoder/gptgrok2api-go/internal/provider/openai_image.go:1405.30,1411.79 6 0
github.com/auucoder/gptgrok2api-go/internal/provider/openai_image.go:1411.79,1413.4 1 0
github.com/auucoder/gptgrok2api-go/internal/provider/openai_image.go:1415.2,1415.11 1 0
github.com/auucoder/gptgrok2api-go/internal/provider/openai_image.go:1418.45,1419.23 1 0
github.com/auucoder/gptgrok2api-go/internal/provider/openai_image.go:1419.23,1421.3 1 0
github.com/auucoder/gptgrok2api-go/internal/provider/openai_image.go:1422.2,1423.24 2 0
github.com/auucoder/gptgrok2api-go/internal/provider/openai_image.go:1423.24,1425.74 2 0
github.com/auucoder/gptgrok2api-go/internal/provider/openai_image.go:1425.74,1427.4 1 0
github.com/auucoder/gptgrok2api-go/internal/provider/openai_image.go:1428.3,1428.21 1 0
github.com/auucoder/gptgrok2api-go/internal/provider/openai_image.go:1430.2,1430.20 1 0
github.com/auucoder/gptgrok2api-go/internal/provider/openai_image.go:1433.45,1435.59 2 1
github.com/auucoder/gptgrok2api-go/internal/provider/openai_image.go:1435.59,1437.3 1 0
github.com/auucoder/gptgrok2api-go/internal/provider/openai_image.go:1438.2,1438.36 1 1
github.com/auucoder/gptgrok2api-go/internal/provider/openai_image.go:1441.29,1443.45 2 1
github.com/auucoder/gptgrok2api-go/internal/provider/openai_image.go:1443.45,1445.3 1 1
github.com/auucoder/gptgrok2api-go/internal/provider/openai_image.go:1446.2,1446.49 1 0
github.com/auucoder/gptgrok2api-go/internal/provider/openai_image.go:1449.35,1451.2 1 1
github.com/auucoder/gptgrok2api-go/internal/provider/openai_image.go:1453.60,1455.2 1 1
github.com/auucoder/gptgrok2api-go/internal/provider/openai_image.go:1457.68,1458.27 1 1
github.com/auucoder/gptgrok2api-go/internal/provider/openai_image.go:1458.27,1459.50 1 1
github.com/auucoder/gptgrok2api-go/internal/provider/openai_image.go:1459.50,1461.4 1 1
github.com/auucoder/gptgrok2api-go/internal/provider/openai_image.go:1463.2,1463.11 1 1
github.com/auucoder/gptgrok2api-go/internal/provider/openai_image.go:1466.67,1467.31 1 1
github.com/auucoder/gptgrok2api-go/internal/provider/openai_image.go:1467.31,1468.37 1 1
github.com/auucoder/gptgrok2api-go/internal/provider/openai_image.go:1468.37,1470.4 1 1
github.com/auucoder/gptgrok2api-go/internal/provider/openai_image.go:1472.2,1472.17 1 0
github.com/auucoder/gptgrok2api-go/internal/provider/openai_image.go:1475.46,1478.31 3 1
github.com/auucoder/gptgrok2api-go/internal/provider/openai_image.go:1478.31,1480.34 2 1
github.com/auucoder/gptgrok2api-go/internal/provider/openai_image.go:1480.34,1483.4 2 1
github.com/auucoder/gptgrok2api-go/internal/provider/openai_image.go:1485.2,1485.15 1 1
github.com/auucoder/gptgrok2api-go/internal/provider/openai_image.go:1488.52,1489.12 1 1
github.com/auucoder/gptgrok2api-go/internal/provider/openai_image.go:1489.12,1491.3 1 0
github.com/auucoder/gptgrok2api-go/internal/provider/openai_image.go:1492.2,1492.11 1 1
github.com/auucoder/gptgrok2api-go/internal/provider/openai_image.go:1492.11,1494.3 1 1
github.com/auucoder/gptgrok2api-go/internal/provider/openai_image.go:1495.2,1495.10 1 0
github.com/auucoder/gptgrok2api-go/internal/provider/openai_image.go:1498.45,1500.31 2 1
github.com/auucoder/gptgrok2api-go/internal/provider/openai_image.go:1500.31,1502.3 1 0
github.com/auucoder/gptgrok2api-go/internal/provider/openai_image.go:1503.2,1503.13 1 1
github.com/auucoder/gptgrok2api-go/internal/provider/sentinel_turnstile.go:17.64,19.16 2 1
github.com/auucoder/gptgrok2api-go/internal/provider/sentinel_turnstile.go:19.16,21.3 1 0
github.com/auucoder/gptgrok2api-go/internal/provider/sentinel_turnstile.go:22.2,23.56 2 1
github.com/auucoder/gptgrok2api-go/internal/provider/sentinel_turnstile.go:23.56,25.3 1 0
github.com/auucoder/gptgrok2api-go/internal/provider/sentinel_turnstile.go:27.2,36.43 6 1
github.com/auucoder/gptgrok2api-go/internal/provider/sentinel_turnstile.go:36.43,38.3 1 0
github.com/auucoder/gptgrok2api-go/internal/provider/sentinel_turnstile.go:39.2,39.21 1 1
github.com/auucoder/gptgrok2api-go/internal/provider/sentinel_turnstile.go:39.21,41.3 1 0
github.com/auucoder/gptgrok2api-go/internal/provider/sentinel_turnstile.go:42.2,42.23 1 1
github.com/auucoder/gptgrok2api-go/internal/provider/sentinel_turnstile.go:45.55,47.16 2 1
github.com/auucoder/gptgrok2api-go/internal/provider/sentinel_turnstile.go:47.16,49.3 1 0
github.com/auucoder/gptgrok2api-go/internal/provider/sentinel_turnstile.go:50.2,50.16 1 1
github.com/auucoder/gptgrok2api-go/internal/provider/sentinel_turnstile.go:50.16,52.3 1 0
github.com/auucoder/gptgrok2api-go/internal/provider/sentinel_turnstile.go:53.2,53.61 1 1
github.com/auucoder/gptgrok2api-go/internal/provider/sentinel_turnstile.go:56.50,57.15 1 1
github.com/auucoder/gptgrok2api-go/internal/provider/sentinel_turnstile.go:57.15,59.3 1 0
github.com/auucoder/gptgrok2api-go/internal/provider/sentinel_turnstile.go:60.2,63.32 4 1
github.com/auucoder/gptgrok2api-go/internal/provider/sentinel_turnstile.go:63.32,65.3 1 1
github.com/auucoder/gptgrok2api-go/internal/provider/sentinel_turnstile.go:66.2,66.20 1 1
github.com/auucoder/gptgrok2api-go/internal/provider/sentinel_turnstile.go:82.33,83.65 1 1
github.com/auucoder/gptgrok2api-go/internal/provider/sentinel_turnstile.go:83.65,84.21 1 0
github.com/auucoder/gptgrok2api-go/internal/provider/sentinel_turnstile.go:84.21,86.4 1 0
github.com/auucoder/gptgrok2api-go/internal/provider/sentinel_turnstile.go:87.3,87.13 1 0
github.com/auucoder/gptgrok2api-go/internal/provider/sentinel_turnstile.go:89.2,89.65 1 1
github.com/auucoder/gptgrok2api-go/internal/provider/sentinel_turnstile.go:89.65,90.21 1 1
github.com/auucoder/gptgrok2api-go/internal/provider/sentinel_turnstile.go:90.21,92.4 1 1
github.com/auucoder/gptgrok2api-go/internal/provider/sentinel_turnstile.go:93.3,93.13 1 1
github.com/auucoder/gptgrok2api-go/internal/provider/sentinel_turnstile.go:95.2,95.65 1 1
github.com/auucoder/gptgrok2api-go/internal/provider/sentinel_turnstile.go:95.65,96.21 1 1
github.com/auucoder/gptgrok2api-go/internal/provider/sentinel_turnstile.go:96.21,98.4 1 1
github.com/auucoder/gptgrok2api-go/internal/provider/sentinel_turnstile.go:99.3,99.13 1 1
github.com/auucoder/gptgrok2api-go/internal/provider/sentinel_turnstile.go:101.2,101.65 1 1
github.com/auucoder/gptgrok2api-go/internal/provider/sentinel_turnstile.go:101.65,102.20 1 0
github.com/auucoder/gptgrok2api-go/internal/provider/sentinel_turnstile.go:102.20,104.4 1 0
github.com/auucoder/gptgrok2api-go/internal/provider/sentinel_turnstile.go:105.3,106.34 2 0
github.com/auucoder/gptgrok2api-go/internal/provider/sentinel_turnstile.go:107.14,108.68 1 0
github.com/auucoder/gptgrok2api-go/internal/provider/sentinel_turnstile.go:109.15,110.54 1 0
github.com/auucoder/gptgrok2api-go/internal/provider/sentinel_turnstile.go:111.16,112.69 1 0
github.com/auucoder/gptgrok2api-go/internal/provider/sentinel_turnstile.go:113.11,114.38 1 0
github.com/auucoder/gptgrok2api-go/internal/provider/sentinel_turnstile.go:114.38,116.5 1 0
github.com/auucoder/gptgrok2api-go/internal/provider/sentinel_turnstile.go:116.10,118.5 1 0
github.com/auucoder/gptgrok2api-go/internal/provider/sentinel_turnstile.go:120.3,120.13 1 0
github.com/auucoder/gptgrok2api-go/internal/provider/sentinel_turnstile.go:122.2,122.65 1 1
github.com/auucoder/gptgrok2api-go/internal/provider/sentinel_turnstile.go:122.65,123.21 1 0
github.com/auucoder/gptgrok2api-go/internal/provider/sentinel_turnstile.go:123.21,125.4 1 0
github.com/auucoder/gptgrok2api-go/internal/provider/sentinel_turnstile.go:126.3,126.13 1 0
github.com/auucoder/gptgrok2api-go/internal/provider/sentinel_turnstile.go:128.2,128.65 1 1
github.com/auucoder/gptgrok2api-go/internal/provider/sentinel_turnstile.go:128.65,129.21 1 0
github.com/auucoder/gptgrok2api-go/internal/provider/sentinel_turnstile.go:129.21,131.33 2 0
github.com/auucoder/gptgrok2api-go/internal/provider/sentinel_turnstile.go:131.33,133.5 1 0
github.com/auucoder/gptgrok2api-go/internal/provider/sentinel_turnstile.go:134.4,134.42 1 0
github.com/auucoder/gptgrok2api-go/internal/provider/sentinel_turnstile.go:136.3,136.13 1 0
github.com/auucoder/gptgrok2api-go/internal/provider/sentinel_turnstile.go:138.2,138.65 1 1
github.com/auucoder/gptgrok2api-go/internal/provider/sentinel_turnstile.go:138.65,139.21 1 0
github.com/auucoder/gptgrok2api-go/internal/provider/sentinel_turnstile.go:139.21,141.4 1 0
github.com/auucoder/gptgrok2api-go/internal/provider/sentinel_turnstile.go:142.3,142.13 1 0
github.com/auucoder/gptgrok2api-go/internal/provider/sentinel_turnstile.go:144.2,144.66 1 1
github.com/auucoder/gptgrok2api-go/internal/provider/sentinel_turnstile.go:144.66,145.21 1 0
github.com/auucoder/gptgrok2api-go/internal/provider/sentinel_turnstile.go:145.21,147.4 1 0
github.com/auucoder/gptgrok2api-go/internal/provider/sentinel_turnstile.go:148.3,148.13 1 0
github.com/auucoder/gptgrok2api-go/internal/provider/sentinel_turnstile.go:150.2,150.66 1 1
github.com/auucoder/gptgrok2api-go/internal/provider/sentinel_turnstile.go:150.66,151.21 1 0
github.com/auucoder/gptgrok2api-go/internal/provider/sentinel_turnstile.go:151.21,153.4 1 0
github.com/auucoder/gptgrok2api-go/internal/provider/sentinel_turnstile.go:154.3,154.13 1 0
github.com/auucoder/gptgrok2api-go/internal/provider/sentinel_turnstile.go:156.2,156.66 1 1
github.com/auucoder/gptgrok2api-go/internal/provider/sentinel_turnstile.go:156.66,157.21 1 0
github.com/auucoder/gptgrok2api-go/internal/provider/sentinel_turnstile.go:157.21,159.75 2 0
github.com/auucoder/gptgrok2api-go/internal/provider/sentinel_turnstile.go:159.75,161.5 1 0
github.com/auucoder/gptgrok2api-go/internal/provider/sentinel_turnstile.go:163.3,163.13 1 0
github.com/auucoder/gptgrok2api-go/internal/provider/sentinel_turnstile.go:165.2,165.66 1 1
github.com/auucoder/gptgrok2api-go/internal/provider/sentinel_turnstile.go:165.66,166.21 1 0
github.com/auucoder/gptgrok2api-go/internal/provider/sentinel_turnstile.go:166.21,168.78 2 0
github.com/auucoder/gptgrok2api-go/internal/provider/sentinel_turnstile.go:168.78,170.5 1 0
github.com/auucoder/gptgrok2api-go/internal/provider/sentinel_turnstile.go:172.3,172.13 1 0
github.com/auucoder/gptgrok2api-go/internal/provider/sentinel_turnstile.go:174.2,174.66 1 1
github.com/auucoder/gptgrok2api-go/internal/provider/sentinel_turnstile.go:174.66,175.21 1 0
github.com/auucoder/gptgrok2api-go/internal/provider/sentinel_turnstile.go:175.21,177.4 1 0
github.com/auucoder/gptgrok2api-go/internal/provider/sentinel_turnstile.go:178.3,178.13 1 0
github.com/auucoder/gptgrok2api-go/internal/provider/sentinel_turnstile.go:180.2,180.66 1 1
github.com/auucoder/gptgrok2api-go/internal/provider/sentinel_turnstile.go:180.66,181.21 1 0
github.com/auucoder/gptgrok2api-go/internal/provider/sentinel_turnstile.go:181.21,183.33 2 0
github.com/auucoder/gptgrok2api-go/internal/provider/sentinel_turnstile.go:183.33,185.5 1 0
github.com/auucoder/gptgrok2api-go/internal/provider/sentinel_turnstile.go:186.4,186.63 1 0
github.com/auucoder/gptgrok2api-go/internal/provider/sentinel_turnstile.go:188.3,188.13 1 0
github.com/auucoder/gptgrok2api-go/internal/provider/sentinel_turnstile.go:190.2,190.66 1 1
github.com/auucoder/gptgrok2api-go/internal/provider/sentinel_turnstile.go:190.66,191.21 1 0
github.com/auucoder/gptgrok2api-go/internal/provider/sentinel_turnstile.go:191.21,193.18 2 0
github.com/auucoder/gptgrok2api-go/internal/provider/sentinel_turnstile.go:193.18,195.5 1 0
github.com/auucoder/gptgrok2api-go/internal/provider/sentinel_turnstile.go:197.3,197.13 1 0
github.com/auucoder/gptgrok2api-go/internal/provider/sentinel_turnstile.go:199.2,199.66 1 1
github.com/auucoder/gptgrok2api-go/internal/provider/sentinel_turnstile.go:199.66,200.21 1 0
github.com/auucoder/gptgrok2api-go/internal/provider/sentinel_turnstile.go:200.21,202.4 1 0
github.com/auucoder/gptgrok2api-go/internal/provider/sentinel_turnstile.go:203.3,203.13 1 0
github.com/auucoder/gptgrok2api-go/internal/provider/sentinel_turnstile.go:205.2,205.66 1 1
github.com/auucoder/gptgrok2api-go/internal/provider/sentinel_turnstile.go:205.66,206.72 1 0
github.com/auucoder/gptgrok2api-go/internal/provider/sentinel_turnstile.go:206.72,208.4 1 0
github.com/auucoder/gptgrok2api-go/internal/provider/sentinel_turnstile.go:209.3,209.13 1 0
github.com/auucoder/gptgrok2api-go/internal/provider/sentinel_turnstile.go:211.2,211.66 1 1
github.com/auucoder/gptgrok2api-go/internal/provider/sentinel_turnstile.go:211.66,212.20 1 0
github.com/auucoder/gptgrok2api-go/internal/provider/sentinel_turnstile.go:212.20,214.4 1 0
github.com/auucoder/gptgrok2api-go/internal/provider/sentinel_turnstile.go:215.3,216.66 2 0
github.com/auucoder/gptgrok2api-go/internal/provider/sentinel_turnstile.go:216.66,218.4 1 0
github.com/auucoder/gptgrok2api-go/internal/provider/sentinel_turnstile.go:219.3,219.13 1 0
github.com/auucoder/gptgrok2api-go/internal/provider/sentinel_turnstile.go:221.2,221.66 1 1
github.com/auucoder/gptgrok2api-go/internal/provider/sentinel_turnstile.go:221.66,222.21 1 0
github.com/auucoder/gptgrok2api-go/internal/provider/sentinel_turnstile.go:222.21,228.4 5 0
github.com/auucoder/gptgrok2api-go/internal/provider/sentinel_turnstile.go:229.3,229.13 1 0
github.com/auucoder/gptgrok2api-go/internal/provider/sentinel_turnstile.go:231.2,231.66 1 1
github.com/auucoder/gptgrok2api-go/internal/provider/sentinel_turnstile.go:231.66,232.47 1 0
github.com/auucoder/gptgrok2api-go/internal/provider/sentinel_turnstile.go:232.47,233.62 1 0
github.com/auucoder/gptgrok2api-go/internal/provider/sentinel_turnstile.go:233.62,235.5 1 0
github.com/auucoder/gptgrok2api-go/internal/provider/sentinel_turnstile.go:237.3,237.13 1 0
github.com/auucoder/gptgrok2api-go/internal/provider/sentinel_turnstile.go:239.2,239.66 1 1
github.com/auucoder/gptgrok2api-go/internal/provider/sentinel_turnstile.go:239.66,240.21 1 0
github.com/auucoder/gptgrok2api-go/internal/provider/sentinel_turnstile.go:240.21,242.4 1 0
github.com/auucoder/gptgrok2api-go/internal/provider/sentinel_turnstile.go:243.3,243.13 1 0
github.com/auucoder/gptgrok2api-go/internal/provider/sentinel_turnstile.go:245.2,245.61 1 1
github.com/auucoder/gptgrok2api-go/internal/provider/sentinel_turnstile.go:245.61,245.75 1 0
github.com/auucoder/gptgrok2api-go/internal/provider/sentinel_turnstile.go:246.2,246.61 1 1
github.com/auucoder/gptgrok2api-go/internal/provider/sentinel_turnstile.go:246.61,246.75 1 0
github.com/auucoder/gptgrok2api-go/internal/provider/sentinel_turnstile.go:247.2,247.66 1 1
github.com/auucoder/gptgrok2api-go/internal/provider/sentinel_turnstile.go:247.66,248.20 1 0
github.com/auucoder/gptgrok2api-go/internal/provider/sentinel_turnstile.go:248.20,250.4 1 0
github.com/auucoder/gptgrok2api-go/internal/provider/sentinel_turnstile.go:251.3,252.38 2 0
github.com/auucoder/gptgrok2api-go/internal/provider/sentinel_turnstile.go:252.38,253.35 1 0
github.com/auucoder/gptgrok2api-go/internal/provider/sentinel_turnstile.go:253.35,254.39 1 0
github.com/auucoder/gptgrok2api-go/internal/provider/sentinel_turnstile.go:254.39,256.11 2 0
github.com/auucoder/gptgrok2api-go/internal/provider/sentinel_turnstile.go:259.4,259.14 1 0
github.com/auucoder/gptgrok2api-go/internal/provider/sentinel_turnstile.go:261.3,262.13 2 0
github.com/auucoder/gptgrok2api-go/internal/provider/sentinel_turnstile.go:264.2,264.61 1 1
github.com/auucoder/gptgrok2api-go/internal/provider/sentinel_turnstile.go:264.61,264.75 1 0
github.com/auucoder/gptgrok2api-go/internal/provider/sentinel_turnstile.go:265.2,265.66 1 1
github.com/auucoder/gptgrok2api-go/internal/provider/sentinel_turnstile.go:265.66,266.21 1 0
github.com/auucoder/gptgrok2api-go/internal/provider/sentinel_turnstile.go:266.21,268.4 1 0
github.com/auucoder/gptgrok2api-go/internal/provider/sentinel_turnstile.go:269.3,269.13 1 0
github.com/auucoder/gptgrok2api-go/internal/provider/sentinel_turnstile.go:271.2,271.66 1 1
github.com/auucoder/gptgrok2api-go/internal/provider/sentinel_turnstile.go:271.66,272.20 1 0
github.com/auucoder/gptgrok2api-go/internal/provider/sentinel_turnstile.go:272.20,274.4 1 0
github.com/auucoder/gptgrok2api-go/internal/provider/sentinel_turnstile.go:275.3,275.42 1 0
github.com/auucoder/gptgrok2api-go/internal/provider/sentinel_turnstile.go:275.42,278.68 3 0
github.com/auucoder/gptgrok2api-go/internal/provider/sentinel_turnstile.go:278.68,280.41 2 0
github.com/auucoder/gptgrok2api-go/internal/provider/sentinel_turnstile.go:280.41,281.31 1 0
github.com/auucoder/gptgrok2api-go/internal/provider/sentinel_turnstile.go:281.31,283.7 1 0
github.com/auucoder/gptgrok2api-go/internal/provider/sentinel_turnstile.go:285.5,288.15 4 0
github.com/auucoder/gptgrok2api-go/internal/provider/sentinel_turnstile.go:290.9,292.68 2 0
github.com/auucoder/gptgrok2api-go/internal/provider/sentinel_turnstile.go:292.68,299.5 6 0
github.com/auucoder/gptgrok2api-go/internal/provider/sentinel_turnstile.go:301.3,301.13 1 0
github.com/auucoder/gptgrok2api-go/internal/provider/sentinel_turnstile.go:303.2,303.66 1 1
github.com/auucoder/gptgrok2api-go/internal/provider/sentinel_turnstile.go:303.66,304.21 1 0
github.com/auucoder/gptgrok2api-go/internal/provider/sentinel_turnstile.go:304.21,306.4 1 0
github.com/auucoder/gptgrok2api-go/internal/provider/sentinel_turnstile.go:307.3,307.13 1 0
github.com/auucoder/gptgrok2api-go/internal/provider/sentinel_turnstile.go:309.2,309.66 1 1
github.com/auucoder/gptgrok2api-go/internal/provider/sentinel_turnstile.go:309.66,310.21 1 0
github.com/auucoder/gptgrok2api-go/internal/provider/sentinel_turnstile.go:310.21,312.4 1 0
github.com/auucoder/gptgrok2api-go/internal/provider/sentinel_turnstile.go:313.3,313.13 1 0
github.com/auucoder/gptgrok2api-go/internal/provider/sentinel_turnstile.go:317.49,318.28 1 1
github.com/auucoder/gptgrok2api-go/internal/provider/sentinel_turnstile.go:318.28,320.22 2 1
github.com/auucoder/gptgrok2api-go/internal/provider/sentinel_turnstile.go:320.22,322.4 1 1
github.com/auucoder/gptgrok2api-go/internal/provider/sentinel_turnstile.go:323.3,323.20 1 1
github.com/auucoder/gptgrok2api-go/internal/provider/sentinel_turnstile.go:323.20,325.4 1 0
github.com/auucoder/gptgrok2api-go/internal/provider/sentinel_turnstile.go:326.3,328.22 3 1
github.com/auucoder/gptgrok2api-go/internal/provider/sentinel_turnstile.go:328.22,329.12 1 0
github.com/auucoder/gptgrok2api-go/internal/provider/sentinel_turnstile.go:331.3,332.10 2 1
github.com/auucoder/gptgrok2api-go/internal/provider/sentinel_turnstile.go:332.10,333.12 1 0
github.com/auucoder/gptgrok2api-go/internal/provider/sentinel_turnstile.go:335.3,335.10 1 1
github.com/auucoder/gptgrok2api-go/internal/provider/sentinel_turnstile.go:335.10,336.17 1 1
github.com/auucoder/gptgrok2api-go/internal/provider/sentinel_turnstile.go:336.17,336.34 1 1
github.com/auucoder/gptgrok2api-go/internal/provider/sentinel_turnstile.go:337.4,337.30 1 1
github.com/auucoder/gptgrok2api-go/internal/provider/sentinel_turnstile.go:342.37,344.2 1 1
github.com/auucoder/gptgrok2api-go/internal/provider/sentinel_turnstile.go:346.40,347.37 1 0
github.com/auucoder/gptgrok2api-go/internal/provider/sentinel_turnstile.go:347.37,349.3 1 0
github.com/auucoder/gptgrok2api-go/internal/provider/sentinel_turnstile.go:350.2,350.12 1 0
github.com/auucoder/gptgrok2api-go/internal/provider/sentinel_turnstile.go:353.50,354.31 1 1
github.com/auucoder/gptgrok2api-go/internal/provider/sentinel_turnstile.go:355.11,356.21 1 0
github.com/auucoder/gptgrok2api-go/internal/provider/sentinel_turnstile.go:357.14,358.15 1 1
github.com/auucoder/gptgrok2api-go/internal/provider/sentinel_turnstile.go:359.15,360.33 1 0
github.com/auucoder/gptgrok2api-go/internal/provider/sentinel_turnstile.go:360.33,362.4 1 0
github.com/auucoder/gptgrok2api-go/internal/provider/sentinel_turnstile.go:363.3,363.49 1 0
github.com/auucoder/gptgrok2api-go/internal/provider/sentinel_turnstile.go:364.12,365.12 1 0
github.com/auucoder/gptgrok2api-go/internal/provider/sentinel_turnstile.go:365.12,367.4 1 0
github.com/auucoder/gptgrok2api-go/internal/provider/sentinel_turnstile.go:368.3,368.17 1 0
github.com/auucoder/gptgrok2api-go/internal/provider/sentinel_turnstile.go:369.10,370.27 1 0
github.com/auucoder/gptgrok2api-go/internal/provider/sentinel_turnstile.go:374.53,375.53 1 0
github.com/auucoder/gptgrok2api-go/internal/provider/sentinel_turnstile.go:375.53,377.3 1 0
github.com/auucoder/gptgrok2api-go/internal/provider/sentinel_turnstile.go:378.2,378.47 1 0
github.com/auucoder/gptgrok2api-go/internal/provider/sentinel_turnstile.go:378.47,380.3 1 0
github.com/auucoder/gptgrok2api-go/internal/provider/sentinel_turnstile.go:381.2,381.38 1 0
github.com/auucoder/gptgrok2api-go/internal/provider/sentinel_turnstile.go:381.38,383.40 2 0
github.com/auucoder/gptgrok2api-go/internal/provider/sentinel_turnstile.go:383.40,385.4 1 0
github.com/auucoder/gptgrok2api-go/internal/provider/sentinel_turnstile.go:386.3,386.13 1 0
github.com/auucoder/gptgrok2api-go/internal/provider/sentinel_turnstile.go:388.2,388.37 1 0
github.com/auucoder/gptgrok2api-go/internal/provider/sentinel_turnstile.go:388.37,389.66 1 0
github.com/auucoder/gptgrok2api-go/internal/provider/sentinel_turnstile.go:389.66,391.4 1 0
github.com/auucoder/gptgrok2api-go/internal/provider/sentinel_turnstile.go:392.3,392.67 1 0
github.com/auucoder/gptgrok2api-go/internal/provider/sentinel_turnstile.go:392.67,394.4 1 0
github.com/auucoder/gptgrok2api-go/internal/provider/sentinel_turnstile.go:396.2,396.12 1 0
github.com/auucoder/gptgrok2api-go/internal/provider/sentinel_turnstile.go:399.63,402.2 2 0
github.com/auucoder/gptgrok2api-go/internal/provider/sentinel_turnstile.go:404.78,405.51 1 0
github.com/auucoder/gptgrok2api-go/internal/provider/sentinel_turnstile.go:405.51,407.3 1 0
github.com/auucoder/gptgrok2api-go/internal/provider/sentinel_turnstile.go:408.2,409.14 2 0
github.com/auucoder/gptgrok2api-go/internal/provider/sentinel_turnstile.go:410.32,411.85 1 0
github.com/auucoder/gptgrok2api-go/internal/provider/sentinel_turnstile.go:412.30,413.60 1 0
github.com/auucoder/gptgrok2api-go/internal/provider/sentinel_turnstile.go:414.28,415.20 1 0
github.com/auucoder/gptgrok2api-go/internal/provider/sentinel_turnstile.go:415.20,416.35 1 0
github.com/auucoder/gptgrok2api-go/internal/provider/sentinel_turnstile.go:417.16,418.39 1 0
github.com/auucoder/gptgrok2api-go/internal/provider/sentinel_turnstile.go:418.39,420.6 1 0
github.com/auucoder/gptgrok2api-go/internal/provider/sentinel_turnstile.go:421.29,423.36 2 0
github.com/auucoder/gptgrok2api-go/internal/provider/sentinel_turnstile.go:423.36,425.6 1 0
github.com/auucoder/gptgrok2api-go/internal/provider/sentinel_turnstile.go:426.5,426.23 1 0
github.com/auucoder/gptgrok2api-go/internal/provider/sentinel_turnstile.go:427.24,429.28 2 0
github.com/auucoder/gptgrok2api-go/internal/provider/sentinel_turnstile.go:429.28,431.6 1 0
github.com/auucoder/gptgrok2api-go/internal/provider/sentinel_turnstile.go:432.5,432.23 1 0
github.com/auucoder/gptgrok2api-go/internal/provider/sentinel_turnstile.go:435.28,436.21 1 0
github.com/auucoder/gptgrok2api-go/internal/provider/sentinel_turnstile.go:436.21,438.35 2 0
github.com/auucoder/gptgrok2api-go/internal/provider/sentinel_turnstile.go:439.29,440.48 1 0
github.com/auucoder/gptgrok2api-go/internal/provider/sentinel_turnstile.go:440.48,442.6 1 0
github.com/auucoder/gptgrok2api-go/internal/provider/sentinel_turnstile.go:443.5,444.21 2 0
github.com/auucoder/gptgrok2api-go/internal/provider/sentinel_turnstile.go:445.24,447.21 2 0
github.com/auucoder/gptgrok2api-go/internal/provider/sentinel_turnstile.go:450.3,450.20 1 0
github.com/auucoder/gptgrok2api-go/internal/provider/sentinel_turnstile.go:452.2,452.17 1 0
github.com/auucoder/gptgrok2api-go/internal/provider/sentinel_turnstile.go:455.33,456.35 1 1
github.com/auucoder/gptgrok2api-go/internal/provider/sentinel_turnstile.go:456.35,458.3 1 1
github.com/auucoder/gptgrok2api-go/internal/provider/sentinel_turnstile.go:459.2,459.12 1 0
github.com/auucoder/gptgrok2api-go/internal/provider/sentinel_turnstile.go:462.40,463.31 1 0
github.com/auucoder/gptgrok2api-go/internal/provider/sentinel_turnstile.go:464.15,465.15 1 0
github.com/auucoder/gptgrok2api-go/internal/provider/sentinel_turnstile.go:466.11,467.24 1 0
github.com/auucoder/gptgrok2api-go/internal/provider/sentinel_turnstile.go:468.14,470.15 2 0
github.com/auucoder/gptgrok2api-go/internal/provider/sentinel_turnstile.go:471.10,472.11 1 0
github.com/auucoder/gptgrok2api-go/internal/provider/sentinel_turnstile.go:476.42,477.26 1 0
github.com/auucoder/gptgrok2api-go/internal/provider/sentinel_turnstile.go:478.15,479.36 1 0
github.com/auucoder/gptgrok2api-go/internal/provider/sentinel_turnstile.go:480.10,481.47 1 0
github.com/auucoder/gptgrok2api-go/internal/provider/sentinel_turnstile.go:485.37,487.16 2 0
github.com/auucoder/gptgrok2api-go/internal/provider/sentinel_turnstile.go:487.16,489.3 1 0
github.com/auucoder/gptgrok2api-go/internal/provider/sentinel_turnstile.go:490.2,490.20 1 0
github.com/auucoder/gptgrok2api-go/internal/provider/xai_cli_probe.go:27.75,28.19 1 1
github.com/auucoder/gptgrok2api-go/internal/provider/xai_cli_probe.go:28.19,30.3 1 0
github.com/auucoder/gptgrok2api-go/internal/provider/xai_cli_probe.go:31.2,31.132 1 1
github.com/auucoder/gptgrok2api-go/internal/provider/xai_cli_probe.go:45.107,47.18 2 0
github.com/auucoder/gptgrok2api-go/internal/provider/xai_cli_probe.go:47.18,49.3 1 0
github.com/auucoder/gptgrok2api-go/internal/provider/xai_cli_probe.go:50.2,50.36 1 0
github.com/auucoder/gptgrok2api-go/internal/provider/xai_cli_probe.go:50.36,52.3 1 0
github.com/auucoder/gptgrok2api-go/internal/provider/xai_cli_probe.go:53.2,53.37 1 0
github.com/auucoder/gptgrok2api-go/internal/provider/xai_cli_probe.go:53.37,55.3 1 0
github.com/auucoder/gptgrok2api-go/internal/provider/xai_cli_probe.go:56.2,57.43 2 0
github.com/auucoder/gptgrok2api-go/internal/provider/xai_cli_probe.go:57.43,58.58 1 0
github.com/auucoder/gptgrok2api-go/internal/provider/xai_cli_probe.go:58.58,60.34 2 0
github.com/auucoder/gptgrok2api-go/internal/provider/xai_cli_probe.go:60.34,62.5 1 0
github.com/auucoder/gptgrok2api-go/internal/provider/xai_cli_probe.go:63.4,63.29 1 0
github.com/auucoder/gptgrok2api-go/internal/provider/xai_cli_probe.go:63.29,65.5 1 0
github.com/auucoder/gptgrok2api-go/internal/provider/xai_cli_probe.go:68.2,68.60 1 0
github.com/auucoder/gptgrok2api-go/internal/provider/xai_cli_probe.go:71.86,73.18 2 1
github.com/auucoder/gptgrok2api-go/internal/provider/xai_cli_probe.go:73.18,75.3 1 0
github.com/auucoder/gptgrok2api-go/internal/provider/xai_cli_probe.go:76.2,76.43 1 1
github.com/auucoder/gptgrok2api-go/internal/provider/xai_cli_probe.go:76.43,77.58 1 0
github.com/auucoder/gptgrok2api-go/internal/provider/xai_cli_probe.go:77.58,79.34 2 0
github.com/auucoder/gptgrok2api-go/internal/provider/xai_cli_probe.go:79.34,81.5 1 0
github.com/auucoder/gptgrok2api-go/internal/provider/xai_cli_probe.go:82.4,82.29 1 0
github.com/auucoder/gptgrok2api-go/internal/provider/xai_cli_probe.go:82.29,84.5 1 0
github.com/auucoder/gptgrok2api-go/internal/provider/xai_cli_probe.go:87.2,90.16 4 1
github.com/auucoder/gptgrok2api-go/internal/provider/xai_cli_probe.go:90.16,92.3 1 0
github.com/auucoder/gptgrok2api-go/internal/provider/xai_cli_probe.go:93.2,95.16 3 1
github.com/auucoder/gptgrok2api-go/internal/provider/xai_cli_probe.go:95.16,97.3 1 0
github.com/auucoder/gptgrok2api-go/internal/provider/xai_cli_probe.go:98.2,101.110 4 1
github.com/auucoder/gptgrok2api-go/internal/provider/xai_cli_probe.go:101.110,102.72 1 1
github.com/auucoder/gptgrok2api-go/internal/provider/xai_cli_probe.go:102.72,104.34 2 1
github.com/auucoder/gptgrok2api-go/internal/provider/xai_cli_probe.go:104.34,106.5 1 1
github.com/auucoder/gptgrok2api-go/internal/provider/xai_cli_probe.go:107.4,107.29 1 1
github.com/auucoder/gptgrok2api-go/internal/provider/xai_cli_probe.go:107.29,109.5 1 1
github.com/auucoder/gptgrok2api-go/internal/provider/xai_cli_probe.go:110.4,111.62 2 1
github.com/auucoder/gptgrok2api-go/internal/provider/xai_cli_probe.go:114.2,115.9 2 0
github.com/auucoder/gptgrok2api-go/internal/provider/xai_cli_probe.go:116.55,117.26 1 0
github.com/auucoder/gptgrok2api-go/internal/provider/xai_cli_probe.go:118.53,119.28 1 0
github.com/auucoder/gptgrok2api-go/internal/provider/xai_cli_probe.go:120.93,121.28 1 0
github.com/auucoder/gptgrok2api-go/internal/provider/xai_cli_probe.go:122.10,123.28 1 0
github.com/auucoder/gptgrok2api-go/internal/provider/xai_cli_probe.go:125.2,125.60 1 0
github.com/auucoder/gptgrok2api-go/internal/provider/xai_cli_probe.go:125.60,127.3 1 0
github.com/auucoder/gptgrok2api-go/internal/provider/xai_cli_probe.go:128.2,128.15 1 0
github.com/auucoder/gptgrok2api-go/internal/provider/xai_cli_probe.go:131.123,134.16 3 1
github.com/auucoder/gptgrok2api-go/internal/provider/xai_cli_probe.go:134.16,136.3 1 0
github.com/auucoder/gptgrok2api-go/internal/provider/xai_cli_probe.go:137.2,139.16 3 1
github.com/auucoder/gptgrok2api-go/internal/provider/xai_cli_probe.go:139.16,141.3 1 0
github.com/auucoder/gptgrok2api-go/internal/provider/xai_cli_probe.go:142.2,146.53 5 1
github.com/auucoder/gptgrok2api-go/internal/provider/xai_cli_probe.go:146.53,148.3 1 1
github.com/auucoder/gptgrok2api-go/internal/provider/xai_cli_probe.go:148.8,148.35 1 0
github.com/auucoder/gptgrok2api-go/internal/provider/xai_cli_probe.go:148.35,150.3 1 0
github.com/auucoder/gptgrok2api-go/internal/provider/xai_cli_probe.go:150.8,150.61 1 0
github.com/auucoder/gptgrok2api-go/internal/provider/xai_cli_probe.go:150.61,152.3 1 0
github.com/auucoder/gptgrok2api-go/internal/provider/xai_cli_probe.go:152.8,154.3 1 0
github.com/auucoder/gptgrok2api-go/internal/provider/xai_cli_probe.go:155.2,155.60 1 1
github.com/auucoder/gptgrok2api-go/internal/provider/xai_cli_probe.go:155.60,157.3 1 1
github.com/auucoder/gptgrok2api-go/internal/provider/xai_cli_probe.go:158.2,158.15 1 1
github.com/auucoder/gptgrok2api-go/internal/provider/xai_cli_probe.go:161.89,164.16 3 1
github.com/auucoder/gptgrok2api-go/internal/provider/xai_cli_probe.go:164.16,166.3 1 0
github.com/auucoder/gptgrok2api-go/internal/provider/xai_cli_probe.go:167.2,170.16 4 1
github.com/auucoder/gptgrok2api-go/internal/provider/xai_cli_probe.go:170.16,172.3 1 0
github.com/auucoder/gptgrok2api-go/internal/provider/xai_cli_probe.go:173.2,177.69 5 1
github.com/auucoder/gptgrok2api-go/internal/provider/xai_cli_probe.go:177.69,179.3 1 0
github.com/auucoder/gptgrok2api-go/internal/provider/xai_cli_probe.go:180.2,180.134 1 1
github.com/auucoder/gptgrok2api-go/internal/provider/xai_cli_probe.go:185.79,187.16 2 1
github.com/auucoder/gptgrok2api-go/internal/provider/xai_cli_probe.go:187.16,189.3 1 0
github.com/auucoder/gptgrok2api-go/internal/provider/xai_cli_probe.go:190.2,192.16 3 1
github.com/auucoder/gptgrok2api-go/internal/provider/xai_cli_probe.go:192.16,194.3 1 0
github.com/auucoder/gptgrok2api-go/internal/provider/xai_cli_probe.go:195.2,196.53 2 1
github.com/auucoder/gptgrok2api-go/internal/provider/xai_cli_probe.go:196.53,198.3 1 0
github.com/auucoder/gptgrok2api-go/internal/provider/xai_cli_probe.go:199.2,200.76 2 1
github.com/auucoder/gptgrok2api-go/internal/provider/xai_cli_probe.go:200.76,202.3 1 0
github.com/auucoder/gptgrok2api-go/internal/provider/xai_cli_probe.go:203.2,204.9 2 1
github.com/auucoder/gptgrok2api-go/internal/provider/xai_cli_probe.go:204.9,206.3 1 0
github.com/auucoder/gptgrok2api-go/internal/provider/xai_cli_probe.go:207.2,207.99 1 1
github.com/auucoder/gptgrok2api-go/internal/provider/xai_cli_probe.go:210.53,215.2 4 1
github.com/auucoder/gptgrok2api-go/internal/provider/xai_cli_probe.go:216.44,219.54 3 1
github.com/auucoder/gptgrok2api-go/internal/provider/xai_cli_probe.go:219.54,221.3 1 1
github.com/auucoder/gptgrok2api-go/internal/provider/xai_cli_probe.go:222.2,222.123 1 1
github.com/auucoder/gptgrok2api-go/internal/provider/xai_cli_probe.go:224.38,226.21 2 1
github.com/auucoder/gptgrok2api-go/internal/provider/xai_cli_probe.go:226.21,228.3 1 1
github.com/auucoder/gptgrok2api-go/internal/provider/xai_cli_probe.go:229.2,230.16 2 0
github.com/auucoder/gptgrok2api-go/internal/provider/xai_cli_probe.go:230.16,232.3 1 0
github.com/auucoder/gptgrok2api-go/internal/provider/xai_cli_probe.go:233.2,234.41 2 0
github.com/auucoder/gptgrok2api-go/internal/provider/xai_cli_probe.go:234.41,236.3 1 0
github.com/auucoder/gptgrok2api-go/internal/provider/xai_cli_probe.go:237.2,238.77 2 0
github.com/auucoder/gptgrok2api-go/internal/provider/xai_cli_probe.go:240.45,241.31 1 1
github.com/auucoder/gptgrok2api-go/internal/provider/xai_cli_probe.go:242.15,243.21 1 1
github.com/auucoder/gptgrok2api-go/internal/provider/xai_cli_probe.go:244.19,246.23 2 0
github.com/auucoder/gptgrok2api-go/internal/provider/xai_cli_probe.go:247.11,248.30 1 1
github.com/auucoder/gptgrok2api-go/internal/provider/xai_cli_probe.go:249.13,250.30 1 0
github.com/auucoder/gptgrok2api-go/internal/provider/xai_cli_probe.go:252.2,252.17 1 1
github.com/auucoder/gptgrok2api-go/internal/provider/xai_cli_probe.go:255.48,256.31 1 1
github.com/auucoder/gptgrok2api-go/internal/provider/xai_cli_probe.go:256.31,257.37 1 1
github.com/auucoder/gptgrok2api-go/internal/provider/xai_cli_probe.go:257.37,259.4 1 1
github.com/auucoder/gptgrok2api-go/internal/provider/xai_cli_probe.go:261.2,261.11 1 0
github.com/auucoder/gptgrok2api-go/internal/store/json.go:43.64,49.2 1 1
github.com/auucoder/gptgrok2api-go/internal/store/json.go:51.39,53.2 1 0
github.com/auucoder/gptgrok2api-go/internal/store/json.go:55.39,57.2 1 0
github.com/auucoder/gptgrok2api-go/internal/store/json.go:59.58,61.16 2 0
github.com/auucoder/gptgrok2api-go/internal/store/json.go:61.16,63.3 1 0
github.com/auucoder/gptgrok2api-go/internal/store/json.go:64.2,64.37 1 0
github.com/auucoder/gptgrok2api-go/internal/store/json.go:67.60,73.56 6 1
github.com/auucoder/gptgrok2api-go/internal/store/json.go:73.56,75.3 1 0
github.com/auucoder/gptgrok2api-go/internal/store/json.go:76.2,78.12 3 1
github.com/auucoder/gptgrok2api-go/internal/store/json.go:83.69,85.22 2 1
github.com/auucoder/gptgrok2api-go/internal/store/json.go:85.22,89.3 3 1
github.com/auucoder/gptgrok2api-go/internal/store/json.go:90.2,94.47 4 0
github.com/auucoder/gptgrok2api-go/internal/store/json.go:94.47,96.3 1 0
github.com/auucoder/gptgrok2api-go/internal/store/json.go:97.2,97.49 1 0
github.com/auucoder/gptgrok2api-go/internal/store/json.go:100.58,104.2 3 0
github.com/auucoder/gptgrok2api-go/internal/store/json.go:106.60,110.2 3 0
github.com/auucoder/gptgrok2api-go/internal/store/json.go:112.50,116.2 3 0
github.com/auucoder/gptgrok2api-go/internal/store/json.go:118.77,122.16 4 0
github.com/auucoder/gptgrok2api-go/internal/store/json.go:122.16,124.3 1 0
github.com/auucoder/gptgrok2api-go/internal/store/json.go:125.2,126.57 2 0
github.com/auucoder/gptgrok2api-go/internal/store/json.go:126.57,128.3 1 0
github.com/auucoder/gptgrok2api-go/internal/store/json.go:129.2,129.21 1 0
github.com/auucoder/gptgrok2api-go/internal/store/json.go:132.97,136.16 4 0
github.com/auucoder/gptgrok2api-go/internal/store/json.go:136.16,138.3 1 0
github.com/auucoder/gptgrok2api-go/internal/store/json.go:139.2,140.16 2 0
github.com/auucoder/gptgrok2api-go/internal/store/json.go:140.16,142.3 1 0
github.com/auucoder/gptgrok2api-go/internal/store/json.go:143.2,144.57 2 0
github.com/auucoder/gptgrok2api-go/internal/store/json.go:144.57,146.3 1 0
github.com/auucoder/gptgrok2api-go/internal/store/json.go:147.2,147.21 1 0
github.com/auucoder/gptgrok2api-go/internal/store/json.go:150.59,154.2 3 0
github.com/auucoder/gptgrok2api-go/internal/store/json.go:156.61,158.17 2 1
github.com/auucoder/gptgrok2api-go/internal/store/json.go:158.17,160.3 1 0
github.com/auucoder/gptgrok2api-go/internal/store/json.go:161.2,167.16 6 1
github.com/auucoder/gptgrok2api-go/internal/store/json.go:167.16,169.3 1 0
github.com/auucoder/gptgrok2api-go/internal/store/json.go:170.2,170.33 1 1
github.com/auucoder/gptgrok2api-go/internal/store/json.go:170.33,171.60 1 1
github.com/auucoder/gptgrok2api-go/internal/store/json.go:171.60,172.12 1 0
github.com/auucoder/gptgrok2api-go/internal/store/json.go:174.3,175.92 2 1
github.com/auucoder/gptgrok2api-go/internal/store/json.go:175.92,176.12 1 0
github.com/auucoder/gptgrok2api-go/internal/store/json.go:178.3,182.38 5 1
github.com/auucoder/gptgrok2api-go/internal/store/json.go:184.2,184.26 1 0
github.com/auucoder/gptgrok2api-go/internal/store/json.go:187.71,191.16 4 0
github.com/auucoder/gptgrok2api-go/internal/store/json.go:191.16,193.3 1 0
github.com/auucoder/gptgrok2api-go/internal/store/json.go:194.2,195.29 2 0
github.com/auucoder/gptgrok2api-go/internal/store/json.go:195.29,196.88 1 0
github.com/auucoder/gptgrok2api-go/internal/store/json.go:196.88,197.12 1 0
github.com/auucoder/gptgrok2api-go/internal/store/json.go:199.3,199.43 1 0
github.com/auucoder/gptgrok2api-go/internal/store/json.go:201.2,201.20 1 0
github.com/auucoder/gptgrok2api-go/internal/store/json.go:204.88,206.39 2 1
github.com/auucoder/gptgrok2api-go/internal/store/json.go:206.39,208.3 1 0
github.com/auucoder/gptgrok2api-go/internal/store/json.go:210.2,213.16 4 1
github.com/auucoder/gptgrok2api-go/internal/store/json.go:213.16,215.3 1 0
github.com/auucoder/gptgrok2api-go/internal/store/json.go:216.2,218.16 3 1
github.com/auucoder/gptgrok2api-go/internal/store/json.go:218.16,220.3 1 0
github.com/auucoder/gptgrok2api-go/internal/store/json.go:221.2,222.127 2 1
github.com/auucoder/gptgrok2api-go/internal/store/json.go:222.127,224.3 1 0
github.com/auucoder/gptgrok2api-go/internal/store/json.go:225.2,225.29 1 1
github.com/auucoder/gptgrok2api-go/internal/store/json.go:225.29,226.91 1 0
github.com/auucoder/gptgrok2api-go/internal/store/json.go:226.91,228.4 1 0
github.com/auucoder/gptgrok2api-go/internal/store/json.go:230.2,240.82 3 1
github.com/auucoder/gptgrok2api-go/internal/store/json.go:240.82,242.3 1 0
github.com/auucoder/gptgrok2api-go/internal/store/json.go:243.2,243.37 1 1
github.com/auucoder/gptgrok2api-go/internal/store/json.go:246.109,250.16 4 0
github.com/auucoder/gptgrok2api-go/internal/store/json.go:250.16,252.3 1 0
github.com/auucoder/gptgrok2api-go/internal/store/json.go:253.2,253.33 1 0
github.com/auucoder/gptgrok2api-go/internal/store/json.go:253.33,254.55 1 0
github.com/auucoder/gptgrok2api-go/internal/store/json.go:254.55,255.12 1 0
github.com/auucoder/gptgrok2api-go/internal/store/json.go:257.3,257.88 1 0
github.com/auucoder/gptgrok2api-go/internal/store/json.go:257.88,259.4 1 0
github.com/auucoder/gptgrok2api-go/internal/store/json.go:260.3,261.39 2 0
github.com/auucoder/gptgrok2api-go/internal/store/json.go:261.39,263.4 1 0
github.com/auucoder/gptgrok2api-go/internal/store/json.go:264.3,264.42 1 0
github.com/auucoder/gptgrok2api-go/internal/store/json.go:264.42,266.4 1 0
github.com/auucoder/gptgrok2api-go/internal/store/json.go:267.3,267.38 1 0
github.com/auucoder/gptgrok2api-go/internal/store/json.go:267.38,269.20 2 0
github.com/auucoder/gptgrok2api-go/internal/store/json.go:269.20,271.5 1 0
github.com/auucoder/gptgrok2api-go/internal/store/json.go:272.4,272.92 1 0
github.com/auucoder/gptgrok2api-go/internal/store/json.go:272.92,274.5 1 0
github.com/auucoder/gptgrok2api-go/internal/store/json.go:275.4,275.38 1 0
github.com/auucoder/gptgrok2api-go/internal/store/json.go:277.3,278.83 2 0
github.com/auucoder/gptgrok2api-go/internal/store/json.go:278.83,280.4 1 0
github.com/auucoder/gptgrok2api-go/internal/store/json.go:281.3,281.30 1 0
github.com/auucoder/gptgrok2api-go/internal/store/json.go:283.2,283.28 1 0
github.com/auucoder/gptgrok2api-go/internal/store/json.go:286.50,290.16 4 0
github.com/auucoder/gptgrok2api-go/internal/store/json.go:290.16,292.3 1 0
github.com/auucoder/gptgrok2api-go/internal/store/json.go:293.2,295.29 3 0
github.com/auucoder/gptgrok2api-go/internal/store/json.go:295.29,297.17 2 0
github.com/auucoder/gptgrok2api-go/internal/store/json.go:297.17,299.4 1 0
github.com/auucoder/gptgrok2api-go/internal/store/json.go:300.3,300.14 1 0
github.com/auucoder/gptgrok2api-go/internal/store/json.go:300.14,302.12 2 0
github.com/auucoder/gptgrok2api-go/internal/store/json.go:304.3,304.36 1 0
github.com/auucoder/gptgrok2api-go/internal/store/json.go:306.2,306.14 1 0
github.com/auucoder/gptgrok2api-go/internal/store/json.go:306.14,308.3 1 0
github.com/auucoder/gptgrok2api-go/internal/store/json.go:309.2,309.69 1 0
github.com/auucoder/gptgrok2api-go/internal/store/json.go:312.57,314.2 1 0
github.com/auucoder/gptgrok2api-go/internal/store/json.go:316.109,321.47 5 1
github.com/auucoder/gptgrok2api-go/internal/store/json.go:321.47,323.3 1 0
github.com/auucoder/gptgrok2api-go/internal/store/json.go:324.2,326.36 3 1
github.com/auucoder/gptgrok2api-go/internal/store/json.go:326.36,327.47 1 1
github.com/auucoder/gptgrok2api-go/internal/store/json.go:327.47,329.4 1 1
github.com/auucoder/gptgrok2api-go/internal/store/json.go:331.2,334.67 2 1
github.com/auucoder/gptgrok2api-go/internal/store/json.go:334.67,335.18 1 1
github.com/auucoder/gptgrok2api-go/internal/store/json.go:335.18,337.4 1 0
github.com/auucoder/gptgrok2api-go/internal/store/json.go:338.3,338.34 1 1
github.com/auucoder/gptgrok2api-go/internal/store/json.go:338.34,341.4 2 1
github.com/auucoder/gptgrok2api-go/internal/store/json.go:342.3,344.10 3 1
github.com/auucoder/gptgrok2api-go/internal/store/json.go:346.2,346.35 1 1
github.com/auucoder/gptgrok2api-go/internal/store/json.go:346.35,348.46 2 1
github.com/auucoder/gptgrok2api-go/internal/store/json.go:348.46,352.4 3 1
github.com/auucoder/gptgrok2api-go/internal/store/json.go:354.2,354.34 1 1
github.com/auucoder/gptgrok2api-go/internal/store/json.go:354.34,356.46 2 1
github.com/auucoder/gptgrok2api-go/internal/store/json.go:356.46,364.4 1 1
github.com/auucoder/gptgrok2api-go/internal/store/json.go:366.2,366.15 1 1
github.com/auucoder/gptgrok2api-go/internal/store/json.go:366.15,367.61 1 1
github.com/auucoder/gptgrok2api-go/internal/store/json.go:367.61,369.4 1 0
github.com/auucoder/gptgrok2api-go/internal/store/json.go:370.3,372.26 3 1
github.com/auucoder/gptgrok2api-go/internal/store/json.go:374.2,374.56 1 1
github.com/auucoder/gptgrok2api-go/internal/store/json.go:377.80,382.47 5 0
github.com/auucoder/gptgrok2api-go/internal/store/json.go:382.47,384.3 1 0
github.com/auucoder/gptgrok2api-go/internal/store/json.go:385.2,387.31 3 0
github.com/auucoder/gptgrok2api-go/internal/store/json.go:387.31,388.53 1 0
github.com/auucoder/gptgrok2api-go/internal/store/json.go:388.53,390.4 1 0
github.com/auucoder/gptgrok2api-go/internal/store/json.go:392.2,394.32 3 0
github.com/auucoder/gptgrok2api-go/internal/store/json.go:394.32,395.47 1 0
github.com/auucoder/gptgrok2api-go/internal/store/json.go:395.47,397.12 2 0
github.com/auucoder/gptgrok2api-go/internal/store/json.go:399.3,399.36 1 0
github.com/auucoder/gptgrok2api-go/internal/store/json.go:401.2,401.17 1 0
github.com/auucoder/gptgrok2api-go/internal/store/json.go:401.17,402.61 1 0
github.com/auucoder/gptgrok2api-go/internal/store/json.go:402.61,404.4 1 0
github.com/auucoder/gptgrok2api-go/internal/store/json.go:405.3,406.26 2 0
github.com/auucoder/gptgrok2api-go/internal/store/json.go:408.2,408.49 1 0
github.com/auucoder/gptgrok2api-go/internal/store/json.go:411.111,416.47 5 1
github.com/auucoder/gptgrok2api-go/internal/store/json.go:416.47,418.3 1 0
github.com/auucoder/gptgrok2api-go/internal/store/json.go:419.2,420.9 2 1
github.com/auucoder/gptgrok2api-go/internal/store/json.go:420.9,422.3 1 0
github.com/auucoder/gptgrok2api-go/internal/store/json.go:423.2,423.60 1 1
github.com/auucoder/gptgrok2api-go/internal/store/json.go:423.60,425.3 1 0
github.com/auucoder/gptgrok2api-go/internal/store/json.go:426.2,429.34 4 1
github.com/auucoder/gptgrok2api-go/internal/store/json.go:429.34,431.3 1 1
github.com/auucoder/gptgrok2api-go/internal/store/json.go:432.2,432.48 1 1
github.com/auucoder/gptgrok2api-go/internal/store/json.go:438.100,441.47 3 1
github.com/auucoder/gptgrok2api-go/internal/store/json.go:441.47,443.3 1 0
github.com/auucoder/gptgrok2api-go/internal/store/json.go:444.2,445.9 2 1
github.com/auucoder/gptgrok2api-go/internal/store/json.go:445.9,447.3 1 0
github.com/auucoder/gptgrok2api-go/internal/store/json.go:448.2,452.34 5 1
github.com/auucoder/gptgrok2api-go/internal/store/json.go:452.34,454.3 1 1
github.com/auucoder/gptgrok2api-go/internal/store/json.go:455.2,455.20 1 1
github.com/auucoder/gptgrok2api-go/internal/store/json.go:460.39,462.2 1 1
github.com/auucoder/gptgrok2api-go/internal/store/json.go:467.152,469.39 2 1
github.com/auucoder/gptgrok2api-go/internal/store/json.go:469.39,471.3 1 1
github.com/auucoder/gptgrok2api-go/internal/store/json.go:472.2,472.43 1 1
github.com/auucoder/gptgrok2api-go/internal/store/json.go:472.43,474.3 1 1
github.com/auucoder/gptgrok2api-go/internal/store/json.go:475.2,475.38 1 1
github.com/auucoder/gptgrok2api-go/internal/store/json.go:475.38,477.3 1 0
github.com/auucoder/gptgrok2api-go/internal/store/json.go:478.2,497.4 7 1
github.com/auucoder/gptgrok2api-go/internal/store/json.go:497.4,499.3 1 1
github.com/auucoder/gptgrok2api-go/internal/store/json.go:500.2,500.43 1 1
github.com/auucoder/gptgrok2api-go/internal/store/json.go:503.44,504.22 1 1
github.com/auucoder/gptgrok2api-go/internal/store/json.go:504.22,506.3 1 1
github.com/auucoder/gptgrok2api-go/internal/store/json.go:507.2,508.16 2 1
github.com/auucoder/gptgrok2api-go/internal/store/json.go:508.16,510.3 1 0
github.com/auucoder/gptgrok2api-go/internal/store/json.go:511.2,515.12 5 1
github.com/auucoder/gptgrok2api-go/internal/store/json.go:518.63,523.2 4 1
github.com/auucoder/gptgrok2api-go/internal/store/json.go:525.118,527.55 2 1
github.com/auucoder/gptgrok2api-go/internal/store/json.go:527.55,529.3 1 0
github.com/auucoder/gptgrok2api-go/internal/store/json.go:530.2,532.34 3 1
github.com/auucoder/gptgrok2api-go/internal/store/json.go:532.34,534.3 1 1
github.com/auucoder/gptgrok2api-go/internal/store/json.go:535.2,537.29 3 1
github.com/auucoder/gptgrok2api-go/internal/store/json.go:540.65,541.16 1 1
github.com/auucoder/gptgrok2api-go/internal/store/json.go:541.16,543.3 1 0
github.com/auucoder/gptgrok2api-go/internal/store/json.go:544.2,544.28 1 1
github.com/auucoder/gptgrok2api-go/internal/store/json.go:544.28,546.3 1 0
github.com/auucoder/gptgrok2api-go/internal/store/json.go:547.2,547.49 1 1
github.com/auucoder/gptgrok2api-go/internal/store/json.go:547.49,552.3 4 0
github.com/auucoder/gptgrok2api-go/internal/store/json.go:555.48,560.43 4 1
github.com/auucoder/gptgrok2api-go/internal/store/json.go:560.43,563.3 2 0
github.com/auucoder/gptgrok2api-go/internal/store/json.go:564.2,568.57 4 1
github.com/auucoder/gptgrok2api-go/internal/store/json.go:568.57,570.3 1 0
github.com/auucoder/gptgrok2api-go/internal/store/json.go:571.2,572.36 2 1
github.com/auucoder/gptgrok2api-go/internal/store/json.go:572.36,574.3 1 1
github.com/auucoder/gptgrok2api-go/internal/store/json.go:575.2,576.12 2 1
github.com/auucoder/gptgrok2api-go/internal/store/json.go:579.58,581.29 2 1
github.com/auucoder/gptgrok2api-go/internal/store/json.go:581.29,582.47 1 1
github.com/auucoder/gptgrok2api-go/internal/store/json.go:582.47,584.4 1 1
github.com/auucoder/gptgrok2api-go/internal/store/json.go:586.2,586.14 1 1
github.com/auucoder/gptgrok2api-go/internal/store/json.go:589.64,591.29 2 1
github.com/auucoder/gptgrok2api-go/internal/store/json.go:591.29,593.3 1 1
github.com/auucoder/gptgrok2api-go/internal/store/json.go:594.2,594.15 1 1
github.com/auucoder/gptgrok2api-go/internal/store/json.go:597.66,599.16 2 1
github.com/auucoder/gptgrok2api-go/internal/store/json.go:599.16,601.3 1 0
github.com/auucoder/gptgrok2api-go/internal/store/json.go:602.2,603.45 2 1
github.com/auucoder/gptgrok2api-go/internal/store/json.go:603.45,605.3 1 0
github.com/auucoder/gptgrok2api-go/internal/store/json.go:606.2,606.19 1 1
github.com/auucoder/gptgrok2api-go/internal/store/json.go:609.72,611.29 2 1
github.com/auucoder/gptgrok2api-go/internal/store/json.go:611.29,613.3 1 1
github.com/auucoder/gptgrok2api-go/internal/store/json.go:614.2,614.19 1 1
github.com/auucoder/gptgrok2api-go/internal/store/json.go:617.54,619.16 2 1
github.com/auucoder/gptgrok2api-go/internal/store/json.go:619.16,620.25 1 1
github.com/auucoder/gptgrok2api-go/internal/store/json.go:620.25,622.4 1 1
github.com/auucoder/gptgrok2api-go/internal/store/json.go:623.3,623.18 1 0
github.com/auucoder/gptgrok2api-go/internal/store/json.go:625.2,625.19 1 0
github.com/auucoder/gptgrok2api-go/internal/store/json.go:625.19,627.3 1 0
github.com/auucoder/gptgrok2api-go/internal/store/json.go:628.2,629.52 2 0
github.com/auucoder/gptgrok2api-go/internal/store/json.go:629.52,631.3 1 0
github.com/auucoder/gptgrok2api-go/internal/store/json.go:632.2,632.35 1 0
github.com/auucoder/gptgrok2api-go/internal/store/json.go:632.35,634.3 1 0
github.com/auucoder/gptgrok2api-go/internal/store/json.go:635.2,635.32 1 0
github.com/auucoder/gptgrok2api-go/internal/store/json.go:638.55,640.16 2 1
github.com/auucoder/gptgrok2api-go/internal/store/json.go:640.16,641.25 1 1
github.com/auucoder/gptgrok2api-go/internal/store/json.go:641.25,643.4 1 1
github.com/auucoder/gptgrok2api-go/internal/store/json.go:644.3,644.18 1 0
github.com/auucoder/gptgrok2api-go/internal/store/json.go:646.2,646.19 1 1
github.com/auucoder/gptgrok2api-go/internal/store/json.go:646.19,648.3 1 0
github.com/auucoder/gptgrok2api-go/internal/store/json.go:649.2,650.52 2 1
github.com/auucoder/gptgrok2api-go/internal/store/json.go:650.52,652.3 1 0
github.com/auucoder/gptgrok2api-go/internal/store/json.go:653.2,653.46 1 1
github.com/auucoder/gptgrok2api-go/internal/store/json.go:653.46,654.48 1 1
github.com/auucoder/gptgrok2api-go/internal/store/json.go:654.48,656.4 1 1
github.com/auucoder/gptgrok2api-go/internal/store/json.go:658.2,658.35 1 0
github.com/auucoder/gptgrok2api-go/internal/store/json.go:658.35,660.3 1 0
github.com/auucoder/gptgrok2api-go/internal/store/json.go:661.2,661.32 1 0
github.com/auucoder/gptgrok2api-go/internal/store/json.go:664.51,666.16 2 0
github.com/auucoder/gptgrok2api-go/internal/store/json.go:666.16,667.25 1 0
github.com/auucoder/gptgrok2api-go/internal/store/json.go:667.25,669.4 1 0
github.com/auucoder/gptgrok2api-go/internal/store/json.go:670.3,670.18 1 0
github.com/auucoder/gptgrok2api-go/internal/store/json.go:672.2,672.19 1 0
github.com/auucoder/gptgrok2api-go/internal/store/json.go:672.19,674.3 1 0
github.com/auucoder/gptgrok2api-go/internal/store/json.go:675.2,676.52 2 0
github.com/auucoder/gptgrok2api-go/internal/store/json.go:676.52,678.3 1 0
github.com/auucoder/gptgrok2api-go/internal/store/json.go:679.2,679.19 1 0
github.com/auucoder/gptgrok2api-go/internal/store/json.go:682.44,684.2 1 1
github.com/auucoder/gptgrok2api-go/internal/store/json.go:686.46,687.35 1 1
github.com/auucoder/gptgrok2api-go/internal/store/json.go:687.35,689.3 1 0
github.com/auucoder/gptgrok2api-go/internal/store/json.go:690.2,690.63 1 1
github.com/auucoder/gptgrok2api-go/internal/store/json.go:690.63,692.3 1 0
github.com/auucoder/gptgrok2api-go/internal/store/json.go:693.2,694.16 2 1
github.com/auucoder/gptgrok2api-go/internal/store/json.go:694.16,696.3 1 0
github.com/auucoder/gptgrok2api-go/internal/store/json.go:697.2,699.16 3 1
github.com/auucoder/gptgrok2api-go/internal/store/json.go:699.16,701.3 1 0
github.com/auucoder/gptgrok2api-go/internal/store/json.go:702.2,704.42 3 1
github.com/auucoder/gptgrok2api-go/internal/store/json.go:704.42,707.3 2 0
github.com/auucoder/gptgrok2api-go/internal/store/json.go:708.2,708.43 1 1
github.com/auucoder/gptgrok2api-go/internal/store/json.go:708.43,711.3 2 0
github.com/auucoder/gptgrok2api-go/internal/store/json.go:712.2,712.36 1 1
github.com/auucoder/gptgrok2api-go/internal/store/json.go:712.36,715.3 2 0
github.com/auucoder/gptgrok2api-go/internal/store/json.go:716.2,716.37 1 1
github.com/auucoder/gptgrok2api-go/internal/store/json.go:716.37,718.3 1 0
github.com/auucoder/gptgrok2api-go/internal/store/json.go:719.2,719.50 1 1
github.com/auucoder/gptgrok2api-go/internal/store/json.go:719.50,721.3 1 0
github.com/auucoder/gptgrok2api-go/internal/store/json.go:722.2,722.12 1 1
github.com/auucoder/gptgrok2api-go/internal/store/json.go:725.47,727.29 2 1
github.com/auucoder/gptgrok2api-go/internal/store/json.go:727.29,728.46 1 1
github.com/auucoder/gptgrok2api-go/internal/store/json.go:728.46,730.4 1 1
github.com/auucoder/gptgrok2api-go/internal/store/json.go:732.2,732.15 1 1
github.com/auucoder/gptgrok2api-go/internal/store/json.go:735.53,744.2 1 1
github.com/auucoder/gptgrok2api-go/internal/store/json.go:746.52,755.2 1 1
github.com/auucoder/gptgrok2api-go/internal/store/json.go:757.72,759.2 1 1
github.com/auucoder/gptgrok2api-go/internal/store/json.go:761.93,763.16 2 1
github.com/auucoder/gptgrok2api-go/internal/store/json.go:763.16,764.39 1 1
github.com/auucoder/gptgrok2api-go/internal/store/json.go:764.39,766.4 1 0
github.com/auucoder/gptgrok2api-go/internal/store/json.go:766.9,768.4 1 1
github.com/auucoder/gptgrok2api-go/internal/store/json.go:770.2,770.47 1 1
github.com/auucoder/gptgrok2api-go/internal/store/json.go:770.47,772.3 1 1
github.com/auucoder/gptgrok2api-go/internal/store/json.go:773.2,773.30 1 0
github.com/auucoder/gptgrok2api-go/internal/store/json.go:773.30,775.53 2 0
github.com/auucoder/gptgrok2api-go/internal/store/json.go:775.53,777.4 1 0
github.com/auucoder/gptgrok2api-go/internal/store/json.go:781.76,782.29 1 1
github.com/auucoder/gptgrok2api-go/internal/store/json.go:782.29,783.44 1 0
github.com/auucoder/gptgrok2api-go/internal/store/json.go:783.44,784.12 1 0
github.com/auucoder/gptgrok2api-go/internal/store/json.go:786.3,786.58 1 0
github.com/auucoder/gptgrok2api-go/internal/store/json.go:786.58,787.12 1 0
github.com/auucoder/gptgrok2api-go/internal/store/json.go:789.3,789.59 1 0
github.com/auucoder/gptgrok2api-go/internal/store/json.go:789.59,791.4 1 0
github.com/auucoder/gptgrok2api-go/internal/store/json.go:793.2,793.14 1 1
github.com/auucoder/gptgrok2api-go/internal/store/json.go:796.34,798.45 2 1
github.com/auucoder/gptgrok2api-go/internal/store/json.go:798.45,800.3 1 0
github.com/auucoder/gptgrok2api-go/internal/store/json.go:801.2,801.48 1 1
github.com/auucoder/gptgrok2api-go/internal/store/json.go:804.24,806.45 2 1
github.com/auucoder/gptgrok2api-go/internal/store/json.go:806.45,808.3 1 0
github.com/auucoder/gptgrok2api-go/internal/store/json.go:809.2,809.35 1 1
github.com/auucoder/gptgrok2api-go/internal/store/json.go:812.35,815.2 2 1
github.com/auucoder/gptgrok2api-go/internal/store/json.go:817.47,818.61 1 1
github.com/auucoder/gptgrok2api-go/internal/store/json.go:818.61,820.3 1 1
github.com/auucoder/gptgrok2api-go/internal/store/json.go:821.2,821.41 1 1
github.com/auucoder/gptgrok2api-go/internal/store/json.go:824.44,825.40 1 1
github.com/auucoder/gptgrok2api-go/internal/store/json.go:825.40,826.61 1 1
github.com/auucoder/gptgrok2api-go/internal/store/json.go:826.61,828.4 1 1
github.com/auucoder/gptgrok2api-go/internal/store/json.go:830.2,830.34 1 1
github.com/auucoder/gptgrok2api-go/internal/store/json.go:830.34,832.3 1 1
github.com/auucoder/gptgrok2api-go/internal/store/json.go:833.2,833.39 1 1
github.com/auucoder/gptgrok2api-go/internal/store/json.go:833.39,835.3 1 1
github.com/auucoder/gptgrok2api-go/internal/store/json.go:836.2,836.35 1 1
github.com/auucoder/gptgrok2api-go/internal/store/json.go:836.35,838.3 1 1
github.com/auucoder/gptgrok2api-go/internal/store/json.go:839.2,839.38 1 1
github.com/auucoder/gptgrok2api-go/internal/store/json.go:839.38,841.3 1 1
github.com/auucoder/gptgrok2api-go/internal/store/json.go:844.52,846.32 2 1
github.com/auucoder/gptgrok2api-go/internal/store/json.go:846.32,848.3 1 1
github.com/auucoder/gptgrok2api-go/internal/store/json.go:849.2,849.15 1 1
github.com/auucoder/gptgrok2api-go/internal/store/json.go:852.36,853.18 1 1
github.com/auucoder/gptgrok2api-go/internal/store/json.go:853.18,855.3 1 1
github.com/auucoder/gptgrok2api-go/internal/store/json.go:856.2,856.45 1 1
github.com/auucoder/gptgrok2api-go/internal/store/json.go:859.47,860.18 1 1
github.com/auucoder/gptgrok2api-go/internal/store/json.go:860.18,862.3 1 0
github.com/auucoder/gptgrok2api-go/internal/store/json.go:863.2,863.31 1 1
github.com/auucoder/gptgrok2api-go/internal/store/json.go:864.12,865.15 1 1
github.com/auucoder/gptgrok2api-go/internal/store/json.go:866.14,867.52 1 0
github.com/auucoder/gptgrok2api-go/internal/store/json.go:868.33,869.15 1 0
github.com/auucoder/gptgrok2api-go/internal/store/json.go:870.34,871.16 1 0
github.com/auucoder/gptgrok2api-go/internal/store/json.go:874.2,874.17 1 0
github.com/auucoder/gptgrok2api-go/internal/register/http_drivers.go:22.102,23.19 1 0
github.com/auucoder/gptgrok2api-go/internal/register/http_drivers.go:23.19,25.3 1 0
github.com/auucoder/gptgrok2api-go/internal/register/http_drivers.go:26.2,26.206 1 0
github.com/auucoder/gptgrok2api-go/internal/register/http_drivers.go:29.86,31.16 2 0
github.com/auucoder/gptgrok2api-go/internal/register/http_drivers.go:31.16,33.3 1 0
github.com/auucoder/gptgrok2api-go/internal/register/http_drivers.go:34.2,35.16 2 0
github.com/auucoder/gptgrok2api-go/internal/register/http_drivers.go:35.16,37.3 1 0
github.com/auucoder/gptgrok2api-go/internal/register/http_drivers.go:38.2,38.18 1 0
github.com/auucoder/gptgrok2api-go/internal/register/http_drivers.go:41.81,43.16 2 0
github.com/auucoder/gptgrok2api-go/internal/register/http_drivers.go:43.16,45.3 1 0
github.com/auucoder/gptgrok2api-go/internal/register/http_drivers.go:46.2,47.17 2 0
github.com/auucoder/gptgrok2api-go/internal/register/http_drivers.go:47.17,49.3 1 0
github.com/auucoder/gptgrok2api-go/internal/register/http_drivers.go:50.2,50.19 1 0
github.com/auucoder/gptgrok2api-go/internal/register/http_drivers.go:53.132,55.16 2 0
github.com/auucoder/gptgrok2api-go/internal/register/http_drivers.go:55.16,57.3 1 0
github.com/auucoder/gptgrok2api-go/internal/register/http_drivers.go:58.2,59.17 2 0
github.com/auucoder/gptgrok2api-go/internal/register/http_drivers.go:59.17,61.3 1 0
github.com/auucoder/gptgrok2api-go/internal/register/http_drivers.go:62.2,62.154 1 0
github.com/auucoder/gptgrok2api-go/internal/register/http_drivers.go:65.114,66.20 1 0
github.com/auucoder/gptgrok2api-go/internal/register/http_drivers.go:66.20,68.3 1 0
github.com/auucoder/gptgrok2api-go/internal/register/http_drivers.go:69.2,71.16 3 0
github.com/auucoder/gptgrok2api-go/internal/register/http_drivers.go:71.16,73.3 1 0
github.com/auucoder/gptgrok2api-go/internal/register/http_drivers.go:74.2,76.20 3 0
github.com/auucoder/gptgrok2api-go/internal/register/http_drivers.go:76.20,79.3 2 0
github.com/auucoder/gptgrok2api-go/internal/register/http_drivers.go:80.2,81.16 2 0
github.com/auucoder/gptgrok2api-go/internal/register/http_drivers.go:81.16,83.3 1 0
github.com/auucoder/gptgrok2api-go/internal/register/http_drivers.go:84.2,88.53 5 0
github.com/auucoder/gptgrok2api-go/internal/register/http_drivers.go:88.53,90.3 1 0
github.com/auucoder/gptgrok2api-go/internal/register/http_drivers.go:91.2,91.19 1 0
github.com/auucoder/gptgrok2api-go/internal/register/http_drivers.go:94.57,95.27 1 0
github.com/auucoder/gptgrok2api-go/internal/register/http_drivers.go:95.27,96.87 1 0
github.com/auucoder/gptgrok2api-go/internal/register/http_drivers.go:96.87,98.4 1 0
github.com/auucoder/gptgrok2api-go/internal/register/http_drivers.go:100.2,100.11 1 0
github.com/auucoder/gptgrok2api-go/internal/register/runtime.go:50.28,50.49 1 1
github.com/auucoder/gptgrok2api-go/internal/register/runtime.go:52.93,56.2 3 0
github.com/auucoder/gptgrok2api-go/internal/register/runtime.go:58.45,61.118 3 1
github.com/auucoder/gptgrok2api-go/internal/register/runtime.go:61.118,63.3 1 0
github.com/auucoder/gptgrok2api-go/internal/register/runtime.go:64.2,64.64 1 1
github.com/auucoder/gptgrok2api-go/internal/register/runtime.go:67.46,70.28 3 1
github.com/auucoder/gptgrok2api-go/internal/register/runtime.go:70.28,73.3 2 1
github.com/auucoder/gptgrok2api-go/internal/register/runtime.go:74.2,77.12 4 0
github.com/auucoder/gptgrok2api-go/internal/register/runtime.go:80.51,81.118 1 1
github.com/auucoder/gptgrok2api-go/internal/register/runtime.go:81.118,83.3 1 0
github.com/auucoder/gptgrok2api-go/internal/register/runtime.go:84.2,84.64 1 1
github.com/auucoder/gptgrok2api-go/internal/register/runtime.go:87.26,91.2 3 0
github.com/auucoder/gptgrok2api-go/internal/register/runtime.go:93.105,98.67 5 0
github.com/auucoder/gptgrok2api-go/internal/register/runtime.go:98.67,100.3 1 0
github.com/auucoder/gptgrok2api-go/internal/register/runtime.go:101.2,102.16 2 0
github.com/auucoder/gptgrok2api-go/internal/register/runtime.go:102.16,104.3 1 0
github.com/auucoder/gptgrok2api-go/internal/register/runtime.go:105.2,106.16 2 0
github.com/auucoder/gptgrok2api-go/internal/register/runtime.go:106.16,108.3 1 0
github.com/auucoder/gptgrok2api-go/internal/register/runtime.go:109.2,109.58 1 0
github.com/auucoder/gptgrok2api-go/internal/register/runtime.go:112.56,124.25 4 1
github.com/auucoder/gptgrok2api-go/internal/register/runtime.go:124.25,126.3 1 0
github.com/auucoder/gptgrok2api-go/internal/register/runtime.go:127.2,127.15 1 1
github.com/auucoder/gptgrok2api-go/internal/register/store.go:25.50,27.2 1 1
github.com/auucoder/gptgrok2api-go/internal/register/store.go:29.38,33.2 3 0
github.com/auucoder/gptgrok2api-go/internal/register/store.go:35.72,39.34 4 0
github.com/auucoder/gptgrok2api-go/internal/register/store.go:39.34,40.48 1 0
github.com/auucoder/gptgrok2api-go/internal/register/store.go:40.48,41.12 1 0
github.com/auucoder/gptgrok2api-go/internal/register/store.go:43.3,43.23 1 0
github.com/auucoder/gptgrok2api-go/internal/register/store.go:45.2,45.61 1 0
github.com/auucoder/gptgrok2api-go/internal/register/store.go:45.61,47.3 1 0
github.com/auucoder/gptgrok2api-go/internal/register/store.go:48.2,48.31 1 0
github.com/auucoder/gptgrok2api-go/internal/register/store.go:51.49,53.2 1 1
github.com/auucoder/gptgrok2api-go/internal/register/store.go:55.48,57.2 1 0
github.com/auucoder/gptgrok2api-go/internal/register/store.go:59.66,61.2 1 0
github.com/auucoder/gptgrok2api-go/internal/register/store.go:63.49,67.59 4 0
github.com/auucoder/gptgrok2api-go/internal/register/store.go:67.59,69.3 1 0
github.com/auucoder/gptgrok2api-go/internal/register/store.go:70.2,70.29 1 0
github.com/auucoder/gptgrok2api-go/internal/register/store.go:75.63,80.29 5 0
github.com/auucoder/gptgrok2api-go/internal/register/store.go:80.29,82.17 2 0
github.com/auucoder/gptgrok2api-go/internal/register/store.go:83.51,85.62 2 0
github.com/auucoder/gptgrok2api-go/internal/register/store.go:88.2,91.59 4 0
github.com/auucoder/gptgrok2api-go/internal/register/store.go:91.59,93.3 1 0
github.com/auucoder/gptgrok2api-go/internal/register/store.go:94.2,94.29 1 0
github.com/auucoder/gptgrok2api-go/internal/register/store.go:99.64,107.29 8 0
github.com/auucoder/gptgrok2api-go/internal/register/store.go:107.29,108.59 1 0
github.com/auucoder/gptgrok2api-go/internal/register/store.go:108.59,110.4 1 0
github.com/auucoder/gptgrok2api-go/internal/register/store.go:110.9,112.4 1 0
github.com/auucoder/gptgrok2api-go/internal/register/store.go:114.2,115.59 2 0
github.com/auucoder/gptgrok2api-go/internal/register/store.go:115.59,117.3 1 0
github.com/auucoder/gptgrok2api-go/internal/register/store.go:118.2,118.77 1 0
github.com/auucoder/gptgrok2api-go/internal/register/store.go:123.59,136.2 4 0
github.com/auucoder/gptgrok2api-go/internal/register/store.go:138.84,145.59 7 0
github.com/auucoder/gptgrok2api-go/internal/register/store.go:145.59,147.3 1 0
github.com/auucoder/gptgrok2api-go/internal/register/store.go:148.2,156.8 1 0
github.com/auucoder/gptgrok2api-go/internal/register/store.go:159.110,170.2 10 0
github.com/auucoder/gptgrok2api-go/internal/register/store.go:176.77,181.70 5 0
github.com/auucoder/gptgrok2api-go/internal/register/store.go:181.70,183.3 1 0
github.com/auucoder/gptgrok2api-go/internal/register/store.go:184.2,189.59 6 0
github.com/auucoder/gptgrok2api-go/internal/register/store.go:189.59,191.3 1 0
github.com/auucoder/gptgrok2api-go/internal/register/store.go:192.2,193.59 2 0
github.com/auucoder/gptgrok2api-go/internal/register/store.go:193.59,195.3 1 0
github.com/auucoder/gptgrok2api-go/internal/register/store.go:196.2,196.29 1 0
github.com/auucoder/gptgrok2api-go/internal/register/store.go:199.99,204.70 5 0
github.com/auucoder/gptgrok2api-go/internal/register/store.go:204.70,206.3 1 0
github.com/auucoder/gptgrok2api-go/internal/register/store.go:207.2,213.59 7 0
github.com/auucoder/gptgrok2api-go/internal/register/store.go:213.59,215.3 1 0
github.com/auucoder/gptgrok2api-go/internal/register/store.go:216.2,216.29 1 0
github.com/auucoder/gptgrok2api-go/internal/register/store.go:219.66,225.18 6 1
github.com/auucoder/gptgrok2api-go/internal/register/store.go:225.18,227.3 1 0
github.com/auucoder/gptgrok2api-go/internal/register/store.go:228.2,230.59 3 1
github.com/auucoder/gptgrok2api-go/internal/register/store.go:230.59,232.3 1 0
github.com/auucoder/gptgrok2api-go/internal/register/store.go:233.2,233.29 1 1
github.com/auucoder/gptgrok2api-go/internal/register/store.go:236.101,240.16 4 1
github.com/auucoder/gptgrok2api-go/internal/register/store.go:240.16,242.3 1 0
github.com/auucoder/gptgrok2api-go/internal/register/store.go:243.2,247.29 5 1
github.com/auucoder/gptgrok2api-go/internal/register/store.go:247.29,249.23 2 1
github.com/auucoder/gptgrok2api-go/internal/register/store.go:249.23,251.4 1 0
github.com/auucoder/gptgrok2api-go/internal/register/store.go:252.3,252.62 1 1
github.com/auucoder/gptgrok2api-go/internal/register/store.go:252.62,253.12 1 0
github.com/auucoder/gptgrok2api-go/internal/register/store.go:255.3,255.156 1 1
github.com/auucoder/gptgrok2api-go/internal/register/store.go:255.156,256.12 1 0
github.com/auucoder/gptgrok2api-go/internal/register/store.go:258.3,258.51 1 1
github.com/auucoder/gptgrok2api-go/internal/register/store.go:260.2,260.43 1 1
github.com/auucoder/gptgrok2api-go/internal/register/store.go:260.43,262.3 1 0
github.com/auucoder/gptgrok2api-go/internal/register/store.go:263.2,264.29 2 1
github.com/auucoder/gptgrok2api-go/internal/register/store.go:264.29,265.55 1 1
github.com/auucoder/gptgrok2api-go/internal/register/store.go:266.17,267.23 1 1
github.com/auucoder/gptgrok2api-go/internal/register/store.go:268.19,269.25 1 0
github.com/auucoder/gptgrok2api-go/internal/register/store.go:270.38,271.23 1 0
github.com/auucoder/gptgrok2api-go/internal/register/store.go:272.11,273.24 1 0
github.com/auucoder/gptgrok2api-go/internal/register/store.go:276.2,276.41 1 1
github.com/auucoder/gptgrok2api-go/internal/register/store.go:279.69,283.16 4 1
github.com/auucoder/gptgrok2api-go/internal/register/store.go:283.16,285.3 1 0
github.com/auucoder/gptgrok2api-go/internal/register/store.go:286.2,287.25 2 1
github.com/auucoder/gptgrok2api-go/internal/register/store.go:287.25,288.43 1 1
github.com/auucoder/gptgrok2api-go/internal/register/store.go:288.43,290.4 1 1
github.com/auucoder/gptgrok2api-go/internal/register/store.go:292.2,293.29 2 1
github.com/auucoder/gptgrok2api-go/internal/register/store.go:293.29,294.35 1 1
github.com/auucoder/gptgrok2api-go/internal/register/store.go:294.35,296.4 1 1
github.com/auucoder/gptgrok2api-go/internal/register/store.go:298.2,298.20 1 1
github.com/auucoder/gptgrok2api-go/internal/register/store.go:301.73,305.16 4 1
github.com/auucoder/gptgrok2api-go/internal/register/store.go:305.16,307.3 1 0
github.com/auucoder/gptgrok2api-go/internal/register/store.go:308.2,308.29 1 1
github.com/auucoder/gptgrok2api-go/internal/register/store.go:308.29,309.55 1 1
github.com/auucoder/gptgrok2api-go/internal/register/store.go:309.55,310.12 1 0
github.com/auucoder/gptgrok2api-go/internal/register/store.go:312.3,316.15 1 1
github.com/auucoder/gptgrok2api-go/internal/register/store.go:318.2,318.24 1 1
github.com/auucoder/gptgrok2api-go/internal/register/store.go:321.71,325.16 4 1
github.com/auucoder/gptgrok2api-go/internal/register/store.go:325.16,327.3 1 0
github.com/auucoder/gptgrok2api-go/internal/register/store.go:328.2,329.25 2 1
github.com/auucoder/gptgrok2api-go/internal/register/store.go:329.25,331.3 1 1
github.com/auucoder/gptgrok2api-go/internal/register/store.go:332.2,333.33 2 1
github.com/auucoder/gptgrok2api-go/internal/register/store.go:333.33,334.36 1 1
github.com/auucoder/gptgrok2api-go/internal/register/store.go:334.36,335.12 1 0
github.com/auucoder/gptgrok2api-go/internal/register/store.go:337.3,337.15 1 1
github.com/auucoder/gptgrok2api-go/internal/register/store.go:337.15,339.4 1 1
github.com/auucoder/gptgrok2api-go/internal/register/store.go:339.9,341.4 1 0
github.com/auucoder/gptgrok2api-go/internal/register/store.go:342.3,344.10 3 1
github.com/auucoder/gptgrok2api-go/internal/register/store.go:346.2,346.15 1 1
github.com/auucoder/gptgrok2api-go/internal/register/store.go:346.15,348.3 1 1
github.com/auucoder/gptgrok2api-go/internal/register/store.go:349.2,349.19 1 1
github.com/auucoder/gptgrok2api-go/internal/register/store.go:354.83,358.16 4 1
github.com/auucoder/gptgrok2api-go/internal/register/store.go:358.16,360.3 1 0
github.com/auucoder/gptgrok2api-go/internal/register/store.go:361.2,361.33 1 1
github.com/auucoder/gptgrok2api-go/internal/register/store.go:361.33,362.55 1 1
github.com/auucoder/gptgrok2api-go/internal/register/store.go:362.55,363.12 1 0
github.com/auucoder/gptgrok2api-go/internal/register/store.go:365.3,366.19 2 1
github.com/auucoder/gptgrok2api-go/internal/register/store.go:366.19,368.4 1 1
github.com/auucoder/gptgrok2api-go/internal/register/store.go:369.3,373.51 5 1
github.com/auucoder/gptgrok2api-go/internal/register/store.go:373.51,375.4 1 0
github.com/auucoder/gptgrok2api-go/internal/register/store.go:376.3,380.52 5 1
github.com/auucoder/gptgrok2api-go/internal/register/store.go:382.2,382.19 1 0
github.com/auucoder/gptgrok2api-go/internal/register/store.go:387.113,391.16 4 0
github.com/auucoder/gptgrok2api-go/internal/register/store.go:391.16,393.3 1 0
github.com/auucoder/gptgrok2api-go/internal/register/store.go:394.2,394.33 1 0
github.com/auucoder/gptgrok2api-go/internal/register/store.go:394.33,395.55 1 0
github.com/auucoder/gptgrok2api-go/internal/register/store.go:395.55,396.12 1 0
github.com/auucoder/gptgrok2api-go/internal/register/store.go:398.3,398.21 1 0
github.com/auucoder/gptgrok2api-go/internal/register/store.go:398.21,400.4 1 0
github.com/auucoder/gptgrok2api-go/internal/register/store.go:401.3,401.19 1 0
github.com/auucoder/gptgrok2api-go/internal/register/store.go:401.19,403.4 1 0
github.com/auucoder/gptgrok2api-go/internal/register/store.go:404.3,404.38 1 0
github.com/auucoder/gptgrok2api-go/internal/register/store.go:404.38,406.4 1 0
github.com/auucoder/gptgrok2api-go/internal/register/store.go:407.3,407.41 1 0
github.com/auucoder/gptgrok2api-go/internal/register/store.go:407.41,409.28 2 0
github.com/auucoder/gptgrok2api-go/internal/register/store.go:409.28,411.5 1 0
github.com/auucoder/gptgrok2api-go/internal/register/store.go:412.4,412.42 1 0
github.com/auucoder/gptgrok2api-go/internal/register/store.go:413.9,415.4 1 0
github.com/auucoder/gptgrok2api-go/internal/register/store.go:416.3,418.52 3 0
github.com/auucoder/gptgrok2api-go/internal/register/store.go:420.2,420.19 1 0
github.com/auucoder/gptgrok2api-go/internal/register/store.go:423.51,427.16 4 1
github.com/auucoder/gptgrok2api-go/internal/register/store.go:427.16,429.3 1 0
github.com/auucoder/gptgrok2api-go/internal/register/store.go:430.2,431.25 2 1
github.com/auucoder/gptgrok2api-go/internal/register/store.go:431.25,433.3 1 1
github.com/auucoder/gptgrok2api-go/internal/register/store.go:434.2,436.29 3 1
github.com/auucoder/gptgrok2api-go/internal/register/store.go:436.29,437.35 1 1
github.com/auucoder/gptgrok2api-go/internal/register/store.go:437.35,439.12 2 1
github.com/auucoder/gptgrok2api-go/internal/register/store.go:441.3,441.28 1 0
github.com/auucoder/gptgrok2api-go/internal/register/store.go:443.2,443.17 1 1
github.com/auucoder/gptgrok2api-go/internal/register/store.go:443.17,445.3 1 1
github.com/auucoder/gptgrok2api-go/internal/register/store.go:446.2,446.21 1 1
github.com/auucoder/gptgrok2api-go/internal/register/store.go:449.72,453.16 4 1
github.com/auucoder/gptgrok2api-go/internal/register/store.go:453.16,455.3 1 0
github.com/auucoder/gptgrok2api-go/internal/register/store.go:456.2,456.19 1 1
github.com/auucoder/gptgrok2api-go/internal/register/store.go:456.19,458.3 1 1
github.com/auucoder/gptgrok2api-go/internal/register/store.go:459.2,460.25 2 0
github.com/auucoder/gptgrok2api-go/internal/register/store.go:460.25,462.3 1 0
github.com/auucoder/gptgrok2api-go/internal/register/store.go:463.2,464.29 2 0
github.com/auucoder/gptgrok2api-go/internal/register/store.go:464.29,465.35 1 0
github.com/auucoder/gptgrok2api-go/internal/register/store.go:465.35,467.4 1 0
github.com/auucoder/gptgrok2api-go/internal/register/store.go:469.2,469.20 1 0
github.com/auucoder/gptgrok2api-go/internal/register/store.go:472.64,474.24 2 1
github.com/auucoder/gptgrok2api-go/internal/register/store.go:474.24,476.3 1 0
github.com/auucoder/gptgrok2api-go/internal/register/store.go:477.2,477.16 1 1
github.com/auucoder/gptgrok2api-go/internal/register/store.go:477.16,479.3 1 0
github.com/auucoder/gptgrok2api-go/internal/register/store.go:480.2,481.18 2 1
github.com/auucoder/gptgrok2api-go/internal/register/store.go:481.18,482.53 1 1
github.com/auucoder/gptgrok2api-go/internal/register/store.go:482.53,484.4 1 0
github.com/auucoder/gptgrok2api-go/internal/register/store.go:486.2,486.46 1 1
github.com/auucoder/gptgrok2api-go/internal/register/store.go:486.46,488.3 1 0
github.com/auucoder/gptgrok2api-go/internal/register/store.go:489.2,490.9 2 1
github.com/auucoder/gptgrok2api-go/internal/register/store.go:490.9,492.3 1 0
github.com/auucoder/gptgrok2api-go/internal/register/store.go:493.2,494.28 2 1
github.com/auucoder/gptgrok2api-go/internal/register/store.go:494.28,495.46 1 1
github.com/auucoder/gptgrok2api-go/internal/register/store.go:495.46,497.4 1 1
github.com/auucoder/gptgrok2api-go/internal/register/store.go:499.2,499.20 1 1
github.com/auucoder/gptgrok2api-go/internal/register/store.go:502.44,505.16 3 1
github.com/auucoder/gptgrok2api-go/internal/register/store.go:505.16,507.42 2 0
github.com/auucoder/gptgrok2api-go/internal/register/store.go:507.42,508.34 1 0
github.com/auucoder/gptgrok2api-go/internal/register/store.go:508.34,510.5 1 0
github.com/auucoder/gptgrok2api-go/internal/register/store.go:513.2,513.14 1 1
github.com/auucoder/gptgrok2api-go/internal/register/store.go:516.37,535.2 1 1
github.com/auucoder/gptgrok2api-go/internal/register/store.go:537.59,540.27 3 0
github.com/auucoder/gptgrok2api-go/internal/register/store.go:540.27,541.46 1 0
github.com/auucoder/gptgrok2api-go/internal/register/store.go:541.46,543.4 1 0
github.com/auucoder/gptgrok2api-go/internal/register/store.go:545.2,545.15 1 0
github.com/auucoder/gptgrok2api-go/internal/register/store.go:548.59,550.18 2 0
github.com/auucoder/gptgrok2api-go/internal/register/store.go:550.18,552.3 1 0
github.com/auucoder/gptgrok2api-go/internal/register/store.go:553.2,553.24 1 0
github.com/auucoder/gptgrok2api-go/internal/register/store.go:556.47,557.35 1 0
github.com/auucoder/gptgrok2api-go/internal/register/store.go:557.35,559.3 1 0
github.com/auucoder/gptgrok2api-go/internal/register/store.go:560.2,560.17 1 0
github.com/auucoder/gptgrok2api-go/internal/register/store.go:563.49,565.31 2 0
github.com/auucoder/gptgrok2api-go/internal/register/store.go:566.15,567.22 1 0
github.com/auucoder/gptgrok2api-go/internal/register/store.go:568.11,569.17 1 0
github.com/auucoder/gptgrok2api-go/internal/register/store.go:570.14,571.61 1 0
github.com/auucoder/gptgrok2api-go/internal/register/store.go:573.2,573.16 1 0
github.com/auucoder/gptgrok2api-go/internal/register/store.go:573.16,575.3 1 0
github.com/auucoder/gptgrok2api-go/internal/register/store.go:576.2,576.15 1 0
github.com/auucoder/gptgrok2api-go/internal/register/store.go:579.30,580.31 1 0
github.com/auucoder/gptgrok2api-go/internal/register/store.go:581.11,582.15 1 0
github.com/auucoder/gptgrok2api-go/internal/register/store.go:583.13,584.20 1 0
github.com/auucoder/gptgrok2api-go/internal/register/store.go:585.15,586.20 1 0
github.com/auucoder/gptgrok2api-go/internal/register/store.go:587.14,590.16 3 0
github.com/auucoder/gptgrok2api-go/internal/register/store.go:591.10,592.11 1 0
github.com/auucoder/gptgrok2api-go/internal/register/store.go:596.43,598.31 2 0
github.com/auucoder/gptgrok2api-go/internal/register/store.go:598.31,599.53 1 0
github.com/auucoder/gptgrok2api-go/internal/register/store.go:599.53,601.4 1 0
github.com/auucoder/gptgrok2api-go/internal/register/store.go:603.2,603.15 1 0
github.com/auucoder/gptgrok2api-go/internal/register/store.go:606.56,614.54 8 1
github.com/auucoder/gptgrok2api-go/internal/register/store.go:614.54,616.3 1 1
github.com/auucoder/gptgrok2api-go/internal/register/store.go:617.2,617.15 1 1
github.com/auucoder/gptgrok2api-go/internal/register/store.go:620.37,622.21 2 1
github.com/auucoder/gptgrok2api-go/internal/register/store.go:622.21,624.3 1 0
github.com/auucoder/gptgrok2api-go/internal/register/store.go:625.2,626.21 2 1
github.com/auucoder/gptgrok2api-go/internal/register/store.go:626.21,628.3 1 0
github.com/auucoder/gptgrok2api-go/internal/register/store.go:629.2,629.66 1 1
github.com/auucoder/gptgrok2api-go/internal/register/store.go:632.52,634.32 2 1
github.com/auucoder/gptgrok2api-go/internal/register/store.go:634.32,636.3 1 1
github.com/auucoder/gptgrok2api-go/internal/register/store.go:637.2,637.15 1 1
github.com/auucoder/gptgrok2api-go/internal/register/store.go:640.36,641.18 1 1
github.com/auucoder/gptgrok2api-go/internal/register/store.go:641.18,643.3 1 0
github.com/auucoder/gptgrok2api-go/internal/register/store.go:644.2,644.45 1 1
github.com/auucoder/gptgrok2api-go/internal/register/store.go:647.50,648.35 1 1
github.com/auucoder/gptgrok2api-go/internal/register/store.go:648.35,650.3 1 0
github.com/auucoder/gptgrok2api-go/internal/register/store.go:651.2,651.63 1 1
github.com/auucoder/gptgrok2api-go/internal/register/store.go:651.63,653.3 1 0
github.com/auucoder/gptgrok2api-go/internal/register/store.go:654.2,655.16 2 1
github.com/auucoder/gptgrok2api-go/internal/register/store.go:655.16,657.3 1 0
github.com/auucoder/gptgrok2api-go/internal/register/store.go:658.2,659.16 2 1
github.com/auucoder/gptgrok2api-go/internal/register/store.go:659.16,661.3 1 0
github.com/auucoder/gptgrok2api-go/internal/register/store.go:662.2,664.41 3 1
github.com/auucoder/gptgrok2api-go/internal/register/store.go:664.41,667.3 2 0
github.com/auucoder/gptgrok2api-go/internal/register/store.go:668.2,668.56 1 1
github.com/auucoder/gptgrok2api-go/internal/register/store.go:668.56,671.3 2 0
github.com/auucoder/gptgrok2api-go/internal/register/store.go:672.2,672.35 1 1
github.com/auucoder/gptgrok2api-go/internal/register/store.go:672.35,675.3 2 0
github.com/auucoder/gptgrok2api-go/internal/register/store.go:676.2,676.36 1 1
github.com/auucoder/gptgrok2api-go/internal/register/store.go:676.36,678.3 1 0
github.com/auucoder/gptgrok2api-go/internal/register/store.go:679.2,679.30 1 1
github.com/auucoder/gptgrok2api-go/internal/register/store.go:682.21,684.42 2 0
github.com/auucoder/gptgrok2api-go/internal/register/store.go:684.42,686.3 1 0
github.com/auucoder/gptgrok2api-go/internal/register/store.go:687.2,687.46 1 0
github.com/auucoder/gptgrok2api-go/internal/tasks/queue.go:46.30,50.2 3 1
github.com/auucoder/gptgrok2api-go/internal/tasks/queue.go:52.84,57.2 4 1
github.com/auucoder/gptgrok2api-go/internal/tasks/queue.go:59.36,60.17 1 1
github.com/auucoder/gptgrok2api-go/internal/tasks/queue.go:60.17,62.3 1 0
github.com/auucoder/gptgrok2api-go/internal/tasks/queue.go:63.2,63.43 1 1
github.com/auucoder/gptgrok2api-go/internal/tasks/queue.go:63.43,65.3 1 1
github.com/auucoder/gptgrok2api-go/internal/tasks/queue.go:66.2,66.12 1 1
github.com/auucoder/gptgrok2api-go/internal/tasks/queue.go:70.24,73.15 3 0
github.com/auucoder/gptgrok2api-go/internal/tasks/queue.go:73.15,75.3 1 0
github.com/auucoder/gptgrok2api-go/internal/tasks/queue.go:76.2,77.15 2 0
github.com/auucoder/gptgrok2api-go/internal/tasks/queue.go:80.67,97.2 9 1
github.com/auucoder/gptgrok2api-go/internal/tasks/queue.go:99.45,103.9 4 1
github.com/auucoder/gptgrok2api-go/internal/tasks/queue.go:103.9,105.3 1 0
github.com/auucoder/gptgrok2api-go/internal/tasks/queue.go:106.2,106.27 1 1
github.com/auucoder/gptgrok2api-go/internal/tasks/queue.go:109.40,113.9 4 1
github.com/auucoder/gptgrok2api-go/internal/tasks/queue.go:113.9,115.3 1 0
github.com/auucoder/gptgrok2api-go/internal/tasks/queue.go:116.2,116.59 1 1
github.com/auucoder/gptgrok2api-go/internal/tasks/queue.go:116.59,118.3 1 0
github.com/auucoder/gptgrok2api-go/internal/tasks/queue.go:119.2,122.13 4 1
github.com/auucoder/gptgrok2api-go/internal/tasks/queue.go:125.31,129.31 4 0
github.com/auucoder/gptgrok2api-go/internal/tasks/queue.go:129.31,131.3 1 0
github.com/auucoder/gptgrok2api-go/internal/tasks/queue.go:132.2,132.15 1 0
github.com/auucoder/gptgrok2api-go/internal/tasks/queue.go:135.26,136.6 1 1
github.com/auucoder/gptgrok2api-go/internal/tasks/queue.go:136.6,139.32 3 1
github.com/auucoder/gptgrok2api-go/internal/tasks/queue.go:139.32,140.31 1 1
github.com/auucoder/gptgrok2api-go/internal/tasks/queue.go:140.31,141.63 1 1
github.com/auucoder/gptgrok2api-go/internal/tasks/queue.go:141.63,143.6 1 1
github.com/auucoder/gptgrok2api-go/internal/tasks/queue.go:146.3,147.22 2 1
github.com/auucoder/gptgrok2api-go/internal/tasks/queue.go:147.22,152.4 4 1
github.com/auucoder/gptgrok2api-go/internal/tasks/queue.go:153.3,153.50 1 1
github.com/auucoder/gptgrok2api-go/internal/tasks/queue.go:153.50,153.95 1 0
github.com/auucoder/gptgrok2api-go/internal/tasks/queue.go:154.3,154.17 1 1
github.com/auucoder/gptgrok2api-go/internal/tasks/queue.go:154.17,155.47 1 1
github.com/auucoder/gptgrok2api-go/internal/tasks/queue.go:155.47,157.5 1 1
github.com/auucoder/gptgrok2api-go/internal/tasks/queue.go:159.3,160.17 2 1
github.com/auucoder/gptgrok2api-go/internal/tasks/queue.go:160.17,161.11 1 1
github.com/auucoder/gptgrok2api-go/internal/tasks/queue.go:162.18,163.11 1 0
github.com/auucoder/gptgrok2api-go/internal/tasks/queue.go:164.18,164.18 0 1
github.com/auucoder/gptgrok2api-go/internal/tasks/queue.go:166.4,166.12 1 1
github.com/auucoder/gptgrok2api-go/internal/tasks/queue.go:169.3,171.72 3 1
github.com/auucoder/gptgrok2api-go/internal/tasks/queue.go:171.72,173.18 2 1
github.com/auucoder/gptgrok2api-go/internal/tasks/queue.go:173.18,176.5 2 1
github.com/auucoder/gptgrok2api-go/internal/tasks/queue.go:176.10,180.5 3 1
github.com/auucoder/gptgrok2api-go/internal/tasks/queue.go:181.4,181.22 1 1
github.com/auucoder/gptgrok2api-go/internal/tasks/queue.go:183.3,183.16 1 1
github.com/auucoder/gptgrok2api-go/internal/tasks/queue.go:187.26,188.9 1 1
github.com/auucoder/gptgrok2api-go/internal/tasks/queue.go:189.28,189.28 0 1
github.com/auucoder/gptgrok2api-go/internal/tasks/queue.go:190.10,190.10 0 1
github.com/auucoder/gptgrok2api-go/internal/tasks/queue.go:193.30,195.24 2 1
github.com/auucoder/gptgrok2api-go/internal/tasks/queue.go:195.24,197.3 1 1
github.com/auucoder/gptgrok2api-go/internal/tasks/queue.go:198.2,198.16 1 1
github.com/auucoder/gptgrok2api-go/internal/tasks/queue.go:198.16,200.3 1 0
github.com/auucoder/gptgrok2api-go/internal/tasks/queue.go:201.2,202.40 2 1
github.com/auucoder/gptgrok2api-go/internal/tasks/queue.go:202.40,204.3 1 0
github.com/auucoder/gptgrok2api-go/internal/tasks/queue.go:205.2,205.29 1 1
github.com/auucoder/gptgrok2api-go/internal/tasks/queue.go:205.29,206.31 1 1
github.com/auucoder/gptgrok2api-go/internal/tasks/queue.go:206.31,208.4 1 0
github.com/auucoder/gptgrok2api-go/internal/tasks/queue.go:209.3,209.34 1 1
github.com/auucoder/gptgrok2api-go/internal/tasks/queue.go:211.2,211.12 1 1
github.com/auucoder/gptgrok2api-go/internal/tasks/queue.go:213.36,215.31 2 1
github.com/auucoder/gptgrok2api-go/internal/tasks/queue.go:215.31,217.3 1 1
github.com/auucoder/gptgrok2api-go/internal/tasks/queue.go:218.2,219.16 2 1
github.com/auucoder/gptgrok2api-go/internal/tasks/queue.go:219.16,221.3 1 0
github.com/auucoder/gptgrok2api-go/internal/tasks/queue.go:222.2,222.65 1 1
github.com/auucoder/gptgrok2api-go/internal/tasks/queue.go:222.65,224.3 1 0
github.com/auucoder/gptgrok2api-go/internal/tasks/queue.go:225.2,226.16 2 1
github.com/auucoder/gptgrok2api-go/internal/tasks/queue.go:226.16,228.3 1 0
github.com/auucoder/gptgrok2api-go/internal/tasks/queue.go:229.2,232.41 4 1
github.com/auucoder/gptgrok2api-go/internal/tasks/queue.go:232.41,234.3 1 1
github.com/auucoder/gptgrok2api-go/internal/tasks/queue.go:235.2,235.16 1 1
github.com/auucoder/gptgrok2api-go/internal/tasks/queue.go:235.16,237.3 1 0
github.com/auucoder/gptgrok2api-go/internal/tasks/queue.go:238.2,238.32 1 1
github.com/auucoder/gptgrok2api-go/internal/tasks/queue.go:240.30,242.25 2 1
github.com/auucoder/gptgrok2api-go/internal/tasks/queue.go:242.25,244.40 2 1
github.com/auucoder/gptgrok2api-go/internal/tasks/queue.go:244.40,246.4 1 1
github.com/auucoder/gptgrok2api-go/internal/tasks/queue.go:248.2,248.24 1 1
github.com/auucoder/gptgrok2api-go/internal/tasks/queue.go:248.24,250.39 2 1
github.com/auucoder/gptgrok2api-go/internal/tasks/queue.go:250.39,252.4 1 1
github.com/auucoder/gptgrok2api-go/internal/tasks/queue.go:254.2,254.14 1 1
github.com/auucoder/gptgrok2api-go/internal/tasks/queue.go:256.22,258.42 2 1
github.com/auucoder/gptgrok2api-go/internal/tasks/queue.go:258.42,260.3 1 0
github.com/auucoder/gptgrok2api-go/internal/tasks/queue.go:261.2,261.60 1 1
github.com/auucoder/gptgrok2api-go/internal/tasks/redis.go:31.79,32.35 1 1
github.com/auucoder/gptgrok2api-go/internal/tasks/redis.go:32.35,34.3 1 0
github.com/auucoder/gptgrok2api-go/internal/tasks/redis.go:35.2,35.18 1 1
github.com/auucoder/gptgrok2api-go/internal/tasks/redis.go:35.18,37.3 1 0
github.com/auucoder/gptgrok2api-go/internal/tasks/redis.go:38.2,38.37 1 1
github.com/auucoder/gptgrok2api-go/internal/tasks/redis.go:38.37,40.3 1 0
github.com/auucoder/gptgrok2api-go/internal/tasks/redis.go:41.2,41.175 1 1
github.com/auucoder/gptgrok2api-go/internal/tasks/redis.go:53.52,55.2 1 1
github.com/auucoder/gptgrok2api-go/internal/tasks/redis.go:58.55,60.2 1 1
github.com/auucoder/gptgrok2api-go/internal/tasks/redis.go:62.35,67.2 4 1
github.com/auucoder/gptgrok2api-go/internal/tasks/redis.go:69.89,73.2 3 1
github.com/auucoder/gptgrok2api-go/internal/tasks/redis.go:75.41,76.17 1 1
github.com/auucoder/gptgrok2api-go/internal/tasks/redis.go:76.17,78.3 1 0
github.com/auucoder/gptgrok2api-go/internal/tasks/redis.go:79.2,80.31 2 1
github.com/auucoder/gptgrok2api-go/internal/tasks/redis.go:80.31,82.3 1 1
github.com/auucoder/gptgrok2api-go/internal/tasks/redis.go:86.29,89.9 3 0
github.com/auucoder/gptgrok2api-go/internal/tasks/redis.go:90.16,90.16 0 0
github.com/auucoder/gptgrok2api-go/internal/tasks/redis.go:91.10,92.16 1 0
github.com/auucoder/gptgrok2api-go/internal/tasks/redis.go:99.39,103.16 4 1
github.com/auucoder/gptgrok2api-go/internal/tasks/redis.go:103.16,105.3 1 0
github.com/auucoder/gptgrok2api-go/internal/tasks/redis.go:106.2,107.9 2 1
github.com/auucoder/gptgrok2api-go/internal/tasks/redis.go:107.9,109.3 1 0
github.com/auucoder/gptgrok2api-go/internal/tasks/redis.go:110.2,110.30 1 1
github.com/auucoder/gptgrok2api-go/internal/tasks/redis.go:110.30,112.15 2 1
github.com/auucoder/gptgrok2api-go/internal/tasks/redis.go:112.15,113.12 1 0
github.com/auucoder/gptgrok2api-go/internal/tasks/redis.go:115.3,116.38 2 1
github.com/auucoder/gptgrok2api-go/internal/tasks/redis.go:116.38,117.12 1 0
github.com/auucoder/gptgrok2api-go/internal/tasks/redis.go:119.3,121.39 3 1
github.com/auucoder/gptgrok2api-go/internal/tasks/redis.go:121.39,123.4 1 0
github.com/auucoder/gptgrok2api-go/internal/tasks/redis.go:127.72,130.37 3 1
github.com/auucoder/gptgrok2api-go/internal/tasks/redis.go:130.37,132.3 1 0
github.com/auucoder/gptgrok2api-go/internal/tasks/redis.go:133.2,133.20 1 1
github.com/auucoder/gptgrok2api-go/internal/tasks/redis.go:136.50,140.30 4 1
github.com/auucoder/gptgrok2api-go/internal/tasks/redis.go:140.30,142.3 1 0
github.com/auucoder/gptgrok2api-go/internal/tasks/redis.go:143.2,144.49 2 1
github.com/auucoder/gptgrok2api-go/internal/tasks/redis.go:144.49,146.3 1 0
github.com/auucoder/gptgrok2api-go/internal/tasks/redis.go:147.2,147.28 1 1
github.com/auucoder/gptgrok2api-go/internal/tasks/redis.go:150.45,152.96 2 0
github.com/auucoder/gptgrok2api-go/internal/tasks/redis.go:152.96,154.3 1 0
github.com/auucoder/gptgrok2api-go/internal/tasks/redis.go:155.2,157.29 3 0
github.com/auucoder/gptgrok2api-go/internal/tasks/redis.go:160.36,164.16 4 0
github.com/auucoder/gptgrok2api-go/internal/tasks/redis.go:164.16,166.3 1 0
github.com/auucoder/gptgrok2api-go/internal/tasks/redis.go:167.2,169.30 3 0
github.com/auucoder/gptgrok2api-go/internal/tasks/redis.go:169.30,170.58 1 0
github.com/auucoder/gptgrok2api-go/internal/tasks/redis.go:170.58,172.4 1 0
github.com/auucoder/gptgrok2api-go/internal/tasks/redis.go:174.2,174.15 1 0
github.com/auucoder/gptgrok2api-go/internal/tasks/redis.go:177.31,178.6 1 1
github.com/auucoder/gptgrok2api-go/internal/tasks/redis.go:178.6,179.10 1 1
github.com/auucoder/gptgrok2api-go/internal/tasks/redis.go:180.17,181.10 1 0
github.com/auucoder/gptgrok2api-go/internal/tasks/redis.go:182.11,182.11 0 1
github.com/auucoder/gptgrok2api-go/internal/tasks/redis.go:185.3,188.17 4 1
github.com/auucoder/gptgrok2api-go/internal/tasks/redis.go:188.17,189.11 1 0
github.com/auucoder/gptgrok2api-go/internal/tasks/redis.go:190.18,191.11 1 0
github.com/auucoder/gptgrok2api-go/internal/tasks/redis.go:192.12,194.13 2 0
github.com/auucoder/gptgrok2api-go/internal/tasks/redis.go:197.3,198.29 2 1
github.com/auucoder/gptgrok2api-go/internal/tasks/redis.go:198.29,199.12 1 0
github.com/auucoder/gptgrok2api-go/internal/tasks/redis.go:201.3,203.37 3 1
github.com/auucoder/gptgrok2api-go/internal/tasks/redis.go:203.37,204.12 1 0
github.com/auucoder/gptgrok2api-go/internal/tasks/redis.go:206.3,208.39 3 1
github.com/auucoder/gptgrok2api-go/internal/tasks/redis.go:208.39,210.12 2 0
github.com/auucoder/gptgrok2api-go/internal/tasks/redis.go:212.3,217.21 6 1
github.com/auucoder/gptgrok2api-go/internal/tasks/redis.go:217.21,219.4 1 0
github.com/auucoder/gptgrok2api-go/internal/tasks/redis.go:219.9,221.4 1 1
github.com/auucoder/gptgrok2api-go/internal/tasks/redis.go:222.3,223.47 2 1
github.com/auucoder/gptgrok2api-go/internal/tasks/redis.go:223.47,224.12 1 0
github.com/auucoder/gptgrok2api-go/internal/tasks/redis.go:226.3,227.24 2 1
github.com/auucoder/gptgrok2api-go/internal/tasks/redis.go:227.24,230.4 2 0
github.com/auucoder/gptgrok2api-go/internal/tasks/redis.go:230.9,234.4 3 1
github.com/auucoder/gptgrok2api-go/internal/tasks/redis.go:235.3,235.42 1 1
github.com/auucoder/gptgrok2api-go/internal/tasks/redis.go:235.42,237.4 1 0
github.com/auucoder/gptgrok2api-go/internal/tasks/redis.go:243.45,245.16 2 1
github.com/auucoder/gptgrok2api-go/internal/tasks/redis.go:245.16,247.3 1 0
github.com/auucoder/gptgrok2api-go/internal/tasks/redis.go:248.2,250.98 3 1
github.com/auucoder/gptgrok2api-go/internal/tasks/redis.go:250.98,252.3 1 0
github.com/auucoder/gptgrok2api-go/internal/tasks/redis.go:253.2,256.29 4 1
github.com/auucoder/gptgrok2api-go/internal/tasks/redis.go:256.29,260.3 3 1
github.com/auucoder/gptgrok2api-go/internal/tasks/redis.go:261.2,261.12 1 1
github.com/auucoder/gptgrok2api-go/internal/tasks/redis.go:264.48,264.83 1 1
github.com/auucoder/gptgrok2api-go/internal/tasks/redis.go:265.48,265.84 1 1
github.com/auucoder/gptgrok2api-go/internal/tasks/redis.go:266.48,266.84 1 1
github.com/auucoder/gptgrok2api-go/internal/tasks/redis.go:268.80,270.16 2 1
github.com/auucoder/gptgrok2api-go/internal/tasks/redis.go:270.16,272.3 1 0
github.com/auucoder/gptgrok2api-go/internal/tasks/redis.go:273.2,274.40 2 1
github.com/auucoder/gptgrok2api-go/internal/tasks/redis.go:274.40,276.3 1 1
github.com/auucoder/gptgrok2api-go/internal/tasks/redis.go:277.2,277.22 1 1
github.com/auucoder/gptgrok2api-go/internal/tasks/redis.go:277.22,278.87 1 0
github.com/auucoder/gptgrok2api-go/internal/tasks/redis.go:278.87,280.4 1 0
github.com/auucoder/gptgrok2api-go/internal/tasks/redis.go:282.2,282.21 1 1
github.com/auucoder/gptgrok2api-go/internal/tasks/redis.go:282.21,283.95 1 0
github.com/auucoder/gptgrok2api-go/internal/tasks/redis.go:283.95,285.4 1 0
github.com/auucoder/gptgrok2api-go/internal/tasks/redis.go:287.2,287.35 1 1
github.com/auucoder/gptgrok2api-go/internal/tasks/redis.go:290.64,293.27 3 1
github.com/auucoder/gptgrok2api-go/internal/tasks/redis.go:293.27,295.3 1 1
github.com/auucoder/gptgrok2api-go/internal/tasks/redis.go:296.2,296.66 1 1
github.com/auucoder/gptgrok2api-go/internal/tasks/redis.go:296.66,298.3 1 0
github.com/auucoder/gptgrok2api-go/internal/tasks/redis.go:299.2,299.40 1 1
github.com/auucoder/gptgrok2api-go/internal/tasks/redis.go:302.50,304.16 2 1
github.com/auucoder/gptgrok2api-go/internal/tasks/redis.go:304.16,306.3 1 1
github.com/auucoder/gptgrok2api-go/internal/tasks/redis.go:307.2,308.16 2 1
github.com/auucoder/gptgrok2api-go/internal/tasks/redis.go:308.16,310.3 1 0
github.com/auucoder/gptgrok2api-go/internal/tasks/redis.go:311.2,312.16 2 1
github.com/auucoder/gptgrok2api-go/internal/tasks/redis.go:313.11,314.19 1 1
github.com/auucoder/gptgrok2api-go/internal/tasks/redis.go:315.11,316.31 1 0
github.com/auucoder/gptgrok2api-go/internal/tasks/redis.go:317.11,319.20 2 1
github.com/auucoder/gptgrok2api-go/internal/tasks/redis.go:320.11,322.17 2 1
github.com/auucoder/gptgrok2api-go/internal/tasks/redis.go:322.17,324.4 1 0
github.com/auucoder/gptgrok2api-go/internal/tasks/redis.go:325.3,326.54 2 1
github.com/auucoder/gptgrok2api-go/internal/tasks/redis.go:326.54,328.4 1 0
github.com/auucoder/gptgrok2api-go/internal/tasks/redis.go:329.3,329.28 1 1
github.com/auucoder/gptgrok2api-go/internal/tasks/redis.go:330.11,332.17 2 1
github.com/auucoder/gptgrok2api-go/internal/tasks/redis.go:332.17,334.4 1 0
github.com/auucoder/gptgrok2api-go/internal/tasks/redis.go:335.3,336.24 2 1
github.com/auucoder/gptgrok2api-go/internal/tasks/redis.go:336.24,338.18 2 1
github.com/auucoder/gptgrok2api-go/internal/tasks/redis.go:338.18,340.5 1 0
github.com/auucoder/gptgrok2api-go/internal/tasks/redis.go:342.3,342.20 1 1
github.com/auucoder/gptgrok2api-go/internal/tasks/redis.go:343.10,344.67 1 0
github.com/auucoder/gptgrok2api-go/internal/tasks/redis.go:348.33,349.31 1 1
github.com/auucoder/gptgrok2api-go/internal/tasks/redis.go:350.14,351.15 1 1
github.com/auucoder/gptgrok2api-go/internal/tasks/redis.go:352.14,353.23 1 0
github.com/auucoder/gptgrok2api-go/internal/tasks/redis.go:354.10,355.35 1 0
github.com/auucoder/gptgrok2api-go/internal/tasks/redis.go:359.36,359.89 1 1
